customerID,gender,SeniorCitizen,Partner,Dependents,tenure,PhoneService,MultipleLines,InternetService,OnlineSecurity,OnlineBackup,DeviceProtection,TechSupport,StreamingTV,StreamingMovies,Contract,PaperlessBilling,PaymentMethod,MonthlyCharges,TotalCharges,Churn
1803-URLLW,Male,0,No,No,72,Yes,Yes,No,No internet service,No internet service,No internet service,No internet service,No internet service,No internet service,One year,Yes,Electronic check,39.44,2867.97,No
1773-SECNZ,Male,0,No,No,45,Yes,Yes,DSL,No,Yes,No,No,No,No,Month-to-month,Yes,Bank transfer (automatic),74.94,3376.48,No
7621-UTUND,Male,0,Yes,No,52,Yes,No,No,No internet service,No internet service,No internet service,No internet service,No internet service,No internet service,Month-to-month,Yes,Bank transfer (automatic),40.59,2101.26,No
8556-LNJEY,Female,1,No,Yes,72,No,No phone service,Fiber optic,No,No,No,No,No,No,Month-to-month,No,Mailed check,73.41,5282.54,No
8033-RKVPL,Male,0,Yes,Yes,24,Yes,No,Fiber optic,Yes,Yes,No,Yes,No,Yes,Month-to-month,Yes,Electronic check,115.73,2771.16,Yes
5053-FCPXB,Male,1,Yes,No,47,Yes,Yes,No,No internet service,No internet service,No internet service,No internet service,No internet service,No internet service,One year,Yes,Electronic check,37.27,1755.87,No
8723-VGRDU,Female,0,Yes,Yes,47,Yes,No,Fiber optic,No,No,No,Yes,No,No,Month-to-month,No,Mailed check,95.56,4486.47,No
7304-JBZLX,Male,0,No,No,66,Yes,Yes,No,No internet service,No internet service,No internet service,No internet service,No internet service,No internet service,One year,Yes,Credit card (automatic),33.25,2216.8,No
7100-UUEJM,Male,0,Yes,No,51,Yes,Yes,DSL,No,No,Yes,Yes,No,Yes,Month-to-month,Yes,Mailed check,79.31,4051.39,No
5479-BPDTS,Female,0,Yes,Yes,19,Yes,Yes,Fiber optic,No,Yes,No,No,No,No,Month-to-month,No,Credit card (automatic),95.51,1809.79,Yes
9301-TJZKH,Female,0,Yes,Yes,64,Yes,No,Fiber optic,No,Yes,No,No,No,No,Two year,No,Credit card (automatic),95.85,6122.37,No
9148-JBMVE,Female,0,Yes,No,59,Yes,Yes,Fiber optic,No,No,Yes,No,No,Yes,Month-to-month,Yes,Electronic check,100.12,5887.95,No
5166-DSMHF,Female,0,No,No,10,Yes,No,Fiber optic,No,Yes,Yes,No,Yes,No,Month-to-month,No,Credit card (automatic),107.41,1082.23,Yes
6079-SYLDV,Female,0,Yes,Yes,53,Yes,No,Fiber optic,Yes,No,No,Yes,Yes,Yes,One year,Yes,Bank transfer (automatic),115.2,6105.28,No
6667-SCHUV,Female,0,Yes,No,19,No,No phone service,No,No internet service,No internet service,No internet service,No internet service,No internet service,No internet service,One year,No,Electronic check,18.74,378.27,No
4916-VWKXG,Male,0,Yes,No,19,Yes,Yes,DSL,Yes,Yes,No,No,Yes,No,Month-to-month,Yes,Bank transfer (automatic),85.97,1613.02,Yes
3155-SRDVE,Male,0,Yes,No,29,No,No phone service,Fiber optic,Yes,No,No,No,Yes,Yes,Two year,No,Mailed check,87.11,2547.83,No
8243-AVUUR,Female,0,No,No,22,Yes,No,Fiber optic,No,Yes,Yes,Yes,Yes,Yes,Month-to-month,No,Electronic check,118.75,2625.15,Yes
5243-SGUPM,Female,0,No,No,59,Yes,Yes,Fiber optic,No,No,Yes,No,No,No,Two year,Yes,Electronic check,86.06,5066.88,No
5549-PADFC,Male,0,Yes,No,14,Yes,No,Fiber optic,No,No,No,No,No,Yes,Month-to-month,No,Bank transfer (automatic),100.14,1411.19,No
4956-SRMWP,Male,1,Yes,No,65,Yes,No,DSL,No,No,Yes,No,No,No,Month-to-month,Yes,Electronic check,65.84,4289.39,No
1712-UPRPP,Female,0,Yes,No,4,Yes,No,DSL,No,Yes,No,No,No,No,Month-to-month,Yes,Credit card (automatic),63.59,270.16,No
1815-PVHQA,Male,1,No,No,20,Yes,No,DSL,No,No,Yes,No,No,Yes,One year,Yes,Credit card (automatic),72.22,1482.26,Yes
4127-LZFGK,Male,0,Yes,No,33,Yes,No,Fiber optic,No,No,No,No,Yes,No,Month-to-month,Yes,Mailed check,93.75,3107.9,No
9932-WAFVB,Female,0,No,No,36,Yes,No,Fiber optic,Yes,No,No,No,Yes,No,One year,Yes,Bank transfer (automatic),98.7,3561.98,No
8700-GYHLR,Female,0,No,No,64,Yes,Yes,Fiber optic,No,No,No,No,No,No,One year,Yes,Credit card (automatic),90.79,5816.47,No
2136-PNUZR,Male,0,Yes,Yes,44,Yes,Yes,DSL,No,No,Yes,Yes,No,No,Month-to-month,Yes,Electronic check,84.48,3733.97,No
4682-KLVHE,Female,0,Yes,Yes,38,Yes,No,DSL,No,Yes,No,No,No,Yes,One year,Yes,Credit card (automatic),79.0,2999.46,No
4008-ACCUT,Female,1,No,No,12,Yes,No,Fiber optic,Yes,No,No,Yes,Yes,Yes,One year,Yes,Mailed check,118.27,1429.7,No
7270-MTDXN,Male,0,Yes,Yes,3,Yes,No,DSL,No,No,Yes,No,Yes,No,Two year,No,Credit card (automatic),74.87,227.72,No
9441-DMSML,Female,0,No,No,57,No,No phone service,DSL,No,Yes,No,Yes,No,Yes,Month-to-month,No,Electronic check,66.53,3791.23,No
2495-KFHSR,Female,0,No,No,42,Yes,No,DSL,No,Yes,No,No,Yes,No,Month-to-month,No,Bank transfer (automatic),72.19,3027.0,No
6464-JZCJC,Male,0,Yes,No,34,No,No phone service,DSL,Yes,No,Yes,No,Yes,Yes,Two year,No,Credit card (automatic),67.04,2270.38,No
4050-ZJXMS,Male,0,No,No,36,Yes,No,No,No internet service,No internet service,No internet service,No internet service,No internet service,No internet service,Month-to-month,No,Bank transfer (automatic),42.22,1524.22,No
5116-GUZGU,Female,0,Yes,No,65,Yes,Yes,DSL,No,No,Yes,Yes,No,No,One year,No,Electronic check,75.68,4922.29,No
3349-TULTG,Male,0,Yes,Yes,33,Yes,No,DSL,Yes,No,No,No,Yes,No,Month-to-month,Yes,Electronic check,82.17,2709.93,No
1713-CLXDL,Female,0,No,No,40,Yes,No,DSL,Yes,No,Yes,No,No,No,Two year,No,Bank transfer (automatic),82.92,3318.69,No
7335-ETHVP,Male,1,No,No,37,Yes,No,No,No internet service,No internet service,No internet service,No internet service,No internet service,No internet service,One year,Yes,Electronic check,37.72,1403.06,No
5921-EMWAU,Female,0,Yes,No,60,Yes,No,No,No internet service,No internet service,No internet service,No internet service,No internet service,No internet service,Two year,No,Credit card (automatic),39.7,2368.59,No
5434-TRLHR,Female,0,No,No,16,No,No phone service,Fiber optic,No,No,No,No,Yes,Yes,One year,No,Mailed check,74.44,1200.78,No
2261-QCRRC,Male,0,Yes,No,3,Yes,No,Fiber optic,Yes,Yes,No,No,Yes,Yes,Month-to-month,No,Mailed check,116.99,351.37,No
7816-KUAEM,Male,0,No,No,69,Yes,No,No,No internet service,No internet service,No internet service,No internet service,No internet service,No internet service,Month-to-month,Yes,Electronic check,33.68,2346.19,No
2693-HRDSC,Female,0,Yes,No,32,Yes,Yes,DSL,Yes,Yes,No,No,No,Yes,Two year,No,Electronic check,83.11,2649.89,No
2576-QVEHY,Female,0,Yes,No,42,Yes,No,Fiber optic,No,No,No,No,No,No,One year,No,Credit card (automatic),91.54,3850.48,No
9906-PLJQQ,Male,0,No,No,30,No,No phone service,DSL,Yes,No,No,Yes,No,No,Month-to-month,Yes,Bank transfer (automatic),54.1,1631.84,No
3652-ADZLM,Female,1,No,Yes,21,Yes,No,DSL,No,Yes,No,No,No,Yes,Month-to-month,Yes,Bank transfer (automatic),79.02,1657.38,No
5203-UBBGM,Male,1,Yes,Yes,14,Yes,No,Fiber optic,Yes,Yes,No,No,No,Yes,One year,No,Credit card (automatic),107.5,1514.61,Yes
7039-MLYDP,Female,0,No,Yes,49,Yes,Yes,DSL,No,No,No,No,No,Yes,Month-to-month,No,Electronic check,77.33,3769.52,No
5879-MVGYH,Male,0,Yes,Yes,40,Yes,Yes,DSL,No,No,Yes,No,No,No,One year,Yes,Electronic check,71.42,2868.28,No
5904-NWLGA,Male,0,No,No,45,Yes,Yes,DSL,No,No,No,No,No,Yes,Two year,Yes,Mailed check,66.9,3010.1,No
4272-VAXPD,Female,0,No,No,54,Yes,No,No,No internet service,No internet service,No internet service,No internet service,No internet service,No internet service,Month-to-month,Yes,Mailed check,42.56,2313.32,No
3719-PHCRS,Female,0,No,No,21,Yes,No,Fiber optic,No,No,No,No,No,Yes,Month-to-month,No,Electronic check,92.07,1935.29,No
2069-GFRTT,Female,0,Yes,Yes,36,Yes,No,No,No internet service,No internet service,No internet service,No internet service,No internet service,No internet service,Two year,No,Mailed check,34.99,1255.72,No
9447-UHCQX,Male,1,No,No,43,Yes,No,Fiber optic,No,No,No,Yes,Yes,No,Month-to-month,Yes,Mailed check,100.33,4309.04,Yes
9775-FFADP,Male,0,No,No,60,Yes,No,DSL,Yes,No,No,No,Yes,No,Two year,Yes,Electronic check,75.31,4532.12,No
5920-JHVMV,Male,0,Yes,No,7,Yes,No,Fiber optic,No,No,Yes,Yes,No,No,Month-to-month,Yes,Bank transfer (automatic),112.02,794.39,No
9667-HEYRG,Male,0,No,No,21,Yes,No,Fiber optic,No,Yes,Yes,No,No,Yes,Month-to-month,Yes,Mailed check,111.69,2332.08,No
6596-NXGZY,Female,0,Yes,No,14,Yes,No,DSL,Yes,No,Yes,No,No,No,Month-to-month,Yes,Mailed check,77.25,1076.93,No
2626-DNBHL,Male,0,Yes,No,21,Yes,No,DSL,Yes,No,Yes,No,No,No,Month-to-month,No,Bank transfer (automatic),78.79,1654.71,No
9723-ZDXCT,Female,0,No,No,68,Yes,No,DSL,Yes,No,Yes,Yes,Yes,No,Two year,No,Mailed check,92.77,6325.0,No
8609-XFXCN,Male,1,Yes,No,12,Yes,No,No,No internet service,No internet service,No internet service,No internet service,No internet service,No internet service,One year,Yes,Bank transfer (automatic),37.13,436.89,No
5225-HAUJR,Male,0,No,No,54,Yes,No,Fiber optic,No,No,No,No,No,No,Month-to-month,Yes,Bank transfer (automatic),90.96,4922.99,No
4691-JXCTT,Male,1,Yes,Yes,57,Yes,No,Fiber optic,Yes,No,No,No,No,No,Month-to-month,No,Electronic check,96.2,5484.66,No
4419-GAYYF,Male,0,Yes,No,54,No,No phone service,No,No internet service,No internet service,No internet service,No internet service,No internet service,No internet service,One year,Yes,Electronic check,23.48,1289.86,No
1287-CBVXD,Male,0,No,No,10,Yes,Yes,Fiber optic,No,No,No,No,No,No,Month-to-month,Yes,Electronic check,91.69,887.22,No
7719-EJQTW,Male,0,No,No,6,Yes,Yes,Fiber optic,No,No,Yes,No,Yes,No,Month-to-month,Yes,Credit card (automatic),108.18,642.15,Yes
1403-EGHZU,Female,0,No,No,10,Yes,Yes,Fiber optic,No,No,No,No,Yes,No,One year,No,Mailed check,100.09,1004.9,No
3883-ZMNLD,Male,0,Yes,Yes,61,Yes,No,DSL,Yes,No,No,No,No,Yes,Month-to-month,Yes,Mailed check,79.93,4879.65,No
9408-AEFGD,Female,0,Yes,No,0,Yes,No,DSL,No,Yes,Yes,No,No,Yes,Month-to-month,No,Mailed check,89.98, ,Yes
1161-SZCHN,Male,0,No,No,52,Yes,No,DSL,No,Yes,Yes,No,No,No,Month-to-month,No,Mailed check,84.8,4391.94,No
9346-SUPLE,Female,0,No,No,28,Yes,Yes,DSL,No,Yes,No,No,No,No,Month-to-month,Yes,Mailed check,68.77,1923.1,Yes
8777-VATCT,Male,0,No,No,69,Yes,No,DSL,No,No,Yes,No,No,No,Month-to-month,No,Mailed check,67.06,4631.83,Yes
8432-DLCPY,Male,0,No,No,31,Yes,Yes,DSL,No,Yes,No,No,Yes,No,Month-to-month,No,Electronic check,86.77,2658.45,No
1727-KZHDM,Male,0,Yes,Yes,33,Yes,No,Fiber optic,Yes,Yes,No,No,No,No,Month-to-month,No,Electronic check,97.48,3206.07,Yes
5574-RHYNG,Female,0,Yes,No,32,Yes,No,DSL,No,No,Yes,No,Yes,No,Two year,Yes,Bank transfer (automatic),82.29,2619.68,No
9641-YMAQP,Male,0,Yes,Yes,58,Yes,No,DSL,No,No,Yes,Yes,No,No,Month-to-month,Yes,Bank transfer (automatic),79.6,4635.6,No
2333-RWCTD,Male,1,Yes,No,55,Yes,Yes,Fiber optic,No,Yes,No,No,No,No,One year,No,Electronic check,98.01,5395.58,No
7738-LAZDQ,Female,0,Yes,No,69,Yes,No,DSL,No,No,Yes,No,No,Yes,Month-to-month,Yes,Electronic check,76.22,5256.85,No
2633-YTVLM,Female,0,No,No,30,Yes,Yes,Fiber optic,No,No,No,No,Yes,No,Month-to-month,No,Bank transfer (automatic),96.46,,No
6708-UWARC,Female,1,No,No,61,Yes,No,Fiber optic,Yes,Yes,No,No,No,Yes,Month-to-month,No,Electronic check,94.56,5755.02,No
3591-VGVMF,Male,0,Yes,Yes,0,Yes,No,DSL,No,No,No,Yes,Yes,Yes,One year,No,Mailed check,84.33, ,Yes
4007-NUQYW,Female,0,No,No,45,Yes,Yes,DSL,No,No,No,Yes,Yes,No,Month-to-month,No,Mailed check,70.77,3189.84,No
7779-QGKCJ,Female,0,Yes,Yes,44,Yes,No,DSL,No,No,No,No,No,No,Month-to-month,No,Bank transfer (automatic),63.14,2792.76,Yes
9337-LCRZW,Male,0,No,No,3,Yes,No,Fiber optic,No,No,No,No,No,No,Two year,No,Credit card (automatic),93.77,264.27,No
3466-LNFGF,Male,0,No,No,12,Yes,No,Fiber optic,Yes,No,No,No,No,No,Month-to-month,Yes,Credit card (automatic),97.58,1140.54,Yes
9950-TWVZC,Female,0,No,Yes,71,Yes,Yes,Fiber optic,Yes,Yes,Yes,No,Yes,Yes,Two year,Yes,Electronic check,118.75,8457.54,No
8933-BMQJD,Female,0,No,No,1,Yes,Yes,No,No internet service,No internet service,No internet service,No internet service,No internet service,No internet service,Month-to-month,Yes,Electronic check,34.4,29.64,No
2730-VHHYD,Male,0,No,No,36,Yes,No,No,No internet service,No internet service,No internet service,No internet service,No internet service,No internet service,Two year,Yes,Mailed check,43.86,1598.98,No
9236-YQDDG,Female,0,Yes,Yes,56,Yes,No,No,No internet service,No internet service,No internet service,No internet service,No internet service,No internet service,One year,Yes,Mailed check,44.87,2509.15,No
6196-DLCNA,Female,0,No,No,71,Yes,No,DSL,No,Yes,No,Yes,No,Yes,Month-to-month,No,Mailed check,77.86,5531.43,No
7380-BEEVB,Female,0,No,No,17,Yes,No,Fiber optic,No,No,Yes,Yes,Yes,No,Month-to-month,No,Credit card (automatic),111.41,1892.18,Yes
4862-QNSVK,Male,0,Yes,No,45,Yes,No,DSL,No,Yes,Yes,No,No,Yes,Two year,Yes,Mailed check,83.34,3727.65,No
8453-HZNTX,Female,0,No,No,55,Yes,Yes,Fiber optic,No,No,No,Yes,Yes,Yes,Month-to-month,No,Mailed check,102.66,5622.55,No
8133-WNBME,Female,0,Yes,No,66,Yes,No,Fiber optic,No,No,No,Yes,No,No,Month-to-month,No,Electronic check,93.88,6166.65,No
9001-FFFRP,Male,0,No,No,46,No,No phone service,No,No internet service,No internet service,No internet service,No internet service,No internet service,No internet service,Month-to-month,Yes,Credit card (automatic),20.47,978.23,No
9538-KGBAJ,Male,0,Yes,No,17,Yes,No,Fiber optic,No,No,No,No,Yes,No,Month-to-month,No,Mailed check,94.63,1610.32,No
9331-NXCCW,Male,0,No,No,64,Yes,No,No,No internet service,No internet service,No internet service,No internet service,No internet service,No internet service,Month-to-month,No,Electronic check,45.9,2941.6,No
1960-BKYSC,Female,0,Yes,No,68,Yes,No,DSL,Yes,No,No,Yes,No,Yes,Month-to-month,No,Mailed check,82.75,5607.74,No
8533-WVXFZ,Female,0,Yes,Yes,26,Yes,Yes,DSL,Yes,No,No,No,Yes,No,Two year,Yes,Electronic check,77.87,2001.54,No
3885-VPURR,Male,0,Yes,Yes,36,Yes,Yes,Fiber optic,Yes,No,No,Yes,Yes,No,Month-to-month,Yes,Mailed check,106.5,3817.7,No
6545-UTDVN,Female,0,No,No,47,Yes,Yes,Fiber optic,No,Yes,No,Yes,No,Yes,One year,Yes,Electronic check,111.47,5241.7,No
3907-NZWWM,Female,0,No,No,60,No,No phone service,DSL,Yes,No,No,No,No,No,Two year,No,Mailed check,53.27,3177.58,No
8056-KSRFG,Male,0,Yes,No,41,Yes,Yes,DSL,No,No,Yes,No,Yes,No,Month-to-month,No,Electronic check,74.82,3069.63,Yes
1550-DLMDL,Female,0,Yes,Yes,54,Yes,No,No,No internet service,No internet service,No internet service,No internet service,No internet service,No internet service,One year,No,Electronic check,42.03,2270.47,No
6436-FJJNJ,Male,0,No,No,57,Yes,No,Fiber optic,No,No,Yes,No,No,Yes,Month-to-month,No,Mailed check,105.14,5983.01,No
7631-HLKES,Male,1,No,No,15,Yes,No,Fiber optic,No,Yes,No,No,No,No,Month-to-month,Yes,Bank transfer (automatic),103.83,1566.74,Yes
3118-HVYSX,Male,0,Yes,Yes,24,No,No phone service,DSL,No,No,No,No,Yes,Yes,Month-to-month,Yes,Bank transfer (automatic),59.25,1432.29,No
8686-MUHMN,Female,0,No,No,61,No,No phone service,DSL,No,Yes,Yes,No,Yes,Yes,Month-to-month,No,Electronic check,64.92,3954.66,No
9643-WMREV,Female,0,No,No,43,Yes,No,Fiber optic,Yes,Yes,Yes,No,No,No,Month-to-month,No,Bank transfer (automatic),107.74,4639.37,No
5976-NURBG,Male,0,Yes,No,14,Yes,Yes,DSL,No,No,Yes,Yes,No,No,Month-to-month,Yes,Mailed check,85.56,1203.09,Yes
2590-TAEQS,Male,1,No,No,39,Yes,Yes,Fiber optic,No,No,No,No,Yes,No,Month-to-month,Yes,Mailed check,99.89,3872.4,Yes
5529-WYDYQ,Female,0,Yes,No,15,Yes,No,DSL,No,No,Yes,No,No,Yes,Two year,No,Electronic check,81.18,1227.69,Yes
6725-CQTPC,Male,1,No,No,3,Yes,Yes,DSL,Yes,Yes,No,No,No,No,Two year,Yes,Bank transfer (automatic),71.78,224.95,No
5708-YTDZZ,Male,0,No,No,33,Yes,No,Fiber optic,No,No,No,No,Yes,Yes,One year,Yes,Electronic check,109.39,3594.1,Yes
2524-VKQLU,Male,0,No,No,2,Yes,Yes,Fiber optic,Yes,Yes,Yes,No,No,Yes,Month-to-month,Yes,Electronic check,113.01,229.34,Yes
9968-VYYCG,Female,0,No,No,69,Yes,No,No,No internet service,No internet service,No internet service,No internet service,No internet service,No internet service,Two year,No,Credit card (automatic),36.27,2497.48,No
7495-QBCNQ,Female,1,Yes,Yes,65,Yes,Yes,DSL,No,Yes,No,Yes,Yes,No,Two year,Yes,Electronic check,78.76,5094.97,No
2509-EDPAP,Female,0,No,No,15,Yes,No,Fiber optic,Yes,No,Yes,Yes,Yes,No,Two year,No,Bank transfer (automatic),104.93,1568.72,No
5282-MSNTU,Male,0,No,No,46,Yes,Yes,No,No internet service,No internet service,No internet service,No internet service,No internet service,No internet service,One year,Yes,Mailed check,40.39,1849.08,No
9280-VNMFQ,Male,1,No,No,28,Yes,No,Fiber optic,No,No,No,No,No,No,Month-to-month,Yes,Electronic check,88.14,2469.75,Yes
2252-YWCUC,Female,0,No,No,44,Yes,Yes,Fiber optic,No,No,No,No,No,No,Two year,Yes,Mailed check,87.51,3832.41,No
7490-CMRTL,Female,0,Yes,No,38,Yes,No,No,No internet service,No internet service,No internet service,No internet service,No internet service,No internet service,Month-to-month,Yes,Electronic check,42.22,1613.66,No
9293-UESTJ,Female,0,Yes,Yes,54,Yes,No,DSL,No,Yes,No,Yes,No,Yes,One year,No,Credit card (automatic),79.38,4290.71,No
7643-XVURG,Female,0,Yes,No,55,Yes,Yes,No,No internet service,No internet service,No internet service,No internet service,No internet service,No internet service,Month-to-month,No,Electronic check,41.6,2291.03,No
8156-JNHHD,Female,0,No,No,1,Yes,No,No,No internet service,No internet service,No internet service,No internet service,No internet service,No internet service,Month-to-month,No,Bank transfer (automatic),39.5,68.1,No
9650-DCYPL,Female,0,Yes,No,61,Yes,No,DSL,No,Yes,Yes,No,No,No,Two year,No,Credit card (automatic),79.27,4834.03,No
7636-KDTEP,Male,1,No,No,16,Yes,No,DSL,No,No,No,No,Yes,Yes,One year,Yes,Electronic check,73.8,1169.77,Yes
9540-YJUQM,Male,0,Yes,Yes,46,Yes,Yes,No,No internet service,No internet service,No internet service,No internet service,No internet service,No internet service,One year,Yes,Bank transfer (automatic),28.07,1272.15,No
2259-KRZAT,Female,0,No,No,47,Yes,No,DSL,No,Yes,Yes,No,No,No,Month-to-month,Yes,Mailed check,85.31,4022.51,No
8616-YLCGW,Male,0,Yes,No,46,Yes,No,DSL,No,No,No,Yes,Yes,No,Month-to-month,Yes,Credit card (automatic),75.79,3475.03,No
8900-RCCMQ,Male,0,No,No,52,Yes,Yes,Fiber optic,No,No,No,No,No,No,Month-to-month,Yes,Mailed check,87.75,4557.11,Yes
1291-SPACL,Male,0,Yes,No,9,Yes,No,Fiber optic,No,No,Yes,No,No,No,Two year,Yes,Electronic check,90.82,810.33,No
7502-VLHZM,Female,0,Yes,Yes,45,Yes,No,No,No internet service,No internet service,No internet service,No internet service,No internet service,No internet service,Month-to-month,Yes,Credit card (automatic),44.97,2013.27,No
3838-LAHNY,Male,0,Yes,No,27,Yes,No,Fiber optic,No,No,No,Yes,Yes,Yes,Month-to-month,Yes,Bank transfer (automatic),106.71,2883.99,Yes
7643-UPCKZ,Female,0,No,No,30,Yes,Yes,No,No internet service,No internet service,No internet service,No internet service,No internet service,No internet service,Month-to-month,Yes,Bank transfer (automatic),39.7,1196.37,No
1397-XSGUW,Male,0,No,No,10,Yes,No,DSL,Yes,Yes,Yes,Yes,Yes,No,Month-to-month,Yes,Mailed check,94.13,934.59,Yes
1388-CRZAR,Female,0,No,No,42,Yes,Yes,Fiber optic,No,No,Yes,No,No,Yes,Month-to-month,Yes,Mailed check,109.0,4607.66,No
2228-RQCSX,Female,0,No,No,23,Yes,No,DSL,Yes,No,Yes,No,No,Yes,Two year,Yes,Credit card (automatic),82.08,1895.86,No
8770-AFFLD,Male,0,No,No,51,Yes,No,No,No internet service,No internet service,No internet service,No internet service,No internet service,No internet service,Two year,Yes,Mailed check,43.38,2209.77,No
8688-UVEAX,Female,0,No,No,34,Yes,No,Fiber optic,No,No,No,No,No,No,Month-to-month,No,Bank transfer (automatic),94.27,3202.09,No
3599-RXAAA,Female,0,No,No,29,Yes,Yes,Fiber optic,No,No,No,Yes,No,Yes,Month-to-month,No,Credit card (automatic),99.47,2878.3,No
2406-BVQZV,Female,1,Yes,Yes,37,Yes,No,Fiber optic,No,No,No,No,Yes,No,Two year,Yes,Bank transfer (automatic),97.36,3589.36,No
9667-FGWFB,Female,0,Yes,Yes,41,No,No phone service,Fiber optic,Yes,Yes,No,No,Yes,No,Month-to-month,Yes,Bank transfer (automatic),89.49,3686.8,No
7021-VZYCU,Male,1,No,No,49,Yes,Yes,Fiber optic,No,No,No,No,No,Yes,One year,Yes,Electronic check,90.12,4431.05,Yes
8614-SVWLA,Male,0,Yes,No,5,Yes,No,DSL,No,No,No,No,No,Yes,Month-to-month,Yes,Electronic check,73.98,382.49,Yes
5105-ECCSN,Male,0,Yes,Yes,58,Yes,No,DSL,Yes,Yes,No,No,No,No,Month-to-month,Yes,Bank transfer (automatic),74.3,4301.98,No
5858-TPRCW,Male,0,No,No,12,Yes,No,DSL,No,No,Yes,No,No,No,Month-to-month,Yes,Credit card (automatic),76.16,909.13,Yes
5038-DVTBE,Female,0,Yes,No,16,Yes,Yes,Fiber optic,Yes,No,Yes,No,Yes,No,Month-to-month,Yes,Mailed check,108.91,1719.62,No
1141-GCTNZ,Female,0,No,No,56,Yes,Yes,DSL,No,No,No,No,Yes,Yes,Month-to-month,Yes,Bank transfer (automatic),78.56,4380.19,No
7744-QNBBQ,Female,0,No,No,0,Yes,Yes,No,No internet service,No internet service,No internet service,No internet service,No internet service,No internet service,Month-to-month,No,Electronic check,38.93, ,No
1039-BFXMT,Male,0,Yes,Yes,27,Yes,No,DSL,No,No,No,No,Yes,No,Month-to-month,Yes,Electronic check,65.58,1773.21,No
4703-EJCUE,Female,0,Yes,No,48,Yes,No,Fiber optic,No,No,No,No,Yes,No,Two year,Yes,Electronic check,90.42,4344.12,No
4387-ZQMPU,Female,0,Yes,No,56,Yes,No,DSL,No,No,Yes,Yes,No,No,Month-to-month,No,Electronic check,80.63,4511.67,No
3290-RWPLD,Female,0,No,No,65,Yes,Yes,Fiber optic,No,No,No,Yes,No,Yes,Month-to-month,Yes,Electronic check,106.4,6919.95,No
3234-YNHLP,Male,1,No,No,49,Yes,Yes,No,No internet service,No internet service,No internet service,No internet service,No internet service,No internet service,Month-to-month,Yes,Electronic check,39.39,1915.5,No
5837-SGRLY,Male,0,No,No,17,Yes,Yes,Fiber optic,No,No,No,No,No,Yes,Month-to-month,Yes,Bank transfer (automatic),99.24,1695.73,No
2421-DMNSK,Female,0,Yes,No,26,Yes,No,Fiber optic,Yes,Yes,Yes,No,No,No,Month-to-month,No,Mailed check,104.39,2712.46,Yes
9222-MDCZD,Female,0,Yes,Yes,1,No,No phone service,Fiber optic,Yes,No,No,No,No,No,Month-to-month,No,Mailed check,76.32,93.43,Yes
9529-GCHQL,Male,0,No,No,56,Yes,Yes,Fiber optic,No,Yes,Yes,Yes,No,Yes,Two year,No,Mailed check,112.05,6269.76,No
8069-QKRZK,Female,1,No,No,0,Yes,No,DSL,No,No,No,No,No,No,Month-to-month,No,Mailed check,61.89, ,Yes
2380-KWFYQ,Female,0,Yes,No,9,Yes,No,DSL,No,No,No,No,Yes,Yes,Month-to-month,Yes,Electronic check,74.37,685.99,Yes
6413-HYAHL,Male,1,Yes,Yes,71,Yes,Yes,Fiber optic,Yes,Yes,Yes,Yes,No,Yes,Month-to-month,Yes,Bank transfer (automatic),118.73,8418.49,No
5295-MDFCP,Female,0,Yes,Yes,11,Yes,Yes,Fiber optic,No,No,Yes,Yes,No,No,Month-to-month,Yes,Electronic check,103.79,1142.22,Yes
4157-PQSPR,Female,0,Yes,No,20,Yes,No,DSL,No,Yes,No,No,No,No,One year,No,Credit card (automatic),67.95,1364.5,No
6283-RQHFU,Male,0,No,No,29,Yes,No,Fiber optic,Yes,No,No,No,No,No,Two year,Yes,Electronic check,96.84,2805.32,No
4083-PELNR,Male,0,No,No,10,Yes,Yes,DSL,No,No,No,No,No,No,Month-to-month,Yes,Electronic check,56.2,579.93,Yes
5736-JZNVT,Female,0,Yes,No,47,Yes,Yes,Fiber optic,Yes,No,Yes,Yes,No,No,Month-to-month,Yes,Electronic check,111.05,5205.69,No
6024-XDYWN,Male,0,No,No,22,Yes,No,DSL,Yes,Yes,No,No,Yes,Yes,One year,Yes,Electronic check,86.74,1895.04,No
7599-NGVFH,Male,1,Yes,Yes,21,Yes,No,Fiber optic,No,No,No,Yes,No,No,One year,Yes,Electronic check,100.79,2142.3,No
5673-WKMAC,Male,0,Yes,Yes,41,Yes,No,Fiber optic,No,No,No,No,No,Yes,Two year,No,Credit card (automatic),99.11,4064.0,No
1503-BWWVB,Male,0,Yes,No,23,Yes,Yes,Fiber optic,No,No,Yes,No,No,Yes,One year,Yes,Electronic check,104.17,2401.63,No
1698-GPJME,Female,0,Yes,No,15,Yes,No,Fiber optic,Yes,No,No,Yes,No,Yes,Month-to-month,Yes,Mailed check,102.37,1515.62,Yes
7576-HBTXA,Male,0,Yes,No,62,Yes,No,DSL,Yes,No,Yes,Yes,No,Yes,Two year,Yes,Mailed check,89.51,5554.97,No
4929-VSWKJ,Female,1,No,No,42,No,No phone service,No,No internet service,No internet service,No internet service,No internet service,No internet service,No internet service,Month-to-month,Yes,Bank transfer (automatic),20.26,851.23,No
7381-DFQSC,Male,0,No,No,65,Yes,Yes,Fiber optic,Yes,Yes,Yes,Yes,Yes,Yes,Month-to-month,Yes,Bank transfer (automatic),118.75,,No
5574-JNZBZ,Male,0,No,No,26,Yes,Yes,Fiber optic,No,Yes,No,No,No,Yes,Two year,No,Electronic check,100.82,2607.44,No
5045-ULHUS,Male,0,No,No,66,Yes,Yes,DSL,No,No,No,Yes,Yes,No,One year,No,Electronic check,77.23,5116.71,No
2296-SUKYR,Female,0,Yes,No,64,No,No phone service,DSL,No,No,No,No,No,No,Month-to-month,Yes,Bank transfer (automatic),45.92,2956.27,No
4002-ASFUN,Female,1,Yes,No,1,Yes,Yes,Fiber optic,No,No,No,Yes,No,No,Month-to-month,Yes,Bank transfer (automatic),93.91,95.39,No
5200-DTDLW,Female,0,Yes,Yes,9,Yes,No,Fiber optic,Yes,No,Yes,No,Yes,No,Month-to-month,No,Bank transfer (automatic),109.65,989.82,No
9282-ZYPEW,Male,0,Yes,Yes,58,Yes,No,Fiber optic,No,No,No,Yes,No,No,One year,No,Bank transfer (automatic),98.61,5691.91,No
8213-ZRDNL,Male,0,Yes,No,21,Yes,No,Fiber optic,No,No,No,Yes,No,No,Two year,No,Credit card (automatic),94.77,2005.22,Yes
8585-KHBWU,Male,0,No,No,55,No,No phone service,Fiber optic,No,No,No,No,No,No,One year,Yes,Mailed check,64.6,3554.95,No
1371-LMMYD,Male,0,No,No,31,No,No phone service,Fiber optic,Yes,No,No,Yes,No,No,Two year,Yes,Electronic check,82.33,2560.6,No
3756-EFXYB,Male,0,No,No,18,Yes,Yes,Fiber optic,No,No,Yes,Yes,Yes,Yes,One year,Yes,Credit card (automatic),110.55,2002.22,No
6688-FEHEM,Male,0,No,No,15,Yes,No,No,No internet service,No internet service,No internet service,No internet service,No internet service,No internet service,Month-to-month,Yes,Electronic check,42.95,652.44,Yes
9959-QTMAC,Male,0,No,No,16,Yes,No,Fiber optic,No,Yes,No,No,Yes,Yes,Month-to-month,Yes,Credit card (automatic),104.99,1692.54,No
3419-FWWWR,Male,0,No,No,48,Yes,No,DSL,Yes,No,Yes,No,Yes,Yes,Month-to-month,No,Bank transfer (automatic),91.73,4409.94,No
6005-RKSVU,Male,0,No,No,2,Yes,Yes,DSL,Yes,No,Yes,Yes,Yes,No,Month-to-month,No,Bank transfer (automatic),89.13,165.41,No
6523-BTJTN,Female,0,Yes,No,13,Yes,No,Fiber optic,No,Yes,Yes,Yes,No,Yes,Month-to-month,No,Credit card (automatic),111.48,1448.59,Yes
8929-JYWHM,Male,0,No,No,60,Yes,No,DSL,No,No,No,No,No,No,Two year,Yes,Bank transfer (automatic),65.78,3940.05,No
5781-USWJN,Female,0,No,No,23,Yes,No,DSL,No,Yes,Yes,No,No,No,Month-to-month,Yes,Electronic check,80.11,1854.61,Yes
4877-XHQCW,Female,0,Yes,No,44,Yes,No,Fiber optic,No,No,No,No,No,No,Month-to-month,Yes,Mailed check,87.69,3869.18,No
4457-JPMWN,Male,0,No,No,21,Yes,No,Fiber optic,Yes,No,No,No,No,No,Two year,Yes,Mailed check,100.33,2106.34,No
5652-CAKZY,Male,0,No,No,1,Yes,No,No,No internet service,No internet service,No internet service,No internet service,No internet service,No internet service,One year,Yes,Mailed check,43.93,67.74,No
6660-RKEAJ,Female,0,No,No,32,No,No phone service,DSL,No,No,No,No,Yes,No,Month-to-month,Yes,Electronic check,55.1,1779.43,No
3847-EGAQY,Male,0,Yes,Yes,16,No,No phone service,Fiber optic,No,Yes,No,Yes,No,No,Month-to-month,Yes,Electronic check,76.84,1235.01,No
7216-LLHDQ,Male,1,No,Yes,53,Yes,Yes,Fiber optic,Yes,Yes,Yes,No,Yes,No,Two year,Yes,Mailed check,118.75,6293.93,No
6098-AKGES,Female,0,Yes,No,60,Yes,Yes,No,No internet service,No internet service,No internet service,No internet service,No internet service,No internet service,Month-to-month,No,Bank transfer (automatic),47.93,2858.99,No
5731-RTZVQ,Male,0,Yes,No,64,No,No phone service,No,No internet service,No internet service,No internet service,No internet service,No internet service,No internet service,Month-to-month,Yes,Electronic check,18.25,1165.89,No
8910-MZURX,Female,0,Yes,Yes,43,Yes,Yes,No,No internet service,No internet service,No internet service,No internet service,No internet service,No internet service,One year,No,Electronic check,36.47,1551.51,No
5635-TGZQU,Male,0,Yes,Yes,5,Yes,No,DSL,No,No,No,No,No,No,Month-to-month,No,Bank transfer (automatic),67.47,318.43,No
5146-WBCNT,Male,0,Yes,No,62,Yes,No,DSL,No,No,Yes,No,Yes,No,Month-to-month,Yes,Bank transfer (automatic),74.18,4590.87,No
8282-LRPZR,Male,1,Yes,No,61,Yes,No,No,No internet service,No internet service,No internet service,No internet service,No internet service,No internet service,Month-to-month,Yes,Electronic check,39.81,2406.36,No
4751-ZCZDG,Female,0,No,No,10,Yes,No,No,No internet service,No internet service,No internet service,No internet service,No internet service,No internet service,Two year,No,Electronic check,46.63,466.24,No
8392-TZTRJ,Male,0,No,No,29,Yes,No,No,No internet service,No internet service,No internet service,No internet service,No internet service,No internet service,Two year,Yes,Mailed check,41.2,1181.72,No
1042-CHANU,Female,0,Yes,No,69,No,No phone service,Fiber optic,No,No,No,No,No,Yes,Month-to-month,Yes,Credit card (automatic),77.2,5315.05,No
9668-MXZWM,Male,0,Yes,Yes,58,Yes,Yes,No,No internet service,No internet service,No internet service,No internet service,No internet service,No internet service,Month-to-month,Yes,Electronic check,46.79,2734.15,No
3927-ZFKBV,Male,0,No,No,15,Yes,Yes,Fiber optic,No,No,No,No,No,No,Month-to-month,No,Credit card (automatic),90.96,1384.5,Yes
6847-CFPNV,Male,0,No,No,45,No,No phone service,Fiber optic,Yes,No,No,No,No,Yes,One year,Yes,Credit card (automatic),81.8,3667.97,No
3394-YLVFA,Female,0,No,No,22,Yes,Yes,No,No internet service,No internet service,No internet service,No internet service,No internet service,No internet service,Month-to-month,Yes,Bank transfer (automatic),43.13,949.2,No
1495-JYBJC,Male,0,Yes,No,63,Yes,Yes,Fiber optic,No,No,No,No,Yes,No,One year,No,Credit card (automatic),91.65,5762.45,No
9383-SUTRU,Female,0,Yes,Yes,67,No,No phone service,No,No internet service,No internet service,No internet service,No internet service,No internet service,No internet service,Two year,Yes,Mailed check,18.25,1251.22,No
1073-WTTKV,Female,0,No,No,57,Yes,No,Fiber optic,Yes,Yes,No,No,No,No,Month-to-month,No,Mailed check,106.61,6084.43,No
4435-BXFCQ,Female,0,Yes,Yes,22,Yes,No,Fiber optic,Yes,No,No,No,Yes,Yes,Month-to-month,No,Bank transfer (automatic),98.11,2170.61,Yes
3102-WLAYN,Male,0,Yes,No,28,Yes,No,Fiber optic,No,Yes,No,Yes,Yes,No,Month-to-month,No,Electronic check,106.64,2991.26,No
3366-SNAUK,Male,0,Yes,No,43,Yes,No,Fiber optic,Yes,Yes,Yes,Yes,No,No,Month-to-month,Yes,Bank transfer (automatic),111.31,4786.91,No
7297-XQSGF,Male,0,No,No,69,Yes,No,No,No internet service,No internet service,No internet service,No internet service,No internet service,No internet service,Two year,Yes,Credit card (automatic),34.48,2400.4,No
4734-WNJUW,Female,0,No,Yes,25,Yes,No,Fiber optic,No,No,No,Yes,Yes,No,Month-to-month,Yes,Bank transfer (automatic),102.8,2546.33,No
9121-HTQLK,Male,0,No,Yes,40,Yes,No,No,No internet service,No internet service,No internet service,No internet service,No internet service,No internet service,One year,Yes,Electronic check,41.73,1656.1,No
2030-GPXWE,Female,0,No,No,53,Yes,No,Fiber optic,No,No,No,Yes,No,No,Month-to-month,No,Electronic check,87.58,4627.01,No
7113-CSJLT,Female,0,Yes,No,27,Yes,Yes,DSL,No,No,No,No,Yes,No,Month-to-month,Yes,Electronic check,74.72,2041.86,No
4823-VNZRH,Male,0,Yes,Yes,22,No,No phone service,No,No internet service,No internet service,No internet service,No internet service,No internet service,No internet service,Month-to-month,No,Electronic check,19.95,462.54,No
7976-KNDCP,Male,1,No,No,28,Yes,Yes,No,No internet service,No internet service,No internet service,No internet service,No internet service,No internet service,Two year,Yes,Credit card (automatic),43.41,1232.13,No
2680-ZWSTQ,Male,1,Yes,No,32,Yes,Yes,DSL,No,No,Yes,No,Yes,No,Two year,No,Electronic check,80.82,2574.94,No
1542-KMXFM,Female,0,No,Yes,6,Yes,No,No,No internet service,No internet service,No internet service,No internet service,No internet service,No internet service,Month-to-month,Yes,Credit card (automatic),43.95,282.03,No
4096-DCJBB,Male,0,No,No,6,Yes,No,Fiber optic,No,Yes,No,Yes,No,Yes,One year,Yes,Bank transfer (automatic),109.88,648.0,Yes
4157-EPAHL,Male,1,Yes,No,51,Yes,Yes,Fiber optic,Yes,No,No,No,Yes,No,Month-to-month,No,Bank transfer (automatic),104.59,5340.96,No
9667-RXJLL,Male,0,No,No,67,Yes,No,DSL,No,No,Yes,Yes,No,Yes,Month-to-month,Yes,Bank transfer (automatic),85.72,5747.0,No
8985-ZZUNN,Male,0,Yes,Yes,58,Yes,Yes,No,No internet service,No internet service,No internet service,No internet service,No internet service,No internet service,Month-to-month,Yes,Electronic check,46.7,2705.97,No
9823-GJXKF,Female,1,No,No,66,Yes,Yes,No,No internet service,No internet service,No internet service,No internet service,No internet service,No internet service,Month-to-month,Yes,Bank transfer (automatic),44.6,2951.93,No
6043-HXXHN,Female,0,Yes,Yes,61,No,No phone service,DSL,No,Yes,No,Yes,Yes,No,Two year,Yes,Mailed check,65.52,4004.69,No
9854-TFQQR,Female,0,No,No,58,Yes,No,DSL,No,Yes,No,No,No,Yes,Month-to-month,Yes,Electronic check,76.18,4420.44,No
1225-HWFHH,Female,1,No,No,4,Yes,No,DSL,Yes,Yes,No,Yes,No,No,Two year,No,Credit card (automatic),80.2,325.59,No
2596-DJWAG,Male,0,Yes,No,63,Yes,Yes,No,No internet service,No internet service,No internet service,No internet service,No internet service,No internet service,Two year,No,Electronic check,37.38,2355.65,No
1545-PGVQU,Female,0,No,No,32,No,No phone service,No,No internet service,No internet service,No internet service,No internet service,No internet service,No internet service,Month-to-month,Yes,Bank transfer (automatic),21.88,693.66,No
6713-LWMYZ,Female,0,Yes,Yes,44,Yes,Yes,Fiber optic,No,No,Yes,Yes,Yes,Yes,One year,Yes,Electronic check,115.07,5075.16,No
6300-SGVSX,Male,0,Yes,No,64,Yes,No,No,No internet service,No internet service,No internet service,No internet service,No internet service,No internet service,Two year,Yes,Electronic check,46.02,2951.96,No
3402-UMEEP,Female,0,Yes,No,6,Yes,No,DSL,No,No,No,Yes,No,Yes,Month-to-month,Yes,Mailed check,80.87,477.0,Yes
3874-CLRHY,Male,0,No,No,18,Yes,Yes,Fiber optic,No,Yes,Yes,No,Yes,No,Month-to-month,Yes,Electronic check,107.74,1924.14,Yes
8015-NYLDA,Male,0,Yes,Yes,5,Yes,No,Fiber optic,No,No,No,No,No,No,Month-to-month,Yes,Bank transfer (automatic),93.12,476.78,No
9441-ZTCHA,Female,0,No,Yes,30,Yes,No,DSL,No,No,No,No,No,Yes,Month-to-month,Yes,Electronic check,70.44,2130.29,No
1461-FPBZL,Female,1,No,No,57,Yes,No,DSL,Yes,No,No,No,No,Yes,Two year,No,Mailed check,70.71,4031.59,No
3374-NUHBB,Male,0,No,No,35,Yes,No,DSL,No,No,No,No,Yes,Yes,Month-to-month,Yes,Mailed check,72.59,2542.87,No
8667-CRKUB,Female,0,No,No,37,Yes,No,No,No internet service,No internet service,No internet service,No internet service,No internet service,No internet service,Month-to-month,No,Electronic check,46.05,1732.0,Yes
9079-SLEZH,Female,0,No,No,17,Yes,Yes,Fiber optic,No,No,No,No,Yes,Yes,Month-to-month,Yes,Bank transfer (automatic),104.9,1756.69,Yes
5414-KFKDA,Female,1,Yes,No,20,Yes,Yes,DSL,No,No,No,Yes,Yes,No,Month-to-month,Yes,Mailed check,78.21,1566.7,No
3609-CKWDA,Female,0,No,No,40,Yes,No,Fiber optic,No,No,No,No,No,No,Two year,No,Electronic check,91.19,3634.59,No
1999-NGMAH,Male,0,Yes,No,2,Yes,No,No,No internet service,No internet service,No internet service,No internet service,No internet service,No internet service,One year,Yes,Mailed check,36.52,59.94,No
4690-LPUMW,Male,0,Yes,No,32,Yes,No,DSL,No,No,No,No,No,No,Two year,No,Mailed check,62.81,2004.81,No
5767-GFHQF,Male,0,Yes,No,71,Yes,No,No,No internet service,No internet service,No internet service,No internet service,No internet service,No internet service,Month-to-month,No,Mailed check,42.28,2995.75,No
9226-MWSJF,Female,0,Yes,Yes,41,No,No phone service,Fiber optic,Yes,No,Yes,No,No,Yes,Two year,No,Bank transfer (automatic),77.2,3118.49,No
7694-HFYMB,Male,0,No,No,7,Yes,Yes,Fiber optic,No,Yes,Yes,No,No,No,Two year,Yes,Electronic check,100.59,706.41,No
5452-MWTED,Male,0,Yes,Yes,30,Yes,No,Fiber optic,No,Yes,No,No,No,No,Two year,No,Electronic check,95.09,2847.5,No
6431-BHDAY,Female,0,No,No,26,Yes,Yes,DSL,No,No,Yes,No,Yes,No,Two year,Yes,Credit card (automatic),80.3,2107.86,No
1808-AYEVA,Male,0,No,No,51,Yes,No,No,No internet service,No internet service,No internet service,No internet service,No internet service,No internet service,One year,Yes,Electronic check,44.37,2274.02,No
2381-CSQMF,Male,0,Yes,No,49,No,No phone service,Fiber optic,Yes,Yes,No,Yes,No,Yes,One year,No,Bank transfer (automatic),95.27,4643.63,No
1799-PFQSW,Female,0,Yes,No,71,Yes,No,DSL,No,No,No,No,No,Yes,Month-to-month,No,Credit card (automatic),80.85,5738.94,No
5445-AGWNQ,Female,0,Yes,No,45,Yes,No,Fiber optic,Yes,No,No,No,No,No,Month-to-month,No,Bank transfer (automatic),97.1,4404.79,No
5119-DXUZW,Male,0,Yes,No,17,Yes,Yes,Fiber optic,Yes,Yes,Yes,No,No,Yes,Two year,Yes,Electronic check,103.63,1749.35,No
3619-GFYPL,Female,0,No,No,9,Yes,No,Fiber optic,No,No,No,No,Yes,Yes,Month-to-month,Yes,Electronic check,110.95,980.13,Yes
9713-QXZBJ,Male,0,Yes,No,11,Yes,No,DSL,No,Yes,No,Yes,Yes,Yes,One year,Yes,Electronic check,93.78,1027.67,Yes
7606-VDHPV,Male,0,Yes,Yes,45,Yes,Yes,Fiber optic,No,No,Yes,No,No,No,One year,No,Electronic check,97.94,4390.5,No
2016-QHFNK,Female,0,Yes,No,43,Yes,Yes,Fiber optic,No,Yes,No,Yes,No,No,One year,No,Bank transfer (automatic),99.32,4286.86,No
6720-HVBWA,Male,0,Yes,No,24,No,No phone service,No,No internet service,No internet service,No internet service,No internet service,No internet service,No internet service,Month-to-month,Yes,Mailed check,23.66,565.42,No
7622-JKASD,Male,0,No,No,53,No,No phone service,DSL,Yes,No,No,No,No,No,Two year,Yes,Bank transfer (automatic),48.25,2560.09,No
6931-TWSHT,Male,0,No,No,12,Yes,No,No,No internet service,No internet service,No internet service,No internet service,No internet service,No internet service,Month-to-month,No,Credit card (automatic),33.3,390.74,No
8432-HCXDQ,Male,0,No,No,52,Yes,No,Fiber optic,No,Yes,No,No,Yes,No,Two year,Yes,Electronic check,92.2,4831.67,No
3126-DUDSS,Male,0,Yes,Yes,45,Yes,Yes,DSL,Yes,No,Yes,Yes,No,Yes,Month-to-month,Yes,Mailed check,87.9,3937.18,No
1541-EVNCZ,Male,0,No,No,12,Yes,Yes,Fiber optic,Yes,No,Yes,No,No,No,Two year,No,Mailed check,100.53,1198.72,No
3384-AYAPZ,Female,0,No,No,65,Yes,Yes,Fiber optic,No,No,Yes,No,No,No,One year,Yes,Bank transfer (automatic),89.73,5846.14,No
6199-QKDPX,Male,0,Yes,No,63,Yes,No,DSL,No,No,No,No,Yes,No,Two year,No,Mailed check,64.56,4058.86,No
1819-XKNDQ,Female,0,No,No,54,Yes,No,DSL,No,No,No,Yes,No,No,Month-to-month,No,Electronic check,72.82,3936.89,No
2640-GTBLQ,Male,1,No,No,48,Yes,No,No,No internet service,No internet service,No internet service,No internet service,No internet service,No internet service,Two year,Yes,Credit card (automatic),38.88,1846.67,No
2188-HJRZW,Female,0,No,No,11,Yes,No,Fiber optic,Yes,No,No,No,No,No,Month-to-month,Yes,Electronic check,101.65,1121.44,Yes
2707-ABQDF,Female,0,Yes,Yes,70,No,No phone service,No,No internet service,No internet service,No internet service,No internet service,No internet service,No internet service,Month-to-month,No,Bank transfer (automatic),18.25,1284.07,No
8625-WWGQQ,Female,0,No,No,12,Yes,No,Fiber optic,No,No,No,No,No,No,Month-to-month,Yes,Electronic check,91.07,1097.57,Yes
2667-PNKUS,Male,0,No,No,58,Yes,No,Fiber optic,Yes,No,Yes,Yes,No,No,One year,No,Mailed check,107.13,6203.3,Yes
5793-TUPGU,Male,0,No,No,34,Yes,No,DSL,No,Yes,No,No,No,Yes,Two year,Yes,Credit card (automatic),82.65,2794.37,No
7457-ZDLYN,Female,1,Yes,No,48,Yes,No,Fiber optic,Yes,Yes,No,No,No,No,One year,No,Bank transfer (automatic),104.0,4989.18,No
9482-AAVJN,Female,0,Yes,Yes,1,Yes,No,DSL,Yes,No,Yes,Yes,No,No,Month-to-month,Yes,Bank transfer (automatic),81.32,69.12,No
4851-KYCUX,Male,0,No,No,23,Yes,No,DSL,No,No,Yes,Yes,No,No,Month-to-month,Yes,Bank transfer (automatic),68.87,1543.48,No
6916-KDSMD,Male,1,No,No,1,Yes,No,Fiber optic,Yes,No,No,No,No,No,Month-to-month,No,Bank transfer (automatic),100.7,93.8,Yes
4236-ZGESE,Male,1,No,No,53,Yes,No,DSL,Yes,No,Yes,Yes,Yes,No,Month-to-month,No,Mailed check,87.45,4630.05,No
9278-WZXFF,Female,0,Yes,Yes,18,Yes,No,No,No internet service,No internet service,No internet service,No internet service,No internet service,No internet service,Two year,Yes,Electronic check,45.22,812.11,No
4083-MXTRX,Female,0,Yes,No,22,Yes,No,DSL,No,No,No,No,No,No,Month-to-month,No,Credit card (automatic),69.72,1546.53,Yes
6812-KKNCT,Female,0,No,Yes,7,Yes,Yes,DSL,No,Yes,No,No,No,Yes,One year,Yes,Mailed check,77.2,565.94,No
6874-TNUYP,Female,0,No,No,9,Yes,No,Fiber optic,No,No,Yes,No,No,Yes,Month-to-month,Yes,Credit card (automatic),107.47,965.0,Yes
4999-CUXSW,Male,0,No,No,39,Yes,Yes,DSL,Yes,No,No,No,Yes,Yes,Month-to-month,No,Bank transfer (automatic),88.2,3444.79,No
8749-VNCAE,Male,0,No,No,25,Yes,Yes,Fiber optic,No,No,Yes,No,Yes,No,Month-to-month,No,Bank transfer (automatic),106.77,2664.42,No
4878-TLAFZ,Female,0,Yes,Yes,3,Yes,Yes,No,No internet service,No internet service,No internet service,No internet service,No internet service,No internet service,Month-to-month,No,Bank transfer (automatic),41.09,133.31,Yes
9891-KVTYX,Male,0,Yes,No,61,Yes,No,DSL,Yes,Yes,No,No,Yes,Yes,One year,No,Credit card (automatic),94.66,5779.37,No
6658-KRHJQ,Male,0,Yes,No,17,Yes,No,DSL,Yes,No,No,No,Yes,No,One year,Yes,Credit card (automatic),77.0,1308.94,No
6142-PKKAQ,Female,0,Yes,Yes,3,Yes,No,No,No internet service,No internet service,No internet service,No internet service,No internet service,No internet service,Two year,Yes,Mailed check,40.06,128.4,No
6181-YNMBE,Male,0,No,No,4,Yes,No,No,No internet service,No internet service,No internet service,No internet service,No internet service,No internet service,Month-to-month,Yes,Electronic check,37.36,134.91,No
4041-KJKUD,Male,0,Yes,Yes,29,No,No phone service,DSL,No,No,No,Yes,Yes,Yes,Month-to-month,Yes,Mailed check,59.7,1718.59,No
3990-DHSBJ,Female,0,No,No,38,Yes,No,Fiber optic,No,Yes,No,No,No,No,Month-to-month,Yes,Electronic check,92.26,3510.53,Yes
1213-YTFEC,Male,1,Yes,No,9,Yes,No,DSL,Yes,Yes,Yes,No,No,Yes,Two year,No,Electronic check,89.58,789.02,No
5255-UQXJG,Male,0,No,No,25,Yes,No,No,No internet service,No internet service,No internet service,No internet service,No internet service,No internet service,One year,Yes,Electronic check,38.14,948.94,No
5301-EZEMN,Female,0,No,Yes,25,Yes,No,DSL,No,No,Yes,No,No,No,Two year,No,Electronic check,65.64,1646.32,No
1513-MLGDB,Male,0,Yes,No,6,Yes,No,No,No internet service,No internet service,No internet service,No internet service,No internet service,No internet service,Month-to-month,No,Mailed check,41.6,241.09,No
1077-MCZFR,Female,0,No,No,47,Yes,Yes,DSL,Yes,No,No,No,Yes,Yes,One year,Yes,Bank transfer (automatic),87.21,4100.38,No
7060-MXCFG,Female,0,No,No,25,Yes,No,DSL,No,No,No,Yes,Yes,Yes,One year,Yes,Electronic check,77.96,1948.98,No
2218-HHUHX,Female,0,No,No,51,Yes,Yes,DSL,No,Yes,No,No,No,Yes,Month-to-month,Yes,Bank transfer (automatic),79.88,4075.19,No
7953-XCZQZ,Male,0,Yes,Yes,0,Yes,No,Fiber optic,No,Yes,No,Yes,Yes,Yes,Month-to-month,Yes,Credit card (automatic),115.76, ,Yes
4193-YQBKD,Male,0,No,No,2,Yes,No,No,No internet service,No internet service,No internet service,No internet service,No internet service,No internet service,Month-to-month,Yes,Mailed check,41.6,82.7,No
9470-HFPLC,Male,0,Yes,Yes,60,Yes,Yes,DSL,No,No,No,No,Yes,No,Month-to-month,Yes,Electronic check,71.04,4261.1,No
8347-WTQKP,Female,0,Yes,No,23,Yes,Yes,DSL,No,No,Yes,No,Yes,No,Month-to-month,No,Bank transfer (automatic),79.17,1803.47,No
5688-DBGLD,Female,0,Yes,Yes,26,Yes,Yes,Fiber optic,Yes,No,Yes,No,Yes,No,One year,Yes,Bank transfer (automatic),108.71,2843.31,No
1959-WJQNT,Male,0,No,No,30,Yes,No,DSL,No,No,Yes,No,Yes,No,Month-to-month,Yes,Electronic check,74.78,2266.39,No
7657-HWJWK,Female,0,No,No,48,Yes,Yes,Fiber optic,No,No,No,No,No,Yes,One year,Yes,Mailed check,100.24,4835.1,No
1998-UAUBE,Female,0,Yes,No,51,Yes,Yes,Fiber optic,Yes,Yes,No,Yes,Yes,No,Month-to-month,Yes,Credit card (automatic),115.49,5906.8,No
6429-YKCFX,Female,0,No,Yes,51,Yes,Yes,Fiber optic,No,No,No,Yes,No,No,Month-to-month,Yes,Mailed check,93.7,4761.19,No
7539-CKGEW,Male,0,No,No,63,Yes,No,Fiber optic,No,No,No,No,No,No,One year,Yes,Credit card (automatic),89.53,5624.36,No
6558-ERKBL,Male,0,Yes,Yes,40,Yes,No,DSL,No,No,No,Yes,Yes,No,Month-to-month,No,Mailed check,82.74,3306.03,No
2666-FXTDW,Female,0,No,Yes,18,Yes,Yes,DSL,No,No,No,No,Yes,No,Month-to-month,Yes,Electronic check,68.78,1230.97,No
6168-WTJNN,Female,1,No,No,42,Yes,Yes,Fiber optic,No,No,No,No,Yes,Yes,One year,No,Credit card (automatic),105.07,4417.26,No
7478-FHFHD,Female,0,Yes,No,21,No,No phone service,Fiber optic,No,No,No,No,No,No,Month-to-month,No,Credit card (automatic),75.04,1578.19,Yes
1328-YBXAU,Male,0,Yes,No,31,No,No phone service,Fiber optic,No,No,No,No,No,No,Month-to-month,Yes,Electronic check,69.03,2131.08,No
3955-NGMLN,Male,0,Yes,Yes,2,Yes,Yes,DSL,No,No,No,No,No,No,Month-to-month,No,Electronic check,60.11,112.82,No
4539-NVLJD,Male,0,Yes,Yes,29,Yes,Yes,DSL,No,Yes,No,No,No,Yes,Month-to-month,Yes,Mailed check,64.46,1884.29,No
4237-DEYCM,Female,1,No,No,43,Yes,No,DSL,Yes,No,No,No,No,No,One year,Yes,Credit card (automatic),70.93,3031.0,No
8507-YDDJP,Male,0,Yes,Yes,22,Yes,No,Fiber optic,No,No,No,No,No,No,Month-to-month,Yes,Credit card (automatic),88.44,1955.81,Yes
9637-EDGWA,Female,0,Yes,No,7,Yes,Yes,DSL,No,No,No,No,Yes,No,Month-to-month,No,Bank transfer (automatic),80.84,564.13,No
4420-CDYAH,Male,1,No,No,5,Yes,No,DSL,No,No,Yes,No,Yes,No,One year,Yes,Bank transfer (automatic),79.02,396.81,No
9237-QBMZK,Male,0,No,No,8,Yes,Yes,No,No internet service,No internet service,No internet service,No internet service,No internet service,No internet service,Two year,No,Electronic check,42.15,338.96,No
5757-NREWZ,Male,0,No,No,25,Yes,No,No,No internet service,No internet service,No internet service,No internet service,No internet service,No internet service,Month-to-month,No,Mailed check,38.15,949.77,No
2282-VVTJM,Male,0,No,No,72,Yes,Yes,DSL,No,No,Yes,No,Yes,Yes,One year,Yes,Bank transfer (automatic),83.61,6019.72,No
8552-DVYSJ,Male,0,No,No,33,No,No phone service,DSL,No,No,No,No,No,No,Month-to-month,No,Electronic check,53.1,1720.8,No
6031-BYJBV,Male,0,No,No,66,Yes,No,Fiber optic,No,No,Yes,Yes,No,No,Month-to-month,Yes,Electronic check,96.28,6371.02,No
6917-QBURV,Male,0,Yes,No,9,No,No phone service,No,No internet service,No internet service,No internet service,No internet service,No internet service,No internet service,Two year,Yes,Bank transfer (automatic),21.98,182.03,No
8445-FFYNL,Female,0,Yes,No,70,Yes,Yes,Fiber optic,No,No,No,No,No,No,Month-to-month,Yes,Credit card (automatic),88.02,6183.99,Yes
3584-RUAPZ,Male,0,Yes,Yes,66,Yes,No,Fiber optic,No,No,No,No,No,Yes,Month-to-month,Yes,Credit card (automatic),94.48,6246.06,No
3525-GXBKL,Female,1,Yes,Yes,6,Yes,Yes,No,No internet service,No internet service,No internet service,No internet service,No internet service,No internet service,Month-to-month,No,Mailed check,44.91,275.36,No
8180-DLDUR,Male,0,Yes,Yes,0,No,No phone service,Fiber optic,Yes,No,Yes,Yes,No,Yes,Month-to-month,No,Mailed check,87.06, ,Yes
5470-KDYRH,Male,0,Yes,No,46,No,No phone service,No,No internet service,No internet service,No internet service,No internet service,No internet service,No internet service,Two year,No,Bank transfer (automatic),18.25,829.37,No
4725-TTMHR,Female,0,Yes,Yes,16,Yes,Yes,DSL,No,No,Yes,No,Yes,Yes,Two year,No,Electronic check,88.87,1431.48,No
6923-QBMQY,Male,0,No,No,46,Yes,Yes,Fiber optic,Yes,Yes,No,No,No,No,Month-to-month,Yes,Mailed check,111.46,5124.5,Yes
5729-JPECS,Female,0,Yes,Yes,49,Yes,No,DSL,No,No,No,No,No,Yes,Two year,Yes,Bank transfer (automatic),66.45,3266.82,No
9874-WQAZL,Female,1,Yes,No,4,Yes,No,Fiber optic,No,No,No,Yes,No,Yes,Month-to-month,Yes,Electronic check,114.72,466.68,Yes
3606-XTTGZ,Male,0,No,No,60,Yes,No,No,No internet service,No internet service,No internet service,No internet service,No internet service,No internet service,Month-to-month,Yes,Credit card (automatic),40.92,2462.24,No
5075-NUREH,Male,0,Yes,No,63,Yes,Yes,No,No internet service,No internet service,No internet service,No internet service,No internet service,No internet service,Month-to-month,No,Mailed check,38.77,2453.55,No
4250-YTJTT,Female,0,Yes,Yes,34,Yes,No,Fiber optic,No,Yes,Yes,No,No,No,Two year,Yes,Credit card (automatic),98.93,3353.71,No
4547-KXPDT,Male,0,Yes,Yes,67,Yes,No,Fiber optic,No,No,No,No,No,Yes,One year,No,Mailed check,90.16,6030.91,Yes
6305-NTXHL,Male,0,No,Yes,42,No,No phone service,DSL,No,No,No,Yes,No,No,Two year,Yes,Electronic check,54.45,2299.05,No
2705-RKJSK,Male,0,No,No,53,Yes,Yes,No,No internet service,No internet service,No internet service,No internet service,No internet service,No internet service,Two year,No,Mailed check,50.63,2689.05,No
5178-LGDVC,Male,0,Yes,Yes,19,Yes,Yes,No,No internet service,No internet service,No internet service,No internet service,No internet service,No internet service,Month-to-month,Yes,Credit card (automatic),32.28,599.81,No
3923-SDRTR,Female,0,No,No,46,Yes,No,Fiber optic,No,Yes,No,No,No,No,Two year,Yes,Mailed check,94.52,4382.02,No
3744-AXHVE,Female,0,No,No,69,Yes,Yes,DSL,No,No,Yes,No,No,No,Month-to-month,Yes,Mailed check,71.08,4905.79,No
2461-UYWUF,Female,1,No,No,56,Yes,Yes,DSL,Yes,Yes,Yes,No,No,Yes,Two year,Yes,Bank transfer (automatic),85.27,4778.18,No
9217-SEDWG,Female,1,No,No,47,Yes,No,DSL,No,No,No,No,Yes,Yes,Month-to-month,Yes,Credit card (automatic),83.03,3911.27,No
7892-DGGGS,Female,0,No,No,29,Yes,No,Fiber optic,No,No,No,Yes,Yes,No,Month-to-month,Yes,Credit card (automatic),99.85,2885.05,No
9228-XTEZP,Female,0,Yes,No,9,Yes,Yes,DSL,Yes,No,No,Yes,Yes,No,Two year,Yes,Bank transfer (automatic),75.65,663.24,No
5913-SUYPQ,Male,0,Yes,No,24,No,No phone service,DSL,No,Yes,No,Yes,No,No,Month-to-month,Yes,Electronic check,59.49,1430.86,No
7709-GHRBH,Male,0,Yes,No,53,Yes,No,Fiber optic,No,Yes,No,Yes,No,No,Two year,Yes,Electronic check,99.2,5242.32,No
7461-ZNKLS,Female,0,Yes,Yes,38,Yes,Yes,Fiber optic,No,No,Yes,No,Yes,Yes,Month-to-month,No,Mailed check,107.89,4098.39,No
5899-ANKSX,Male,1,No,No,9,Yes,No,Fiber optic,No,No,No,No,Yes,Yes,One year,Yes,Electronic check,100.29,905.32,No
9661-QJLEY,Male,0,Yes,Yes,17,Yes,No,Fiber optic,No,Yes,No,Yes,Yes,Yes,One year,Yes,Credit card (automatic),118.54,2033.17,No
8624-WHHWP,Male,0,No,Yes,29,Yes,No,DSL,No,No,Yes,Yes,Yes,No,Month-to-month,No,Credit card (automatic),84.29,2434.87,No
7341-MLRVJ,Female,0,No,Yes,3,Yes,No,No,No internet service,No internet service,No internet service,No internet service,No internet service,No internet service,Two year,Yes,Mailed check,38.47,112.46,No
8281-FKXYY,Male,0,Yes,Yes,35,Yes,No,Fiber optic,No,No,No,No,Yes,Yes,Month-to-month,No,Electronic check,101.51,3580.33,No
3844-WYZAT,Male,1,Yes,No,66,Yes,Yes,No,No internet service,No internet service,No internet service,No internet service,No internet service,No internet service,Two year,No,Electronic check,39.14,2587.21,No
9969-UFUCM,Female,0,Yes,No,52,Yes,No,Fiber optic,Yes,Yes,No,Yes,No,No,Two year,Yes,Mailed check,111.22,5782.2,No
6635-LSFQR,Female,0,Yes,No,68,Yes,Yes,Fiber optic,No,Yes,Yes,No,No,Yes,One year,Yes,Mailed check,100.54,6817.39,No
6703-GHGMQ,Male,0,No,No,72,Yes,Yes,No,No internet service,No internet service,No internet service,No internet service,No internet service,No internet service,Two year,Yes,Bank transfer (automatic),31.53,2263.1,No
4262-KGFRV,Female,0,Yes,No,3,Yes,Yes,DSL,No,No,No,No,No,No,One year,Yes,Credit card (automatic),64.81,194.18,No
3616-WPEJA,Female,0,No,No,27,No,No phone service,Fiber optic,No,Yes,No,No,No,No,Two year,Yes,Electronic check,73.53,2008.34,No
1352-JLVDW,Female,0,Yes,No,14,Yes,Yes,DSL,No,Yes,No,Yes,No,No,Two year,Yes,Credit card (automatic),73.66,1019.71,No
3110-DSUQC,Male,0,No,No,49,Yes,No,No,No internet service,No internet service,No internet service,No internet service,No internet service,No internet service,One year,Yes,Credit card (automatic),39.46,1948.33,Yes
2037-KLZGE,Male,1,Yes,Yes,2,Yes,Yes,No,No internet service,No internet service,No internet service,No internet service,No internet service,No internet service,Two year,Yes,Credit card (automatic),37.24,100.65,No
9512-DALKQ,Male,0,Yes,Yes,49,Yes,Yes,No,No internet service,No internet service,No internet service,No internet service,No internet service,No internet service,Month-to-month,Yes,Mailed check,42.21,2050.51,No
8898-YGZRB,Female,0,Yes,No,28,No,No phone service,No,No internet service,No internet service,No internet service,No internet service,No internet service,No internet service,Month-to-month,Yes,Mailed check,20.66,568.92,No
9445-DQUFG,Male,0,No,No,13,Yes,Yes,Fiber optic,Yes,No,Yes,Yes,Yes,No,Two year,No,Mailed check,118.24,1553.22,No
5285-XFRLC,Female,0,No,No,15,Yes,No,Fiber optic,Yes,Yes,No,No,No,Yes,One year,No,Bank transfer (automatic),108.02,1623.59,Yes
7397-VPEDL,Male,0,Yes,No,46,Yes,Yes,Fiber optic,Yes,Yes,Yes,No,No,Yes,Month-to-month,No,Electronic check,110.26,5070.03,No
5557-PFNHS,Male,1,No,No,34,Yes,Yes,Fiber optic,No,Yes,No,Yes,No,Yes,Month-to-month,Yes,Mailed check,97.69,3329.26,No
8167-RAZAZ,Female,0,Yes,Yes,64,Yes,No,DSL,No,No,Yes,No,No,Yes,One year,Yes,Credit card (automatic),77.95,4963.73,No
1285-NCCST,Male,0,No,No,71,Yes,Yes,Fiber optic,No,No,Yes,Yes,No,Yes,Month-to-month,Yes,Electronic check,113.23,8045.3,No
2064-ZHHHM,Female,0,No,No,40,No,No phone service,No,No internet service,No internet service,No internet service,No internet service,No internet service,No internet service,Month-to-month,No,Electronic check,25.08,987.4,No
2600-LFBJS,Female,0,Yes,Yes,50,No,No phone service,Fiber optic,No,No,Yes,No,No,No,Month-to-month,Yes,Electronic check,72.14,3607.94,Yes
7867-JHUSV,Male,0,No,No,35,Yes,Yes,No,No internet service,No internet service,No internet service,No internet service,No internet service,No internet service,Month-to-month,No,Bank transfer (automatic),38.87,1357.09,Yes
9154-VYKKH,Female,0,Yes,No,28,Yes,No,Fiber optic,Yes,No,No,No,No,No,Two year,No,Mailed check,101.02,2816.09,No
3116-TTVEM,Female,0,No,Yes,47,Yes,No,Fiber optic,No,No,No,No,No,Yes,Month-to-month,Yes,Electronic check,96.53,4523.27,No
2997-XGDPX,Female,0,Yes,Yes,0,Yes,No,DSL,No,No,No,Yes,No,No,Two year,Yes,Mailed check,70.97, ,No
9240-CHDHN,Male,0,No,No,58,Yes,No,Fiber optic,Yes,No,Yes,No,Yes,No,Month-to-month,Yes,Electronic check,105.23,6119.08,Yes
3524-BNBFA,Male,0,No,No,49,Yes,No,DSL,Yes,No,No,No,No,No,Two year,No,Bank transfer (automatic),74.01,3601.0,No
1781-LWUCA,Male,1,Yes,Yes,16,Yes,Yes,No,No internet service,No internet service,No internet service,No internet service,No internet service,No internet service,One year,Yes,Credit card (automatic),40.54,648.52,No
4042-RTVJE,Female,0,No,No,0,Yes,Yes,DSL,Yes,Yes,Yes,Yes,Yes,No,Month-to-month,Yes,Electronic check,93.25, ,Yes
1237-DBWGV,Male,0,Yes,No,11,Yes,No,DSL,No,Yes,No,Yes,No,No,Month-to-month,Yes,Bank transfer (automatic),73.03,812.75,Yes
5977-NLVBC,Male,0,No,No,51,Yes,Yes,No,No internet service,No internet service,No internet service,No internet service,No internet service,No internet service,Two year,No,Mailed check,40.71,2079.89,No
4810-KPTQG,Male,0,No,No,47,Yes,No,Fiber optic,No,No,No,No,Yes,Yes,One year,No,Mailed check,92.67,4357.48,No
3945-UENNU,Male,0,Yes,Yes,48,Yes,No,DSL,No,No,No,No,No,Yes,Month-to-month,Yes,Mailed check,71.44,3420.78,No
7428-MHJKF,Female,0,Yes,Yes,2,Yes,Yes,DSL,No,No,No,No,Yes,No,Two year,Yes,Bank transfer (automatic),68.23,120.36,No
6628-FRUZC,Female,0,No,No,1,Yes,No,Fiber optic,No,Yes,Yes,No,No,Yes,Month-to-month,Yes,Bank transfer (automatic),112.0,121.14,Yes
7836-CJEDE,Female,1,No,No,60,Yes,No,No,No internet service,No internet service,No internet service,No internet service,No internet service,No internet service,Month-to-month,Yes,Bank transfer (automatic),43.25,2569.36,No
1395-VBKSZ,Female,0,Yes,Yes,33,Yes,No,Fiber optic,No,Yes,No,No,No,No,Month-to-month,Yes,Electronic check,98.15,3263.32,Yes
8682-DZREL,Female,0,No,No,22,Yes,No,DSL,No,No,No,No,No,No,Two year,No,Mailed check,65.72,1427.99,No
9260-KEXYZ,Female,1,No,No,5,Yes,No,Fiber optic,No,Yes,No,Yes,No,No,Month-to-month,No,Credit card (automatic),102.56,494.36,Yes
9600-WLEQF,Female,0,No,No,8,Yes,Yes,Fiber optic,No,Yes,No,Yes,No,No,Two year,No,Electronic check,99.1,796.22,Yes
5257-RYGGT,Female,0,Yes,Yes,54,Yes,Yes,DSL,No,No,Yes,Yes,Yes,No,Month-to-month,Yes,Credit card (automatic),89.91,4837.29,No
1058-PTPKV,Male,1,Yes,Yes,55,Yes,Yes,Fiber optic,No,Yes,No,No,Yes,No,Month-to-month,Yes,Electronic check,108.3,5959.76,Yes
4338-TMANB,Male,0,Yes,No,20,Yes,Yes,DSL,No,No,Yes,No,No,No,Month-to-month,Yes,Mailed check,66.58,1331.96,No
9377-QJMQG,Female,0,Yes,No,16,Yes,No,Fiber optic,No,No,No,Yes,No,No,Two year,Yes,Bank transfer (automatic),96.49,1542.04,No
3595-LGUCV,Female,0,Yes,No,21,Yes,No,DSL,No,No,No,No,Yes,No,Month-to-month,Yes,Electronic check,79.92,1691.79,Yes
4136-PDKUG,Male,1,Yes,Yes,29,Yes,Yes,DSL,No,No,Yes,Yes,No,No,Two year,Yes,Mailed check,80.93,2325.09,No
2190-NDHLP,Male,0,No,No,61,Yes,No,DSL,No,Yes,No,No,Yes,Yes,Month-to-month,No,Electronic check,75.9,4622.64,No
6753-SWBJA,Female,0,Yes,No,30,No,No phone service,No,No internet service,No internet service,No internet service,No internet service,No internet service,No internet service,Two year,No,Electronic check,18.25,564.44,No
1084-FQXUR,Female,0,Yes,Yes,56,Yes,Yes,No,No internet service,No internet service,No internet service,No internet service,No internet service,No internet service,Month-to-month,Yes,Mailed check,40.43,2297.12,No
8002-EWXCM,Female,0,No,No,59,Yes,No,DSL,No,No,No,No,Yes,No,Month-to-month,No,Electronic check,74.77,4408.67,No
8469-MWYMB,Female,1,No,Yes,43,Yes,Yes,Fiber optic,Yes,No,Yes,No,No,No,Month-to-month,No,Bank transfer (automatic),103.39,4419.84,No
4060-FMQME,Male,1,No,No,19,Yes,Yes,No,No internet service,No internet service,No internet service,No internet service,No internet service,No internet service,Month-to-month,No,Bank transfer (automatic),44.75,865.96,No
3710-SAFXC,Female,0,No,No,72,Yes,Yes,No,No internet service,No internet service,No internet service,No internet service,No internet service,No internet service,Two year,No,Bank transfer (automatic),33.06,2358.28,No
4732-ECLNE,Male,0,Yes,Yes,46,Yes,Yes,DSL,Yes,No,No,No,Yes,Yes,Month-to-month,Yes,Electronic check,82.69,3789.09,No
1700-DRWEH,Female,0,No,No,50,Yes,Yes,Fiber optic,No,No,No,No,No,No,Two year,No,Electronic check,94.0,4711.61,No
4093-JFBNJ,Female,0,No,No,72,Yes,No,Fiber optic,No,No,No,No,No,No,One year,Yes,Credit card (automatic),87.33,6284.24,No
4079-GYQLE,Female,0,Yes,Yes,44,Yes,No,Fiber optic,Yes,No,No,No,No,No,One year,Yes,Credit card (automatic),89.03,3921.4,No
8209-XAYSC,Female,0,Yes,No,43,No,No phone service,No,No internet service,No internet service,No internet service,No internet service,No internet service,No internet service,Month-to-month,No,Credit card (automatic),19.94,877.15,No
7777-CBCMQ,Male,1,No,No,60,Yes,No,DSL,No,No,No,No,No,Yes,Two year,No,Bank transfer (automatic),68.69,4170.19,No
4665-CEWZU,Female,0,Yes,No,10,Yes,Yes,No,No internet service,No internet service,No internet service,No internet service,No internet service,No internet service,Two year,No,Mailed check,36.56,341.22,No
1930-VSNDZ,Female,0,Yes,No,70,Yes,Yes,DSL,No,Yes,Yes,No,No,No,Two year,Yes,Mailed check,70.57,4924.56,No
4983-BFKBH,Male,0,Yes,No,20,No,No phone service,DSL,No,Yes,No,No,Yes,No,Month-to-month,No,Bank transfer (automatic),55.98,1103.63,No
5215-YCPXV,Male,0,No,No,70,Yes,Yes,Fiber optic,Yes,No,No,Yes,No,No,Month-to-month,Yes,Electronic check,94.55,6653.71,No
9323-EVZHM,Female,0,No,No,39,Yes,No,No,No internet service,No internet service,No internet service,No internet service,No internet service,No internet service,Two year,Yes,Electronic check,43.58,1697.29,No
5777-MGZYK,Female,0,No,No,64,Yes,Yes,Fiber optic,No,No,No,Yes,No,No,One year,No,Electronic check,91.83,5901.99,No
8246-KVQMD,Female,0,No,Yes,23,Yes,No,No,No internet service,No internet service,No internet service,No internet service,No internet service,No internet service,Month-to-month,No,Bank transfer (automatic),42.3,972.7,No
6890-HFEZC,Male,0,No,No,55,No,No phone service,Fiber optic,No,No,Yes,No,No,No,Month-to-month,Yes,Electronic check,73.35,4019.75,No
8185-WAQPJ,Female,0,Yes,No,37,Yes,Yes,Fiber optic,No,Yes,No,No,Yes,No,Month-to-month,No,Electronic check,99.73,3690.18,Yes
6999-KLLVR,Female,1,Yes,No,47,Yes,No,DSL,No,No,No,No,Yes,No,One year,No,Electronic check,71.53,3343.41,No
4411-YVYTK,Male,0,No,No,39,Yes,Yes,DSL,No,No,No,No,Yes,No,Month-to-month,Yes,Credit card (automatic),69.16,2719.84,Yes
7955-HGLZP,Female,0,No,No,72,Yes,Yes,Fiber optic,Yes,No,Yes,No,No,No,Month-to-month,Yes,Bank transfer (automatic),106.78,7704.42,No
4452-MGRJP,Male,0,No,No,53,No,No phone service,DSL,Yes,No,No,Yes,No,No,Month-to-month,No,Mailed check,60.5,3175.87,No
4327-HZJBK,Female,0,No,No,18,Yes,No,No,No internet service,No internet service,No internet service,No internet service,No internet service,No internet service,Month-to-month,Yes,Electronic check,40.0,716.48,Yes
5788-CHDNT,Female,0,No,Yes,45,Yes,Yes,DSL,No,No,Yes,No,No,No,Month-to-month,Yes,Bank transfer (automatic),72.19,3242.8,Yes
9715-KWFUP,Male,0,No,No,26,Yes,No,Fiber optic,No,Yes,Yes,Yes,No,Yes,Month-to-month,Yes,Bank transfer (automatic),111.19,2894.74,Yes
7822-UNGNV,Female,0,No,No,50,Yes,Yes,DSL,Yes,No,No,Yes,No,No,One year,No,Electronic check,77.95,3882.72,No
9734-YEQCS,Female,0,Yes,Yes,34,Yes,Yes,Fiber optic,No,No,No,No,Yes,No,Two year,No,Electronic check,101.1,3454.17,Yes
9930-BRYWK,Male,1,Yes,No,15,Yes,No,DSL,Yes,No,No,No,Yes,Yes,Month-to-month,No,Bank transfer (automatic),82.94,1222.91,No
1935-YYPZA,Female,0,Yes,Yes,16,Yes,No,No,No internet service,No internet service,No internet service,No internet service,No internet service,No internet service,Two year,No,Credit card (automatic),40.74,627.99,No
6548-AYSXP,Male,0,Yes,No,30,Yes,No,DSL,Yes,No,No,Yes,Yes,No,One year,Yes,Electronic check,86.03,2581.88,No
1749-AJTDW,Male,0,Yes,Yes,35,Yes,No,Fiber optic,No,No,No,No,No,No,Two year,Yes,Mailed check,84.97,2977.63,No
3155-MEMLA,Male,0,Yes,No,60,Yes,No,Fiber optic,No,No,No,Yes,No,No,Month-to-month,No,Bank transfer (automatic),95.0,5690.33,No
6109-UYHXX,Male,0,No,Yes,46,Yes,Yes,No,No internet service,No internet service,No internet service,No internet service,No internet service,No internet service,One year,No,Bank transfer (automatic),38.66,1777.05,No
9894-JWPBG,Male,0,No,No,54,Yes,Yes,No,No internet service,No internet service,No internet service,No internet service,No internet service,No internet service,Month-to-month,Yes,Mailed check,38.17,2080.2,No
7047-DLUDM,Male,0,No,No,10,Yes,No,DSL,No,Yes,No,No,No,No,Two year,Yes,Credit card (automatic),67.61,675.99,No
2933-NFZBZ,Female,0,No,No,13,Yes,No,DSL,Yes,No,No,No,Yes,No,Month-to-month,No,Mailed check,78.6,1003.51,No
8126-WWEYQ,Female,0,Yes,No,2,Yes,Yes,DSL,No,No,No,Yes,Yes,No,Month-to-month,Yes,Bank transfer (automatic),77.43,132.97,Yes
9658-XPJCC,Female,0,Yes,Yes,4,Yes,Yes,No,No internet service,No internet service,No internet service,No internet service,No internet service,No internet service,Two year,Yes,Mailed check,37.52,153.97,No
4506-VNMFP,Female,0,No,No,10,Yes,Yes,No,No internet service,No internet service,No internet service,No internet service,No internet service,No internet service,Month-to-month,Yes,Electronic check,41.41,395.46,No
6742-ZTQXL,Male,0,Yes,No,47,Yes,No,Fiber optic,No,No,No,No,No,No,Two year,Yes,Mailed check,90.96,4278.05,No
9413-JDLDC,Female,0,No,No,33,Yes,No,Fiber optic,No,Yes,No,No,No,Yes,Month-to-month,Yes,Electronic check,108.9,3599.31,Yes
8929-VFWBG,Male,0,No,No,32,Yes,No,Fiber optic,No,No,No,No,No,No,Month-to-month,No,Electronic check,88.23,2838.79,Yes
7354-HTWBA,Male,0,Yes,No,53,Yes,No,No,No internet service,No internet service,No internet service,No internet service,No internet service,No internet service,Month-to-month,No,Electronic check,40.37,2142.39,No
9459-NNMLS,Female,0,No,No,29,Yes,No,DSL,Yes,No,Yes,No,No,No,One year,Yes,Credit card (automatic),75.0,2167.76,Yes
6217-DRSCK,Male,0,Yes,No,0,Yes,No,No,No internet service,No internet service,No internet service,No internet service,No internet service,No internet service,One year,Yes,Credit card (automatic),44.13,,No
8113-QDAPM,Male,0,No,No,1,Yes,No,Fiber optic,No,No,No,No,Yes,No,Two year,No,Electronic check,98.74,86.08,No
9648-NYFLD,Female,1,No,No,13,Yes,No,Fiber optic,No,Yes,No,No,Yes,Yes,One year,No,Bank transfer (automatic),102.06,1323.41,No
6167-EMJEC,Male,1,No,No,27,Yes,No,Fiber optic,No,No,Yes,No,Yes,No,One year,Yes,Bank transfer (automatic),103.22,2795.05,No
5607-YEKFV,Female,0,No,No,64,No,No phone service,Fiber optic,Yes,No,No,No,Yes,Yes,One year,No,Mailed check,87.5,5600.57,No
4733-ZFBPR,Male,0,No,No,13,Yes,Yes,No,No internet service,No internet service,No internet service,No internet service,No internet service,No internet service,Month-to-month,Yes,Electronic check,43.48,575.0,Yes
9915-WXRJL,Male,0,Yes,No,53,Yes,No,DSL,No,No,Yes,No,No,No,One year,No,Credit card (automatic),77.52,4082.57,No
2203-LJAEN,Male,0,No,No,2,Yes,Yes,DSL,No,No,Yes,No,No,Yes,Two year,No,Mailed check,75.34,193.45,No
4323-ZMZRA,Male,0,No,No,7,Yes,Yes,Fiber optic,No,No,No,No,No,No,Two year,Yes,Bank transfer (automatic),89.54,625.03,No
2830-SPHNX,Male,0,Yes,Yes,29,Yes,Yes,Fiber optic,No,No,Yes,No,Yes,No,Month-to-month,Yes,Credit card (automatic),102.89,2974.16,Yes
4497-BHYUW,Male,0,Yes,Yes,46,Yes,No,Fiber optic,No,No,Yes,No,No,Yes,Month-to-month,Yes,Credit card (automatic),93.44,4303.3,No
9203-CGBAW,Female,0,No,No,60,No,No phone service,Fiber optic,Yes,Yes,No,No,No,Yes,One year,Yes,Electronic check,93.05,5591.08,No
9431-DTNBX,Female,0,Yes,Yes,54,Yes,No,Fiber optic,No,No,No,No,Yes,No,One year,Yes,Mailed check,98.67,5322.92,No
8840-PSKVL,Male,0,No,No,65,Yes,No,No,No internet service,No internet service,No internet service,No internet service,No internet service,No internet service,Month-to-month,Yes,Mailed check,43.65,2823.13,No
9901-BEZGH,Female,0,Yes,Yes,31,Yes,No,Fiber optic,No,No,No,No,No,Yes,Two year,Yes,Bank transfer (automatic),94.32,2932.28,No
8120-ENGEZ,Male,0,Yes,Yes,17,Yes,No,No,No internet service,No internet service,No internet service,No internet service,No internet service,No internet service,Month-to-month,No,Credit card (automatic),37.03,653.79,No
2798-CSWDS,Female,0,No,No,30,Yes,Yes,Fiber optic,No,No,No,No,Yes,No,Month-to-month,No,Mailed check,103.59,3093.39,Yes
5866-VDZQW,Male,0,No,No,20,Yes,No,Fiber optic,No,No,No,No,No,Yes,Two year,Yes,Bank transfer (automatic),98.5,1987.51,No
4257-YRDYV,Female,1,No,No,25,No,No phone service,Fiber optic,No,No,Yes,Yes,Yes,No,One year,No,Mailed check,82.68,2043.5,No
3701-PKPZX,Male,1,Yes,No,7,Yes,No,Fiber optic,No,No,Yes,No,No,No,Two year,Yes,Mailed check,92.92,640.52,No
2939-ZLSUM,Female,0,No,No,56,Yes,No,DSL,No,No,No,No,No,No,Month-to-month,No,Electronic check,69.42,3891.61,No
5109-LWKGJ,Female,0,No,No,66,Yes,No,Fiber optic,No,No,Yes,No,Yes,No,Month-to-month,No,Electronic check,98.48,6521.53,No
2753-KCCTB,Male,0,Yes,No,6,Yes,Yes,DSL,No,No,No,Yes,No,No,Two year,No,Bank transfer (automatic),66.99,388.31,No
6113-UTLEY,Male,0,No,No,4,Yes,No,No,No internet service,No internet service,No internet service,No internet service,No internet service,No internet service,Month-to-month,Yes,Electronic check,41.61,170.13,Yes
8515-QCAHD,Male,0,Yes,No,58,Yes,Yes,No,No internet service,No internet service,No internet service,No internet service,No internet service,No internet service,Month-to-month,No,Electronic check,39.47,2289.82,No
8742-EGZVF,Male,0,Yes,No,68,Yes,No,Fiber optic,No,No,No,No,No,No,One year,Yes,Bank transfer (automatic),92.18,6249.66,No
4451-NRYWZ,Male,0,Yes,No,1,Yes,Yes,DSL,No,Yes,Yes,No,No,Yes,Two year,No,Electronic check,87.54,121.02,No
1365-FPBJD,Female,1,Yes,No,46,Yes,Yes,Fiber optic,Yes,Yes,No,Yes,No,No,Two year,No,Mailed check,105.44,4880.66,No
9395-BDEDP,Female,0,No,Yes,30,Yes,Yes,No,No internet service,No internet service,No internet service,No internet service,No internet service,No internet service,Two year,Yes,Mailed check,38.7,1139.36,No
4278-XGNRR,Male,0,No,No,57,Yes,Yes,DSL,Yes,No,No,No,No,Yes,Month-to-month,No,Electronic check,73.62,4188.44,No
8166-ENVWQ,Female,1,Yes,No,37,Yes,No,No,No internet service,No internet service,No internet service,No internet service,No internet service,No internet service,Two year,No,Electronic check,44.64,1670.91,No
6866-WQYDJ,Male,0,Yes,No,16,Yes,No,DSL,Yes,No,No,No,No,Yes,Month-to-month,No,Bank transfer (automatic),72.63,1157.31,Yes
2009-CMFKL,Female,0,No,No,21,Yes,No,Fiber optic,Yes,No,Yes,Yes,Yes,Yes,Month-to-month,Yes,Mailed check,118.75,2533.31,Yes
6587-YWKHU,Female,0,Yes,No,44,Yes,No,No,No internet service,No internet service,No internet service,No internet service,No internet service,No internet service,Month-to-month,Yes,Bank transfer (automatic),27.97,1215.8,No
2112-NLEQH,Female,0,Yes,Yes,18,Yes,Yes,Fiber optic,Yes,Yes,Yes,No,Yes,Yes,Month-to-month,No,Bank transfer (automatic),117.91,2113.0,No
2670-RESDL,Female,0,No,No,7,No,No phone service,DSL,No,No,No,No,Yes,Yes,Month-to-month,No,Mailed check,56.55,395.99,No
8271-FUTXE,Male,0,Yes,Yes,38,Yes,Yes,No,No internet service,No internet service,No internet service,No internet service,No internet service,No internet service,Two year,Yes,Mailed check,44.55,1695.24,No
7435-YUEVC,Female,0,No,No,48,Yes,No,No,No internet service,No internet service,No internet service,No internet service,No internet service,No internet service,Two year,Yes,Electronic check,39.47,1905.23,No
6299-MNNAN,Male,0,No,No,58,Yes,No,DSL,No,No,No,No,No,Yes,Month-to-month,Yes,Electronic check,75.09,4351.99,Yes
9429-LGZCM,Male,0,No,No,43,Yes,Yes,Fiber optic,No,Yes,No,No,No,No,Month-to-month,No,Electronic check,98.99,4234.7,Yes
5612-MYLZB,Female,0,No,No,29,Yes,Yes,Fiber optic,No,Yes,Yes,No,Yes,Yes,Month-to-month,Yes,Bank transfer (automatic),117.33,3429.84,Yes
7604-QFFTR,Male,0,Yes,No,60,Yes,No,Fiber optic,No,No,No,No,No,Yes,One year,Yes,Bank transfer (automatic),92.66,5583.69,No
6499-BQZAM,Female,0,Yes,Yes,33,Yes,Yes,Fiber optic,Yes,No,No,No,No,No,Two year,No,Electronic check,94.68,3163.77,No
5448-XGMTB,Male,0,No,No,47,Yes,Yes,No,No internet service,No internet service,No internet service,No internet service,No internet service,No internet service,One year,Yes,Mailed check,39.25,1830.96,No
8209-VTRTU,Male,1,No,No,65,Yes,No,DSL,No,Yes,No,Yes,Yes,No,Month-to-month,Yes,Credit card (automatic),80.47,5231.33,No
9129-LLREW,Female,0,No,No,70,Yes,Yes,DSL,No,Yes,Yes,No,No,No,Two year,Yes,Electronic check,78.11,5477.04,No
7933-RHJLR,Male,0,Yes,No,32,Yes,No,Fiber optic,Yes,Yes,Yes,No,No,Yes,Month-to-month,Yes,Bank transfer (automatic),118.75,3781.92,Yes
8001-SYZSJ,Female,0,No,No,35,No,No phone service,DSL,Yes,No,No,Yes,No,No,Two year,No,Mailed check,59.67,,No
6391-LRVJN,Female,0,Yes,Yes,63,Yes,Yes,DSL,No,Yes,No,No,No,No,Month-to-month,Yes,Bank transfer (automatic),70.29,4438.69,No
1410-TMMNF,Female,0,No,No,40,Yes,Yes,No,No internet service,No internet service,No internet service,No internet service,No internet service,No internet service,One year,Yes,Electronic check,31.71,1237.22,No
6381-TJDKE,Female,0,No,No,55,Yes,No,Fiber optic,No,No,Yes,Yes,Yes,No,Month-to-month,Yes,Credit card (automatic),106.63,5868.26,No
4365-RCTFX,Female,0,Yes,Yes,5,Yes,Yes,Fiber optic,No,No,No,No,No,No,Month-to-month,No,Mailed check,101.16,478.02,Yes
7591-GPCCY,Female,0,Yes,No,60,Yes,No,No,No internet service,No internet service,No internet service,No internet service,No internet service,No internet service,One year,Yes,Bank transfer (automatic),40.09,2411.37,Yes
8221-DGEKG,Female,0,No,No,7,Yes,No,No,No internet service,No internet service,No internet service,No internet service,No internet service,No internet service,Month-to-month,No,Bank transfer (automatic),39.18,256.63,No
3952-NEXTU,Male,0,No,No,28,Yes,Yes,Fiber optic,Yes,Yes,Yes,No,Yes,Yes,One year,Yes,Bank transfer (automatic),111.53,3115.27,Yes
2525-SWEUJ,Female,0,Yes,No,12,Yes,Yes,Fiber optic,No,No,Yes,No,No,No,One year,Yes,Mailed check,94.09,1104.11,No
8087-MVDKG,Male,1,Yes,Yes,67,Yes,No,DSL,No,Yes,No,No,No,No,Month-to-month,Yes,Bank transfer (automatic),68.5,4581.01,No
3235-HKDSP,Male,0,No,No,8,Yes,No,DSL,No,Yes,Yes,No,No,No,Month-to-month,No,Bank transfer (automatic),68.4,512.34,No
8462-SDBLM,Male,1,Yes,No,39,Yes,No,DSL,No,Yes,Yes,No,No,No,Two year,Yes,Bank transfer (automatic),80.9,3162.34,No
3162-UPTCV,Female,0,Yes,No,10,Yes,No,Fiber optic,Yes,No,Yes,No,No,Yes,Month-to-month,No,Bank transfer (automatic),108.07,1098.39,Yes
2854-LLVGF,Male,1,Yes,No,1,Yes,No,DSL,No,No,No,No,No,Yes,Month-to-month,No,Bank transfer (automatic),71.31,53.04,Yes
4056-JEEFM,Male,0,Yes,No,19,Yes,No,No,No internet service,No internet service,No internet service,No internet service,No internet service,No internet service,Month-to-month,No,Credit card (automatic),41.4,771.52,No
4089-KTFXU,Female,0,Yes,No,5,Yes,No,No,No internet service,No internet service,No internet service,No internet service,No internet service,No internet service,Month-to-month,Yes,Credit card (automatic),35.59,159.41,No
2572-HEGJD,Male,0,No,No,20,Yes,Yes,Fiber optic,Yes,No,No,No,Yes,No,Month-to-month,Yes,Electronic check,96.89,1948.08,No
1129-LSHWJ,Female,0,No,No,11,Yes,Yes,Fiber optic,No,No,Yes,No,No,No,One year,Yes,Credit card (automatic),98.27,1103.95,Yes
9106-FNUBY,Female,0,No,No,50,Yes,No,Fiber optic,No,No,No,Yes,No,Yes,Two year,Yes,Credit card (automatic),108.56,5445.11,No
4284-MRRAW,Female,0,Yes,No,12,Yes,Yes,DSL,No,Yes,No,No,No,No,Month-to-month,Yes,Bank transfer (automatic),78.74,952.24,Yes
6611-ZMQLX,Male,0,No,No,35,Yes,Yes,No,No internet service,No internet service,No internet service,No internet service,No internet service,No internet service,Month-to-month,Yes,Bank transfer (automatic),32.82,1160.49,No
8490-XNUJM,Male,0,Yes,No,0,Yes,Yes,DSL,No,Yes,Yes,No,No,No,Two year,No,Mailed check,77.01, ,No
7841-BTAPM,Female,1,No,No,67,Yes,No,Fiber optic,Yes,No,No,Yes,Yes,No,Two year,No,Mailed check,109.23,7326.04,No
5217-MMKLP,Male,0,No,No,32,Yes,No,DSL,Yes,No,No,No,Yes,No,Month-to-month,Yes,Mailed check,82.68,2671.72,Yes
7870-PRWZC,Female,0,No,No,25,No,No phone service,No,No internet service,No internet service,No internet service,No internet service,No internet service,No internet service,One year,Yes,Credit card (automatic),19.66,513.63,No
7415-FEVBW,Female,0,Yes,No,23,Yes,Yes,Fiber optic,No,No,Yes,No,Yes,Yes,Two year,No,Bank transfer (automatic),109.33,2523.86,No
7934-ZSWCX,Male,0,No,No,4,Yes,No,DSL,Yes,Yes,No,No,No,Yes,Two year,No,Electronic check,78.77,327.58,No
2442-HDKTG,Male,0,No,No,18,Yes,No,Fiber optic,No,Yes,Yes,No,No,No,Month-to-month,No,Bank transfer (automatic),101.31,1822.5,Yes
8398-QRYLJ,Male,0,Yes,No,61,No,No phone service,No,No internet service,No internet service,No internet service,No internet service,No internet service,No internet service,One year,No,Bank transfer (automatic),20.89,1271.77,No
9949-PQHFE,Male,0,No,No,28,Yes,No,Fiber optic,Yes,No,Yes,No,No,Yes,One year,No,Bank transfer (automatic),107.37,3035.89,No
3011-ETBRY,Male,0,Yes,No,61,Yes,Yes,Fiber optic,No,Yes,Yes,Yes,No,Yes,One year,No,Electronic check,118.75,7233.71,No
7889-KBWAS,Male,0,Yes,Yes,13,Yes,No,DSL,No,No,No,No,Yes,Yes,Two year,No,Bank transfer (automatic),77.19,1023.48,No
7037-ETEFV,Female,0,No,No,26,Yes,Yes,Fiber optic,No,No,No,No,No,No,Month-to-month,No,Credit card (automatic),80.72,2098.18,Yes
9811-GYXUD,Male,0,No,No,46,Yes,Yes,Fiber optic,No,No,Yes,Yes,No,No,Month-to-month,No,Electronic check,99.71,4583.24,No
3694-SZVLF,Female,0,Yes,Yes,5,Yes,No,DSL,Yes,Yes,No,No,Yes,Yes,One year,Yes,Mailed check,88.66,444.98,No
9642-GJZPG,Male,0,Yes,Yes,25,Yes,No,Fiber optic,No,No,Yes,Yes,Yes,No,Two year,No,Electronic check,107.88,2686.7,No
1048-LZLSG,Female,0,Yes,Yes,64,Yes,No,Fiber optic,No,No,Yes,No,Yes,No,Two year,No,Mailed check,103.12,6608.4,No
7979-UQUPK,Male,1,Yes,No,36,Yes,No,Fiber optic,No,Yes,No,No,Yes,No,Month-to-month,No,Bank transfer (automatic),104.28,3763.98,Yes
7640-WWFSA,Male,0,Yes,Yes,68,Yes,No,Fiber optic,No,No,No,Yes,Yes,No,Two year,Yes,Credit card (automatic),96.84,6606.88,No
6147-PJZXA,Female,0,Yes,No,10,No,No phone service,No,No internet service,No internet service,No internet service,No internet service,No internet service,No internet service,Month-to-month,Yes,Mailed check,23.04,246.37,Yes
2879-EXNTV,Female,0,No,No,72,Yes,No,No,No internet service,No internet service,No internet service,No internet service,No internet service,No internet service,Two year,Yes,Credit card (automatic),43.77,3162.49,No
7907-CDKJT,Male,0,No,No,64,Yes,No,Fiber optic,No,No,No,No,No,No,One year,No,Credit card (automatic),91.67,5881.91,No
2405-JFEEE,Female,0,No,No,28,Yes,No,Fiber optic,Yes,No,No,No,No,No,Month-to-month,No,Credit card (automatic),105.47,2948.3,No
6078-KLMTW,Female,0,No,No,41,Yes,No,DSL,Yes,Yes,No,No,Yes,No,Month-to-month,No,Mailed check,86.8,3550.27,Yes
5737-RTSDZ,Female,0,Yes,No,9,Yes,No,Fiber optic,No,No,No,Yes,Yes,No,Month-to-month,Yes,Electronic check,94.98,822.85,No
2483-KRKFY,Female,0,Yes,Yes,11,Yes,No,Fiber optic,No,No,Yes,No,No,Yes,Month-to-month,Yes,Bank transfer (automatic),96.21,1062.13,No
1643-FZTCU,Female,0,Yes,No,27,Yes,Yes,DSL,No,No,No,No,No,No,Month-to-month,No,Bank transfer (automatic),67.6,1848.79,No
9724-CKMDE,Female,0,Yes,No,23,Yes,No,No,No internet service,No internet service,No internet service,No internet service,No internet service,No internet service,Two year,Yes,Mailed check,41.15,934.04,No
2563-EKMFG,Male,0,No,No,42,Yes,No,Fiber optic,No,Yes,No,No,No,Yes,Month-to-month,Yes,Credit card (automatic),107.39,4504.46,Yes
2729-VFXNV,Female,0,Yes,Yes,66,Yes,No,Fiber optic,No,Yes,Yes,Yes,Yes,Yes,Two year,No,Electronic check,118.75,7827.11,No
6726-GQGCG,Female,1,No,No,3,Yes,No,DSL,No,No,No,No,No,No,Month-to-month,Yes,Credit card (automatic),69.32,224.16,Yes
3480-DAYNK,Male,0,No,No,61,Yes,No,No,No internet service,No internet service,No internet service,No internet service,No internet service,No internet service,One year,Yes,Credit card (automatic),44.31,2703.66,No
9368-FKWRK,Male,0,Yes,No,20,Yes,No,DSL,No,No,Yes,No,No,No,One year,Yes,Bank transfer (automatic),67.15,1350.71,Yes
3302-ACDUR,Male,0,Yes,No,47,Yes,No,DSL,No,Yes,No,Yes,Yes,No,Month-to-month,Yes,Credit card (automatic),87.0,4099.0,No
4900-UDFKY,Female,0,No,No,68,Yes,No,DSL,No,No,Yes,No,Yes,No,Month-to-month,No,Electronic check,73.4,4965.02,No
6527-WFWBF,Female,0,No,No,53,Yes,No,No,No internet service,No internet service,No internet service,No internet service,No internet service,No internet service,Two year,No,Mailed check,46.84,2496.16,No
5706-BWWNH,Female,0,Yes,Yes,3,Yes,No,DSL,No,Yes,Yes,No,No,No,Month-to-month,Yes,Electronic check,76.76,243.34,No
1890-QNUQD,Female,1,No,No,43,Yes,No,Fiber optic,No,No,No,No,No,No,Month-to-month,Yes,Electronic check,93.31,4005.09,No
2095-UDYCT,Female,0,Yes,No,11,Yes,Yes,No,No internet service,No internet service,No internet service,No internet service,No internet service,No internet service,Two year,Yes,Electronic check,38.92,424.21,No
9776-LBXEN,Male,0,No,No,18,Yes,No,DSL,No,Yes,No,No,No,No,Month-to-month,Yes,Electronic check,62.89,1117.43,Yes
9859-TBVDT,Female,1,No,No,42,Yes,No,Fiber optic,No,Yes,No,No,Yes,Yes,Month-to-month,No,Electronic check,106.49,4486.61,Yes
6587-GLCZF,Male,0,Yes,No,42,Yes,Yes,Fiber optic,Yes,Yes,No,No,No,Yes,Month-to-month,Yes,Bank transfer (automatic),108.25,4581.68,No
3777-NSNNP,Female,0,Yes,Yes,69,Yes,No,DSL,No,No,No,No,No,Yes,One year,Yes,Electronic check,74.32,5123.88,Yes
8718-KVUZX,Female,0,No,Yes,20,Yes,No,Fiber optic,Yes,Yes,Yes,Yes,No,Yes,Two year,Yes,Bank transfer (automatic),116.37,2325.32,No
8182-FUTGS,Male,0,No,No,68,Yes,Yes,DSL,No,Yes,No,No,No,No,Month-to-month,Yes,Bank transfer (automatic),69.9,4756.62,No
3276-NVEJV,Female,0,No,No,31,Yes,No,DSL,Yes,No,No,No,No,No,Month-to-month,Yes,Bank transfer (automatic),71.97,2226.87,No
5083-ZATVY,Female,0,No,No,18,Yes,No,No,No internet service,No internet service,No internet service,No internet service,No internet service,No internet service,Month-to-month,Yes,Credit card (automatic),42.97,757.22,No
2410-ZKJJR,Female,0,No,No,45,Yes,No,DSL,Yes,Yes,No,No,No,No,Two year,No,Bank transfer (automatic),78.15,3515.06,No
6932-MBZFC,Male,0,No,No,44,Yes,No,DSL,No,No,No,No,No,No,Two year,No,Bank transfer (automatic),63.82,2799.83,No
6375-KQXCG,Female,0,No,No,65,Yes,Yes,No,No internet service,No internet service,No internet service,No internet service,No internet service,No internet service,Month-to-month,Yes,Electronic check,34.14,2248.37,No
5648-UQKQZ,Male,0,Yes,Yes,70,Yes,No,No,No internet service,No internet service,No internet service,No internet service,No internet service,No internet service,Month-to-month,Yes,Electronic check,42.1,2948.61,No
5320-XUHFU,Female,0,Yes,Yes,48,Yes,No,Fiber optic,Yes,No,No,No,No,No,One year,No,Bank transfer (automatic),89.79,4327.08,No
2867-JFQHR,Female,0,No,No,45,Yes,No,Fiber optic,Yes,Yes,Yes,No,No,Yes,One year,Yes,Credit card (automatic),113.95,5113.87,No
9412-VYALF,Female,1,Yes,No,20,Yes,No,No,No internet service,No internet service,No internet service,No internet service,No internet service,No internet service,One year,Yes,Bank transfer (automatic),43.0,866.08,No
9259-THPQM,Male,1,Yes,Yes,16,Yes,No,DSL,No,No,Yes,Yes,No,No,Month-to-month,No,Credit card (automatic),81.88,1325.79,Yes
5268-BLJVW,Female,0,Yes,No,43,Yes,No,Fiber optic,No,No,Yes,No,Yes,Yes,Month-to-month,No,Credit card (automatic),106.85,4631.78,No
7752-AWKKY,Male,0,No,Yes,50,Yes,No,DSL,No,No,Yes,No,Yes,No,Month-to-month,Yes,Credit card (automatic),79.58,4001.02,No
8804-BJTNG,Female,1,No,No,26,Yes,No,No,No internet service,No internet service,No internet service,No internet service,No internet service,No internet service,Two year,Yes,Bank transfer (automatic),39.94,1046.27,No
5722-WFTTX,Male,0,No,Yes,37,Yes,No,Fiber optic,Yes,No,Yes,No,No,No,Month-to-month,Yes,Credit card (automatic),100.92,3737.75,No
3681-FPNKU,Male,1,No,No,41,Yes,No,No,No internet service,No internet service,No internet service,No internet service,No internet service,No internet service,Month-to-month,Yes,Bank transfer (automatic),32.95,1358.0,No
8190-FVFKA,Male,0,No,No,36,Yes,Yes,No,No internet service,No internet service,No internet service,No internet service,No internet service,No internet service,Two year,Yes,Mailed check,42.26,1515.68,No
4063-ZLTCR,Female,0,No,No,3,Yes,No,No,No internet service,No internet service,No internet service,No internet service,No internet service,No internet service,Two year,Yes,Electronic check,46.62,169.15,No
4343-TYNCM,Male,0,Yes,Yes,35,Yes,No,DSL,No,Yes,Yes,No,Yes,No,Two year,Yes,Credit card (automatic),78.05,2744.75,No
2107-LBRHE,Female,0,No,No,15,Yes,No,Fiber optic,No,Yes,Yes,Yes,Yes,Yes,One year,Yes,Mailed check,118.75,1790.68,Yes
1155-XWVBJ,Female,0,No,Yes,8,Yes,Yes,No,No internet service,No internet service,No internet service,No internet service,No internet service,No internet service,One year,No,Electronic check,39.31,315.12,No
9741-PDDGZ,Female,0,No,No,34,No,No phone service,DSL,Yes,No,Yes,No,No,Yes,Month-to-month,No,Bank transfer (automatic),60.4,2042.54,No
2526-XSYVH,Male,0,No,No,57,No,No phone service,DSL,No,No,No,No,No,Yes,Month-to-month,No,Electronic check,52.61,3009.23,Yes
8450-EGFDC,Male,0,No,No,58,No,No phone service,Fiber optic,No,Yes,No,No,No,No,One year,No,Mailed check,77.27,4475.04,No
2686-CKBBZ,Male,1,Yes,Yes,25,Yes,Yes,Fiber optic,Yes,No,Yes,Yes,No,No,Month-to-month,Yes,Credit card (automatic),106.59,2685.93,No
1789-BADNV,Female,1,Yes,No,41,Yes,Yes,Fiber optic,No,No,No,No,Yes,No,Month-to-month,No,Bank transfer (automatic),89.71,3657.36,No
7613-PCUAR,Female,0,Yes,No,13,Yes,Yes,DSL,No,No,No,No,Yes,No,One year,No,Electronic check,77.99,1027.4,No
4683-XHRLN,Male,0,Yes,Yes,20,Yes,Yes,Fiber optic,No,Yes,No,No,No,No,Month-to-month,Yes,Electronic check,93.12,1872.36,Yes
9448-TKLSJ,Female,0,Yes,No,32,Yes,Yes,DSL,No,No,No,No,No,No,One year,No,Bank transfer (automatic),75.08,2421.14,No
2510-MBELV,Female,0,No,No,28,Yes,Yes,No,No internet service,No internet service,No internet service,No internet service,No internet service,No internet service,Month-to-month,Yes,Electronic check,44.22,1273.67,No
8031-GLDUF,Female,0,Yes,Yes,46,Yes,No,Fiber optic,No,No,No,No,Yes,No,Two year,Yes,Electronic check,95.03,4373.82,No
8194-WSHYS,Male,0,No,No,54,Yes,No,Fiber optic,No,Yes,No,No,Yes,No,Two year,No,Electronic check,108.53,5856.85,Yes
6811-WXBXU,Male,1,Yes,No,40,Yes,No,DSL,Yes,No,No,No,No,Yes,One year,Yes,Electronic check,69.66,2770.39,No
2858-HUFLS,Female,0,Yes,Yes,2,Yes,No,Fiber optic,Yes,Yes,No,Yes,Yes,No,Month-to-month,No,Credit card (automatic),118.75,234.11,No
6853-XCHZP,Male,1,No,No,59,Yes,No,No,No internet service,No internet service,No internet service,No internet service,No internet service,No internet service,Month-to-month,No,Mailed check,39.45,2314.3,No
3238-GJPGQ,Female,1,Yes,No,33,Yes,No,DSL,No,Yes,No,Yes,No,No,Two year,Yes,Mailed check,77.4,2547.13,No
5006-QDQYD,Female,0,Yes,No,61,Yes,No,Fiber optic,No,No,No,No,Yes,No,Month-to-month,No,Bank transfer (automatic),95.5,5820.78,No
3946-SQSPS,Male,1,Yes,Yes,19,Yes,Yes,Fiber optic,No,Yes,No,Yes,No,Yes,Two year,Yes,Electronic check,108.53,2052.15,No
6483-BULBK,Male,0,No,Yes,45,Yes,Yes,DSL,No,No,Yes,No,Yes,No,Month-to-month,Yes,Electronic check,77.19,3447.66,No
4916-CZFHL,Female,0,Yes,Yes,17,Yes,No,No,No internet service,No internet service,No internet service,No internet service,No internet service,No internet service,Two year,Yes,Electronic check,38.88,659.91,No
8491-TUFWV,Male,0,No,No,40,Yes,Yes,Fiber optic,Yes,Yes,No,Yes,Yes,No,Month-to-month,Yes,Credit card (automatic),109.91,4381.98,No
5174-PAUZM,Female,0,Yes,No,61,Yes,Yes,Fiber optic,Yes,No,Yes,No,No,Yes,One year,Yes,Electronic check,103.3,6317.71,No
5863-MBQTY,Male,0,Yes,Yes,41,Yes,No,No,No internet service,No internet service,No internet service,No internet service,No internet service,No internet service,Month-to-month,Yes,Bank transfer (automatic),40.83,1646.08,No
9367-MZNRQ,Male,0,Yes,No,72,Yes,No,DSL,Yes,No,Yes,Yes,No,Yes,Two year,No,Bank transfer (automatic),97.06,7000.25,No
9987-TCBKN,Female,0,Yes,Yes,28,Yes,Yes,Fiber optic,Yes,Yes,No,Yes,Yes,Yes,One year,No,Mailed check,118.75,3337.69,Yes
7016-MNYJM,Male,0,No,No,9,No,No phone service,DSL,No,Yes,Yes,Yes,Yes,No,One year,Yes,Bank transfer (automatic),63.36,585.52,No
6015-MZZNL,Female,0,Yes,No,34,Yes,No,No,No internet service,No internet service,No internet service,No internet service,No internet service,No internet service,Month-to-month,Yes,Electronic check,47.82,1639.76,No
6300-ELFDC,Male,0,No,No,60,Yes,Yes,No,No internet service,No internet service,No internet service,No internet service,No internet service,No internet service,One year,No,Electronic check,37.53,2256.15,No
6283-ARLJU,Male,1,No,No,38,Yes,Yes,Fiber optic,No,Yes,No,No,Yes,No,Month-to-month,Yes,Bank transfer (automatic),106.22,4028.09,Yes
5848-TTAFP,Female,0,Yes,Yes,44,Yes,No,Fiber optic,No,Yes,Yes,No,No,Yes,Month-to-month,No,Electronic check,101.99,4476.52,No
9778-DCYZE,Male,0,No,No,58,Yes,No,Fiber optic,No,No,No,Yes,Yes,No,Month-to-month,Yes,Credit card (automatic),111.34,6448.41,No
4614-REHKR,Male,1,No,No,19,Yes,No,Fiber optic,No,Yes,No,Yes,No,Yes,Month-to-month,Yes,Bank transfer (automatic),102.69,1942.14,Yes
3772-KGUDF,Male,0,No,Yes,54,Yes,No,Fiber optic,No,Yes,No,No,No,Yes,Two year,Yes,Electronic check,101.52,5509.34,No
3249-XYNDU,Male,0,No,No,69,No,No phone service,DSL,Yes,No,No,No,No,Yes,Month-to-month,Yes,Electronic check,61.12,4213.55,No
5428-WJZVF,Male,0,Yes,No,14,No,No phone service,No,No internet service,No internet service,No internet service,No internet service,No internet service,No internet service,Two year,No,Bank transfer (automatic),20.6,299.49,No
7529-GJGSG,Male,1,No,No,13,Yes,No,Fiber optic,No,No,No,No,No,No,Month-to-month,Yes,Credit card (automatic),90.56,1172.9,Yes
6748-PUZAZ,Male,0,No,No,71,Yes,Yes,DSL,No,Yes,No,No,No,Yes,Month-to-month,No,Mailed check,66.76,4695.19,Yes
1984-NJRTW,Male,0,No,No,70,Yes,No,Fiber optic,No,No,Yes,Yes,No,No,One year,Yes,Electronic check,98.16,6859.4,No
4617-YHEKN,Male,0,Yes,No,70,Yes,No,Fiber optic,Yes,No,Yes,No,No,No,Two year,No,Bank transfer (automatic),112.1,7854.52,No
7012-VFHYL,Male,0,Yes,Yes,62,Yes,No,Fiber optic,No,No,No,No,No,Yes,Month-to-month,No,Mailed check,98.93,6144.63,Yes
3173-ZLZYX,Male,0,No,No,20,Yes,No,No,No internet service,No internet service,No internet service,No internet service,No internet service,No internet service,One year,Yes,Bank transfer (automatic),47.92,951.18,No
6235-VZGAH,Female,0,Yes,No,40,Yes,No,DSL,No,Yes,No,No,No,Yes,Two year,No,Mailed check,81.98,3246.19,No
6731-PBPEN,Female,1,Yes,No,72,Yes,No,Fiber optic,No,No,No,No,No,Yes,Two year,No,Mailed check,94.17,6769.43,No
6180-RKKST,Male,1,Yes,No,51,Yes,Yes,Fiber optic,Yes,Yes,Yes,No,No,No,Two year,No,Mailed check,114.87,5868.02,No
8268-JLHND,Male,0,No,No,38,No,No phone service,DSL,Yes,No,No,No,No,No,Month-to-month,Yes,Credit card (automatic),52.61,2006.84,No
4870-ENWZL,Female,0,Yes,Yes,44,Yes,Yes,No,No internet service,No internet service,No internet service,No internet service,No internet service,No internet service,Two year,No,Mailed check,40.83,1813.01,No
1506-FCUZP,Female,1,Yes,Yes,16,Yes,No,Fiber optic,No,Yes,Yes,Yes,Yes,No,Two year,No,Mailed check,110.4,1766.13,Yes
2591-AZHCE,Female,0,No,No,25,Yes,Yes,Fiber optic,Yes,Yes,No,No,No,Yes,Month-to-month,No,Electronic check,102.66,2541.18,Yes
3297-RXGSB,Male,0,Yes,No,52,No,No phone service,DSL,Yes,No,Yes,No,No,No,One year,No,Electronic check,53.82,2795.42,No
1090-BYPVA,Female,0,Yes,Yes,70,No,No phone service,Fiber optic,Yes,No,No,No,No,Yes,Month-to-month,Yes,Electronic check,77.48,5431.41,No
1200-WCDNQ,Female,0,No,No,3,Yes,Yes,Fiber optic,No,No,Yes,No,Yes,No,Month-to-month,No,Credit card (automatic),100.1,272.26,Yes
3059-LSLKB,Male,0,Yes,Yes,30,Yes,No,Fiber optic,Yes,No,No,No,Yes,Yes,Month-to-month,Yes,Credit card (automatic),114.23,3420.02,No
5066-VRXDA,Male,0,Yes,No,50,Yes,No,Fiber optic,Yes,No,No,Yes,Yes,Yes,Month-to-month,No,Bank transfer (automatic),117.11,5860.49,No
5932-EQXJP,Female,0,No,No,33,Yes,No,Fiber optic,No,Yes,No,No,No,No,One year,Yes,Mailed check,99.88,3299.93,No
7134-DXEVR,Female,0,No,No,60,Yes,Yes,No,No internet service,No internet service,No internet service,No internet service,No internet service,No internet service,Two year,Yes,Bank transfer (automatic),35.15,2115.0,No
2268-TEQZY,Female,0,Yes,Yes,47,Yes,No,DSL,Yes,No,Yes,No,No,Yes,Month-to-month,No,Electronic check,76.75,3592.71,No
8840-MPHYM,Female,1,No,No,25,Yes,Yes,No,No internet service,No internet service,No internet service,No internet service,No internet service,No internet service,Month-to-month,Yes,Electronic check,35.81,901.57,No
7943-JTFTB,Female,0,No,No,55,Yes,Yes,Fiber optic,No,No,Yes,No,No,No,Month-to-month,Yes,Electronic check,91.91,5063.58,No
1943-JMTJA,Female,0,No,No,24,Yes,No,DSL,No,No,No,No,No,No,Two year,Yes,Bank transfer (automatic),66.21,1587.71,No
3928-LPRFQ,Male,0,No,No,30,No,No phone service,Fiber optic,No,No,No,No,No,No,Month-to-month,Yes,Mailed check,65.45,1958.25,No
6683-UNVFT,Male,0,No,No,19,Yes,No,Fiber optic,No,No,No,No,Yes,Yes,Two year,No,Electronic check,98.98,1891.43,No
1412-CWMQQ,Male,0,Yes,No,72,Yes,No,No,No internet service,No internet service,No internet service,No internet service,No internet service,No internet service,Month-to-month,Yes,Mailed check,43.03,3131.06,No
7253-FEBWF,Female,0,No,No,29,Yes,Yes,Fiber optic,Yes,No,No,No,No,Yes,One year,Yes,Credit card (automatic),102.1,2982.11,No
6175-LDKBE,Female,0,Yes,Yes,69,Yes,No,DSL,No,No,No,No,Yes,Yes,One year,Yes,Mailed check,77.12,5329.33,No
2257-VPYLE,Female,0,Yes,No,41,Yes,Yes,Fiber optic,Yes,No,No,Yes,No,Yes,Two year,Yes,Mailed check,112.26,4580.57,No
6476-YNAHY,Male,0,No,No,9,Yes,Yes,Fiber optic,Yes,No,No,Yes,No,No,One year,Yes,Mailed check,101.5,929.02,Yes
5664-YNAWU,Female,0,Yes,No,55,No,No phone service,Fiber optic,No,No,Yes,No,Yes,No,Two year,Yes,Electronic check,84.27,4625.78,No
7436-ZEXFZ,Female,0,Yes,Yes,14,Yes,Yes,DSL,No,Yes,No,No,No,No,Month-to-month,Yes,Electronic check,73.84,1039.97,No
2722-PUBBW,Female,0,Yes,Yes,64,Yes,No,DSL,No,No,No,No,Yes,No,One year,No,Electronic check,75.45,4820.03,No
1543-QYQML,Female,0,No,No,70,Yes,No,Fiber optic,Yes,No,Yes,Yes,No,No,Month-to-month,No,Mailed check,102.69,7185.16,No
6742-PNDRT,Female,0,No,No,40,No,No phone service,Fiber optic,No,No,No,No,Yes,Yes,Two year,Yes,Credit card (automatic),83.36,3331.48,No
7378-BSTEW,Female,0,Yes,Yes,29,Yes,Yes,No,No internet service,No internet service,No internet service,No internet service,No internet service,No internet service,Month-to-month,Yes,Electronic check,44.49,1299.77,No
5714-MTNPH,Male,0,No,No,34,Yes,No,Fiber optic,Yes,No,Yes,No,Yes,Yes,One year,No,Electronic check,109.41,3737.36,Yes
9349-ZDTAJ,Female,0,Yes,Yes,56,No,No phone service,Fiber optic,No,Yes,Yes,No,No,Yes,Two year,No,Electronic check,81.8,4581.86,No
9729-EKFTM,Male,1,No,No,27,Yes,Yes,No,No internet service,No internet service,No internet service,No internet service,No internet service,No internet service,Month-to-month,Yes,Electronic check,40.92,1107.49,No
6337-YNTCF,Female,1,No,No,3,Yes,Yes,DSL,No,No,Yes,Yes,No,Yes,Month-to-month,Yes,Mailed check,72.55,231.55,No
9520-WRKEW,Female,0,Yes,No,43,Yes,Yes,No,No internet service,No internet service,No internet service,No internet service,No internet service,No internet service,Month-to-month,No,Bank transfer (automatic),45.61,1965.78,No
8066-FQQMY,Male,0,No,No,53,Yes,Yes,DSL,Yes,No,No,No,No,No,Month-to-month,Yes,Bank transfer (automatic),78.62,4152.09,No
2116-GCSRZ,Female,0,Yes,Yes,10,Yes,No,No,No internet service,No internet service,No internet service,No internet service,No internet service,No internet service,One year,Yes,Electronic check,37.53,378.78,No
5880-DLCSS,Male,0,No,No,26,Yes,Yes,Fiber optic,No,No,No,Yes,No,Yes,Month-to-month,Yes,Bank transfer (automatic),95.93,2509.27,Yes
8717-JHBKM,Female,0,Yes,No,34,Yes,No,No,No internet service,No internet service,No internet service,No internet service,No internet service,No internet service,Month-to-month,Yes,Mailed check,46.92,1596.05,No
7789-UDGNJ,Female,0,Yes,No,44,Yes,No,Fiber optic,No,No,Yes,Yes,No,Yes,Month-to-month,No,Electronic check,113.07,4950.72,No
1229-WTNHW,Male,0,No,No,37,Yes,Yes,No,No internet service,No internet service,No internet service,No internet service,No internet service,No internet service,Month-to-month,Yes,Credit card (automatic),49.12,1829.11,No
1317-LVYGR,Male,1,No,No,55,Yes,Yes,No,No internet service,No internet service,No internet service,No internet service,No internet service,No internet service,Month-to-month,No,Credit card (automatic),32.03,1774.53,Yes
2706-CJXSM,Female,0,No,No,45,Yes,Yes,DSL,No,No,Yes,Yes,No,No,One year,Yes,Mailed check,72.83,3284.43,No
3545-DGDES,Female,0,No,No,52,Yes,No,Fiber optic,No,No,Yes,No,Yes,No,Month-to-month,Yes,Bank transfer (automatic),96.82,5042.94,No
2194-BPGLD,Male,1,Yes,Yes,5,No,No phone service,DSL,Yes,Yes,No,No,No,Yes,Two year,No,Bank transfer (automatic),58.46,297.22,No
2889-LSKPN,Male,0,Yes,No,67,Yes,No,Fiber optic,No,No,No,No,Yes,No,Month-to-month,Yes,Credit card (automatic),98.17,6577.91,No
3419-GLASQ,Male,0,No,No,31,Yes,No,No,No internet service,No internet service,No internet service,No internet service,No internet service,No internet service,Month-to-month,No,Electronic check,36.72,1119.42,No
3754-JHRUC,Male,1,Yes,Yes,30,Yes,Yes,Fiber optic,No,No,No,Yes,No,Yes,Month-to-month,Yes,Electronic check,106.04,3181.44,No
4719-ALFJL,Female,0,No,No,55,Yes,No,Fiber optic,No,Yes,Yes,No,No,No,Month-to-month,Yes,Bank transfer (automatic),102.86,5638.62,No
3913-KUVAK,Female,0,Yes,Yes,30,Yes,Yes,No,No internet service,No internet service,No internet service,No internet service,No internet service,No internet service,Two year,No,Electronic check,33.3,1027.46,No
8621-NEQDA,Male,0,Yes,No,57,Yes,Yes,Fiber optic,No,Yes,No,No,No,No,One year,Yes,Credit card (automatic),99.14,5652.16,No
6691-NUJWL,Female,0,Yes,No,60,Yes,No,DSL,Yes,No,No,No,Yes,Yes,Month-to-month,No,Electronic check,88.32,5285.1,Yes
7641-CCUWY,Female,0,Yes,Yes,39,Yes,No,Fiber optic,No,No,Yes,No,No,No,Two year,Yes,Bank transfer (automatic),99.44,3876.79,No
3921-AZQFU,Female,1,Yes,No,41,No,No phone service,No,No internet service,No internet service,No internet service,No internet service,No internet service,No internet service,One year,Yes,Electronic check,20.13,818.11,No
9134-GUUNR,Male,0,Yes,No,63,Yes,Yes,Fiber optic,No,No,Yes,No,Yes,No,Two year,No,Bank transfer (automatic),99.25,6233.62,No
3425-YZZTB,Male,1,Yes,No,54,Yes,No,DSL,No,Yes,Yes,No,No,No,Month-to-month,Yes,Electronic check,73.14,3959.3,No
4297-LZPND,Female,0,No,No,55,Yes,No,No,No internet service,No internet service,No internet service,No internet service,No internet service,No internet service,Month-to-month,Yes,Electronic check,29.66,1613.93,No
8142-JCZEA,Male,1,Yes,No,51,Yes,Yes,No,No internet service,No internet service,No internet service,No internet service,No internet service,No internet service,Month-to-month,Yes,Electronic check,43.47,2197.27,No
1700-LCWNH,Male,0,Yes,Yes,58,Yes,No,DSL,No,Yes,No,Yes,No,Yes,Month-to-month,No,Bank transfer (automatic),85.71,4975.65,No
1028-MDZGM,Female,0,Yes,No,56,Yes,No,Fiber optic,No,Yes,No,No,Yes,Yes,Two year,Yes,Electronic check,106.47,5961.75,No
1167-DEBTY,Male,1,Yes,No,57,Yes,Yes,DSL,No,No,No,Yes,No,No,Month-to-month,No,Mailed check,69.27,3951.52,No
9867-GUNBC,Female,1,Yes,Yes,29,Yes,No,No,No internet service,No internet service,No internet service,No internet service,No internet service,No internet service,Month-to-month,No,Credit card (automatic),34.36,1007.15,No
5929-LAYTN,Female,0,Yes,No,53,Yes,Yes,Fiber optic,No,No,No,Yes,No,No,One year,Yes,Electronic check,98.13,5204.54,No
9881-ZZGXN,Male,0,Yes,No,37,Yes,No,DSL,No,No,No,No,No,Yes,One year,Yes,Electronic check,75.94,2799.89,Yes
7533-WDLDG,Female,0,No,No,62,Yes,No,DSL,Yes,No,Yes,No,Yes,No,Month-to-month,Yes,Bank transfer (automatic),84.51,5260.05,Yes
4721-WWKHN,Female,0,Yes,No,36,Yes,Yes,Fiber optic,Yes,Yes,No,No,No,Yes,Month-to-month,Yes,Electronic check,104.16,3744.68,Yes
9205-ZFESH,Male,0,Yes,Yes,7,Yes,Yes,No,No internet service,No internet service,No internet service,No internet service,No internet service,No internet service,Month-to-month,No,Bank transfer (automatic),38.88,277.5,No
2797-AKKPE,Male,0,No,No,59,Yes,No,Fiber optic,Yes,No,No,Yes,No,No,Month-to-month,No,Mailed check,97.14,5729.25,No
7428-SMENS,Female,0,Yes,Yes,36,Yes,No,No,No internet service,No internet service,No internet service,No internet service,No internet service,No internet service,Two year,No,Credit card (automatic),37.72,1366.99,No
4354-GNJKJ,Female,0,Yes,Yes,3,Yes,Yes,Fiber optic,Yes,No,No,No,No,No,Month-to-month,Yes,Electronic check,102.43,304.79,Yes
3730-TMMRJ,Female,1,Yes,No,60,No,No phone service,Fiber optic,Yes,No,Yes,No,Yes,No,Two year,Yes,Mailed check,89.81,5370.22,No
1909-WBPGF,Male,0,No,No,3,No,No phone service,DSL,Yes,No,No,No,Yes,No,Month-to-month,Yes,Credit card (automatic),57.66,196.59,Yes
1377-XLJTA,Male,0,No,No,7,No,No phone service,DSL,Yes,Yes,No,No,Yes,No,Two year,No,Bank transfer (automatic),63.06,439.11,No
6080-MPCYF,Female,0,Yes,Yes,51,Yes,Yes,Fiber optic,No,No,No,No,No,No,Two year,Yes,Electronic check,90.57,4614.65,No
7105-TJDHV,Female,0,No,No,11,Yes,Yes,DSL,No,No,Yes,No,No,No,One year,No,Electronic check,76.96,833.89,No
9157-YFQDT,Male,0,No,No,19,Yes,Yes,Fiber optic,Yes,No,Yes,Yes,Yes,Yes,Two year,Yes,Mailed check,118.75,2243.21,No
4742-TSZMJ,Female,0,No,No,29,Yes,No,Fiber optic,Yes,No,No,Yes,No,No,Month-to-month,Yes,Mailed check,100.79,2918.44,No
5740-DCNVN,Female,0,Yes,No,71,Yes,Yes,Fiber optic,No,No,No,No,No,Yes,Month-to-month,No,Electronic check,92.77,6605.46,No
8036-ELQJA,Male,1,No,No,41,Yes,No,Fiber optic,Yes,No,Yes,No,Yes,No,One year,Yes,Credit card (automatic),108.98,4483.88,No
1660-YQGGA,Female,0,Yes,No,70,Yes,Yes,DSL,No,No,No,Yes,No,No,Month-to-month,No,Electronic check,72.0,5037.91,Yes
9502-CUFJG,Female,0,Yes,No,52,Yes,Yes,No,No internet service,No internet service,No internet service,No internet service,No internet service,No internet service,One year,No,Credit card (automatic),34.69,1795.37,No
8419-AJGGE,Male,0,No,No,21,Yes,No,No,No internet service,No internet service,No internet service,No internet service,No internet service,No internet service,Month-to-month,Yes,Bank transfer (automatic),37.82,828.31,No
9211-KLKZJ,Female,0,No,No,40,Yes,Yes,DSL,No,Yes,No,No,No,Yes,Month-to-month,Yes,Bank transfer (automatic),72.66,2914.24,Yes
4074-HHCQA,Male,0,Yes,Yes,24,Yes,No,Fiber optic,No,Yes,No,No,Yes,Yes,Month-to-month,Yes,Bank transfer (automatic),107.51,2608.77,Yes
3033-EGUQZ,Male,0,Yes,No,15,Yes,No,DSL,Yes,No,No,No,No,Yes,Two year,No,Electronic check,70.04,1064.62,No
4160-YBNVN,Female,0,No,No,38,Yes,No,DSL,No,Yes,No,Yes,No,No,One year,No,Mailed check,82.25,3126.01,No
9398-HAUBU,Male,0,No,No,61,Yes,No,DSL,No,No,No,No,Yes,Yes,One year,No,Credit card (automatic),87.38,5339.92,No
7600-WMXEL,Female,0,No,No,57,No,No phone service,Fiber optic,No,No,No,No,No,No,Two year,No,Credit card (automatic),71.86,4085.72,No
2096-UTVUH,Female,0,Yes,Yes,19,No,No phone service,Fiber optic,No,Yes,No,No,No,No,Two year,No,Electronic check,79.45,1539.58,Yes
1612-YMCYZ,Female,1,Yes,No,18,Yes,Yes,Fiber optic,Yes,Yes,Yes,No,Yes,No,Month-to-month,Yes,Credit card (automatic),111.81,2013.53,Yes
5009-UACGR,Male,0,No,No,62,Yes,No,DSL,No,No,No,No,No,No,Two year,Yes,Mailed check,63.37,3909.25,No
2200-ASUTV,Female,0,Yes,No,46,Yes,No,DSL,No,No,No,No,Yes,No,Month-to-month,Yes,Bank transfer (automatic),72.42,3345.28,No
8224-QNWJC,Male,1,No,No,36,Yes,No,DSL,Yes,No,No,No,Yes,Yes,One year,Yes,Credit card (automatic),84.65,3046.83,Yes
7766-GZKWB,Male,0,No,No,60,Yes,No,DSL,No,Yes,No,No,No,Yes,Two year,Yes,Electronic check,73.23,4403.61,No
6932-LMGZK,Male,0,No,No,2,No,No phone service,No,No internet service,No internet service,No internet service,No internet service,No internet service,No internet service,Two year,Yes,Electronic check,18.84,40.28,No
8653-LBXEG,Female,0,No,No,54,No,No phone service,DSL,No,No,No,No,No,No,Month-to-month,No,Mailed check,43.49,2335.3,No
8749-XYLUH,Female,0,Yes,Yes,35,Yes,No,DSL,Yes,No,Yes,No,No,No,Month-to-month,Yes,Bank transfer (automatic),87.47,3055.68,Yes
7662-NBLMG,Male,0,No,Yes,35,Yes,Yes,DSL,No,Yes,No,No,No,Yes,Month-to-month,Yes,Mailed check,74.25,2602.06,No
4369-NBDUJ,Female,0,No,No,47,Yes,Yes,No,No internet service,No internet service,No internet service,No internet service,No internet service,No internet service,Month-to-month,Yes,Bank transfer (automatic),43.82,2057.77,No
6474-PPKMV,Female,0,No,No,16,Yes,Yes,DSL,No,No,No,Yes,No,No,One year,No,Credit card (automatic),71.4,1151.89,No
9684-GSZAU,Male,1,Yes,No,64,Yes,No,DSL,No,No,No,No,No,No,One year,Yes,Electronic check,64.78,4141.72,No
5470-ZPWDD,Female,0,Yes,Yes,6,Yes,No,Fiber optic,No,Yes,No,No,Yes,No,Month-to-month,Yes,Credit card (automatic),102.51,618.89,Yes
9338-NPEFV,Female,0,No,No,42,Yes,Yes,Fiber optic,No,No,Yes,No,Yes,No,Month-to-month,No,Electronic check,105.84,4444.1,Yes
3729-QHGDY,Female,1,No,No,34,Yes,Yes,Fiber optic,No,No,No,No,No,No,One year,Yes,Credit card (automatic),98.84,3367.39,No
9459-CJPKT,Male,0,Yes,Yes,72,No,No phone service,No,No internet service,No internet service,No internet service,No internet service,No internet service,No internet service,Month-to-month,Yes,Bank transfer (automatic),18.25,1341.87,No
3341-BJQEV,Male,0,Yes,Yes,47,Yes,Yes,Fiber optic,Yes,Yes,No,Yes,Yes,No,Month-to-month,No,Credit card (automatic),118.75,,No
1110-BNNHG,Female,0,Yes,Yes,27,Yes,No,DSL,No,No,No,Yes,Yes,Yes,Two year,No,Credit card (automatic),87.65,2355.88,No
1628-RKCKY,Male,0,Yes,Yes,30,Yes,Yes,DSL,Yes,Yes,Yes,Yes,No,No,Month-to-month,Yes,Electronic check,89.66,2684.43,Yes
3350-XGEGH,Female,0,Yes,Yes,17,Yes,No,Fiber optic,Yes,No,No,Yes,No,No,Two year,Yes,Bank transfer (automatic),101.07,1720.95,No
2085-QJTML,Female,0,No,No,3,Yes,Yes,DSL,No,Yes,No,No,Yes,No,One year,No,Mailed check,76.89,215.44,No
5238-DTCTZ,Female,1,No,Yes,32,No,No phone service,No,No internet service,No internet service,No internet service,No internet service,No internet service,No internet service,Month-to-month,No,Mailed check,21.12,691.21,No
7875-LHWGM,Male,0,Yes,No,1,Yes,No,Fiber optic,No,No,Yes,No,Yes,Yes,Month-to-month,No,Mailed check,112.28,114.55,Yes
7937-YYCXC,Female,1,No,No,48,Yes,No,DSL,No,Yes,No,No,Yes,Yes,Month-to-month,Yes,Bank transfer (automatic),89.57,4300.53,No
6259-YRYJH,Female,0,Yes,No,65,Yes,No,DSL,No,No,No,Yes,No,No,Two year,No,Bank transfer (automatic),71.29,4638.59,No
3935-JSLTK,Female,0,No,No,6,No,No phone service,DSL,Yes,No,No,No,No,No,Month-to-month,No,Bank transfer (automatic),50.09,309.56,No
3769-EPXWG,Female,0,No,No,70,Yes,No,DSL,Yes,Yes,No,No,No,No,One year,No,Electronic check,78.01,5461.92,No
5298-SQBQA,Male,0,Yes,Yes,6,Yes,Yes,Fiber optic,Yes,No,No,No,No,Yes,One year,No,Mailed check,95.78,563.82,No
2048-RCJQR,Male,0,No,No,34,Yes,No,DSL,No,Yes,Yes,No,No,Yes,Month-to-month,Yes,Credit card (automatic),76.61,2607.83,No
5011-CVYXT,Female,0,Yes,No,45,Yes,Yes,No,No internet service,No internet service,No internet service,No internet service,No internet service,No internet service,Month-to-month,Yes,Bank transfer (automatic),40.43,1803.9,No
4619-XMDWH,Male,0,No,No,46,Yes,No,DSL,Yes,Yes,No,No,Yes,Yes,Month-to-month,Yes,Mailed check,87.18,3999.93,No
9447-JWNMH,Male,0,No,No,28,Yes,No,Fiber optic,No,No,Yes,No,Yes,No,Two year,Yes,Electronic check,107.1,2952.28,No
8520-BMJPG,Female,0,No,No,3,Yes,No,Fiber optic,Yes,No,No,No,No,No,Two year,Yes,Credit card (automatic),92.05,256.26,No
6980-KEESG,Male,0,Yes,No,57,Yes,Yes,Fiber optic,No,No,Yes,No,No,No,Two year,No,Electronic check,101.55,5778.84,No
3764-RHKFJ,Female,0,Yes,Yes,33,Yes,No,DSL,No,Yes,No,No,Yes,No,Month-to-month,Yes,Credit card (automatic),65.43,2160.97,No
7234-NZUAK,Female,1,Yes,No,19,Yes,Yes,No,No internet service,No internet service,No internet service,No internet service,No internet service,No internet service,One year,No,Mailed check,44.97,874.76,No
3608-QGZHN,Male,0,Yes,No,32,Yes,Yes,No,No internet service,No internet service,No internet service,No internet service,No internet service,No internet service,One year,Yes,Bank transfer (automatic),36.96,1159.68,No
2106-XXVJB,Male,0,Yes,Yes,31,No,No phone service,Fiber optic,No,No,Yes,No,No,No,Two year,No,Electronic check,73.52,2285.69,No
7397-LZSNZ,Male,0,Yes,No,43,Yes,No,Fiber optic,Yes,No,Yes,No,Yes,No,One year,Yes,Electronic check,107.86,4616.2,No
8203-MACLP,Female,0,No,No,37,Yes,Yes,DSL,Yes,Yes,Yes,No,No,No,Month-to-month,Yes,Electronic check,78.87,2896.46,No
1271-DSUAN,Male,0,Yes,Yes,43,Yes,No,Fiber optic,No,No,No,No,Yes,Yes,Month-to-month,Yes,Mailed check,95.65,4133.5,No
1728-TWWQR,Female,1,Yes,No,68,Yes,No,No,No internet service,No internet service,No internet service,No internet service,No internet service,No internet service,Two year,No,Bank transfer (automatic),30.91,2110.37,No
9338-QLUQW,Female,0,No,No,67,Yes,No,Fiber optic,No,Yes,No,No,Yes,No,One year,Yes,Mailed check,96.56,6489.74,Yes
5721-WBACP,Male,1,Yes,Yes,0,Yes,No,No,No internet service,No internet service,No internet service,No internet service,No internet service,No internet service,Month-to-month,No,Bank transfer (automatic),44.35, ,Yes
7380-FDWUR,Female,0,No,No,47,Yes,Yes,Fiber optic,No,No,Yes,No,No,Yes,Two year,Yes,Electronic check,106.92,5002.62,No
5394-LAEXJ,Female,1,No,No,15,Yes,No,Fiber optic,Yes,No,No,Yes,No,Yes,One year,Yes,Credit card (automatic),109.41,1648.09,No
7340-SHESC,Female,1,No,No,4,Yes,No,Fiber optic,Yes,Yes,No,No,Yes,Yes,Month-to-month,No,Bank transfer (automatic),113.27,461.56,Yes
5452-XTUBE,Female,0,Yes,No,6,Yes,No,DSL,No,Yes,No,Yes,No,Yes,Month-to-month,Yes,Electronic check,86.02,505.67,Yes
3475-HEZDS,Female,0,No,No,46,Yes,Yes,No,No internet service,No internet service,No internet service,No internet service,No internet service,No internet service,Month-to-month,Yes,Mailed check,40.94,1884.78,No
6280-QFHQH,Male,0,No,No,72,No,No phone service,Fiber optic,No,No,No,No,No,No,One year,No,Mailed check,72.81,5255.48,No
7246-ABTQB,Female,0,No,No,56,Yes,Yes,Fiber optic,Yes,Yes,Yes,Yes,No,No,One year,Yes,Credit card (automatic),107.12,6019.83,No
9090-AYTZY,Male,0,No,No,9,Yes,No,DSL,No,Yes,No,No,Yes,No,Two year,No,Electronic check,79.52,721.52,No
3817-UFMFM,Female,0,No,No,15,Yes,No,No,No internet service,No internet service,No internet service,No internet service,No internet service,No internet service,Month-to-month,Yes,Bank transfer (automatic),37.7,560.11,No
8850-LCHUN,Female,0,Yes,Yes,60,Yes,Yes,Fiber optic,Yes,No,No,No,Yes,No,Month-to-month,No,Bank transfer (automatic),99.24,5950.82,No
6041-LHQRX,Male,0,Yes,No,44,No,No phone service,DSL,Yes,Yes,No,No,No,No,Month-to-month,No,Credit card (automatic),54.87,2417.72,No
6559-ZVBKK,Female,0,No,No,37,Yes,No,DSL,No,No,No,No,No,No,Month-to-month,Yes,Electronic check,64.34,2357.63,No
1027-EUJDG,Female,0,No,No,13,Yes,Yes,Fiber optic,Yes,No,Yes,No,No,No,Two year,No,Bank transfer (automatic),103.88,1352.9,No
3472-ECUVM,Female,0,No,No,57,Yes,No,No,No internet service,No internet service,No internet service,No internet service,No internet service,No internet service,One year,No,Mailed check,37.56,2127.99,No
6538-YWAYB,Female,0,Yes,No,60,Yes,No,No,No internet service,No internet service,No internet service,No internet service,No internet service,No internet service,Two year,No,Mailed check,43.72,2629.91,No
1239-KTBHG,Female,0,Yes,Yes,22,Yes,No,Fiber optic,Yes,No,No,No,Yes,Yes,One year,No,Mailed check,110.76,2419.69,No
4576-ZHFCE,Female,0,No,No,72,Yes,Yes,No,No internet service,No internet service,No internet service,No internet service,No internet service,No internet service,Month-to-month,No,Electronic check,39.84,2862.04,No
2198-PLMVP,Male,0,No,No,34,Yes,No,Fiber optic,Yes,No,No,Yes,Yes,No,Month-to-month,Yes,Mailed check,109.17,3702.16,Yes
2396-KHVHD,Female,0,Yes,Yes,2,Yes,No,DSL,Yes,No,Yes,Yes,No,No,One year,Yes,Electronic check,79.33,126.75,No
7623-LCSFW,Male,0,No,No,71,Yes,No,DSL,No,No,No,Yes,No,Yes,One year,Yes,Credit card (automatic),78.78,5584.81,No
8491-JPPRB,Male,0,No,No,14,Yes,No,DSL,No,No,No,No,No,No,Month-to-month,Yes,Credit card (automatic),50.87,715.0,No
3923-ESBNT,Male,0,No,No,6,Yes,Yes,DSL,Yes,No,Yes,No,No,Yes,Two year,Yes,Electronic check,84.33,508.37,No
9534-GATAB,Female,0,No,No,33,Yes,No,No,No internet service,No internet service,No internet service,No internet service,No internet service,No internet service,Two year,Yes,Electronic check,43.31,1420.02,No
9913-WSWBC,Male,0,Yes,No,45,Yes,No,DSL,Yes,No,No,No,No,No,Two year,Yes,Mailed check,66.04,2954.18,No
3707-AXBPW,Female,0,Yes,No,45,Yes,No,DSL,Yes,Yes,No,No,Yes,Yes,Month-to-month,Yes,Bank transfer (automatic),88.92,4003.31,No
7614-FMPUL,Female,1,Yes,No,69,Yes,No,No,No internet service,No internet service,No internet service,No internet service,No internet service,No internet service,Month-to-month,Yes,Bank transfer (automatic),46.15,3166.17,No
3565-VXMAN,Female,0,Yes,No,33,Yes,Yes,DSL,Yes,Yes,Yes,No,No,No,One year,Yes,Electronic check,86.82,2858.44,No
9002-ZKDPV,Female,0,Yes,No,9,Yes,No,DSL,No,No,No,No,No,No,Month-to-month,Yes,Mailed check,68.83,599.82,Yes
9504-BGMCX,Male,0,No,No,33,Yes,No,Fiber optic,No,No,No,Yes,No,Yes,Month-to-month,No,Electronic check,101.96,3362.56,Yes
2009-RYSUG,Female,0,No,No,61,Yes,Yes,DSL,No,No,Yes,Yes,Yes,Yes,One year,Yes,Electronic check,84.32,5167.94,No
8446-LBJJN,Female,0,Yes,No,0,Yes,Yes,Fiber optic,No,Yes,No,Yes,No,Yes,Month-to-month,No,Electronic check,110.85, ,Yes
3383-MLHSH,Female,0,No,No,20,Yes,No,DSL,Yes,Yes,Yes,No,No,No,Month-to-month,No,Bank transfer (automatic),84.57,1702.24,Yes
7891-GWJAD,Female,0,No,No,49,Yes,No,No,No internet service,No internet service,No internet service,No internet service,No internet service,No internet service,Month-to-month,No,Bank transfer (automatic),41.38,2016.89,No
8255-WFQPD,Female,0,No,No,14,Yes,No,DSL,No,Yes,Yes,Yes,Yes,Yes,Month-to-month,Yes,Electronic check,93.74,1324.39,No
5067-SZWCF,Female,0,No,No,35,Yes,Yes,DSL,No,No,Yes,No,Yes,No,Month-to-month,Yes,Electronic check,74.95,2626.95,No
4929-DPACB,Female,0,Yes,No,12,Yes,No,Fiber optic,Yes,No,Yes,No,No,Yes,Two year,Yes,Electronic check,109.53,1322.49,No
3659-UEZGB,Male,0,Yes,No,9,No,No phone service,DSL,No,No,No,No,Yes,No,Month-to-month,Yes,Bank transfer (automatic),49.0,456.9,No
4019-TCBWQ,Female,0,No,No,53,Yes,No,Fiber optic,No,No,No,No,No,No,Month-to-month,Yes,Electronic check,97.09,5130.36,No
4088-UWJPA,Female,0,Yes,No,56,Yes,Yes,DSL,Yes,No,Yes,No,Yes,Yes,Month-to-month,Yes,Bank transfer (automatic),101.09,5658.65,No
3754-QEZZG,Male,0,No,No,2,No,No phone service,No,No internet service,No internet service,No internet service,No internet service,No internet service,No internet service,Month-to-month,Yes,Bank transfer (automatic),19.22,27.57,No
4566-ENCKP,Female,0,Yes,No,39,No,No phone service,Fiber optic,Yes,No,Yes,No,No,No,Month-to-month,Yes,Bank transfer (automatic),87.82,3431.29,No
6505-QFVSU,Male,0,Yes,Yes,30,Yes,Yes,Fiber optic,No,No,No,Yes,Yes,Yes,Month-to-month,No,Electronic check,102.37,3081.7,Yes
5210-XKVEF,Female,0,No,No,26,Yes,No,Fiber optic,No,No,No,No,No,No,Two year,Yes,Mailed check,92.89,2401.73,No
5740-PTHWH,Male,0,No,No,50,No,No phone service,Fiber optic,No,No,Yes,Yes,No,No,Two year,Yes,Electronic check,80.26,,No
5807-YNSXZ,Female,0,Yes,No,46,Yes,Yes,Fiber optic,No,No,No,No,No,No,Month-to-month,Yes,Mailed check,91.52,4200.16,No
5494-LENYM,Female,0,No,Yes,10,Yes,Yes,Fiber optic,No,Yes,No,No,Yes,No,Month-to-month,Yes,Electronic check,102.95,1000.08,Yes
4135-CKFZN,Male,0,No,No,70,Yes,No,No,No internet service,No internet service,No internet service,No internet service,No internet service,No internet service,One year,Yes,Electronic check,44.6,3117.27,No
2232-BWYUC,Male,0,No,Yes,16,Yes,No,DSL,No,No,Yes,Yes,Yes,No,One year,Yes,Electronic check,81.55,1316.08,Yes
1884-EUUWC,Female,0,No,No,39,Yes,Yes,DSL,Yes,No,No,Yes,No,No,Month-to-month,Yes,Bank transfer (automatic),85.82,3329.4,No
2378-XYTCB,Female,1,No,No,11,Yes,No,No,No internet service,No internet service,No internet service,No internet service,No internet service,No internet service,Two year,No,Credit card (automatic),41.75,423.44,No
1500-SWRGU,Male,0,No,No,43,Yes,Yes,DSL,Yes,No,No,No,No,No,Month-to-month,No,Credit card (automatic),79.57,3419.29,No
1532-VXTXQ,Female,0,No,No,1,No,No phone service,No,No internet service,No internet service,No internet service,No internet service,No internet service,No internet service,Two year,No,Bank transfer (automatic),18.3,7.31,No
5214-HYSEY,Male,0,No,Yes,19,Yes,No,Fiber optic,No,Yes,No,No,No,Yes,Two year,Yes,Credit card (automatic),100.09,1893.42,No
1532-QERKL,Male,1,No,No,33,Yes,No,DSL,No,No,Yes,No,No,No,Two year,No,Mailed check,80.68,2646.65,No
7043-UKZMD,Male,0,No,Yes,7,Yes,No,DSL,No,Yes,No,Yes,No,No,Month-to-month,Yes,Credit card (automatic),76.99,561.58,Yes
1057-ESNJM,Male,0,Yes,No,36,Yes,Yes,DSL,Yes,Yes,Yes,No,Yes,No,Month-to-month,No,Electronic check,92.29,3314.33,No
8542-PBBMK,Male,1,Yes,No,42,Yes,No,DSL,Yes,No,No,No,Yes,No,Month-to-month,Yes,Mailed check,74.72,3151.35,No
8653-PUQJR,Male,0,No,No,69,Yes,No,Fiber optic,Yes,No,No,No,Yes,No,One year,No,Mailed check,98.02,6769.01,No
6592-TERGU,Male,0,No,No,27,Yes,No,No,No internet service,No internet service,No internet service,No internet service,No internet service,No internet service,Month-to-month,No,Bank transfer (automatic),37.17,1002.05,No
8185-QYNAQ,Male,0,Yes,No,53,Yes,No,DSL,No,No,No,No,No,No,Month-to-month,Yes,Bank transfer (automatic),64.3,3424.67,No
7998-CCGWN,Male,1,No,Yes,19,Yes,Yes,DSL,Yes,No,No,No,No,No,Month-to-month,Yes,Bank transfer (automatic),78.38,1493.62,Yes
9786-WPSHC,Male,0,Yes,Yes,70,Yes,No,DSL,No,No,No,No,No,Yes,Month-to-month,No,Electronic check,76.72,5360.97,No
4588-QEFAT,Male,0,Yes,No,70,Yes,No,DSL,Yes,Yes,No,No,No,No,Two year,Yes,Credit card (automatic),81.9,5709.29,No
9093-VKQZQ,Male,0,No,No,55,Yes,No,DSL,No,No,No,No,Yes,No,Two year,Yes,Electronic check,71.95,3921.18,No
3662-JTLWW,Female,1,No,No,15,Yes,No,Fiber optic,Yes,No,No,Yes,Yes,Yes,Month-to-month,Yes,Electronic check,118.75,1806.91,Yes
1322-TJNGJ,Male,0,No,Yes,71,Yes,No,Fiber optic,No,No,No,No,No,No,Month-to-month,No,Mailed check,91.77,6530.07,No
3973-BUDKE,Male,0,No,No,29,No,No phone service,DSL,No,No,Yes,No,Yes,Yes,One year,No,Electronic check,61.97,1802.59,No
2445-JYYKN,Female,0,No,No,18,Yes,No,DSL,No,Yes,No,No,Yes,No,Month-to-month,Yes,Bank transfer (automatic),80.92,1459.64,No
9870-FYCFJ,Male,0,No,No,29,Yes,Yes,DSL,No,No,Yes,Yes,No,Yes,Month-to-month,No,Electronic check,83.67,2416.47,No
1333-VWKWU,Female,0,No,No,12,Yes,No,No,No internet service,No internet service,No internet service,No internet service,No internet service,No internet service,Month-to-month,Yes,Bank transfer (automatic),45.29,544.81,No
8211-VPCYQ,Male,0,Yes,No,26,Yes,No,Fiber optic,No,No,No,Yes,Yes,No,Month-to-month,Yes,Credit card (automatic),100.02,2595.97,No
9110-ZEKEB,Male,0,Yes,No,28,Yes,Yes,DSL,No,No,No,No,No,Yes,Month-to-month,Yes,Bank transfer (automatic),76.84,2153.4,No
9696-YYXRN,Male,0,Yes,No,72,Yes,Yes,DSL,No,Yes,No,No,No,No,One year,Yes,Bank transfer (automatic),68.58,4929.13,No
9922-PRFTV,Female,0,Yes,Yes,35,Yes,No,DSL,No,Yes,No,No,Yes,Yes,Two year,Yes,Mailed check,85.42,2949.02,No
7106-MEARS,Male,0,Yes,No,54,Yes,Yes,Fiber optic,No,Yes,No,No,Yes,No,Two year,No,Electronic check,105.56,5722.71,No
7952-YMVTG,Male,0,Yes,No,60,Yes,Yes,No,No internet service,No internet service,No internet service,No internet service,No internet service,No internet service,One year,Yes,Mailed check,39.77,2375.61,No
8605-BQYRY,Female,0,Yes,Yes,68,Yes,No,DSL,No,No,No,No,No,Yes,Month-to-month,Yes,Mailed check,73.44,4998.47,No
1505-NURXM,Female,0,No,No,39,Yes,Yes,No,No internet service,No internet service,No internet service,No internet service,No internet service,No internet service,Two year,No,Mailed check,50.55,1966.35,No
7142-LWCGC,Female,0,Yes,Yes,42,Yes,Yes,No,No internet service,No internet service,No internet service,No internet service,No internet service,No internet service,One year,Yes,Bank transfer (automatic),40.76,1697.0,No
7318-FHWJD,Male,0,Yes,Yes,69,Yes,No,Fiber optic,No,No,Yes,No,Yes,Yes,Month-to-month,Yes,Mailed check,108.43,7453.87,No
1188-FXPZF,Male,0,Yes,Yes,49,Yes,No,Fiber optic,No,No,No,No,No,No,Month-to-month,Yes,Credit card (automatic),96.45,4699.47,No
4162-DKPVJ,Female,0,Yes,Yes,21,Yes,Yes,No,No internet service,No internet service,No internet service,No internet service,No internet service,No internet service,One year,No,Bank transfer (automatic),35.86,770.23,No
7943-RHXLD,Female,1,No,No,43,Yes,Yes,Fiber optic,No,Yes,No,No,Yes,Yes,Two year,Yes,Bank transfer (automatic),103.64,4458.6,No
9663-XBXYV,Female,0,No,No,42,Yes,No,Fiber optic,No,Yes,No,No,Yes,No,One year,Yes,Credit card (automatic),96.08,4018.92,No
3294-RNQQR,Male,0,No,No,42,Yes,Yes,Fiber optic,Yes,Yes,No,No,No,No,Month-to-month,Yes,Mailed check,104.14,4350.27,No
5625-SNAAY,Female,0,No,No,47,Yes,Yes,Fiber optic,No,Yes,No,No,No,Yes,Month-to-month,No,Credit card (automatic),93.91,4400.63,Yes
9182-QEUDK,Female,0,No,No,31,Yes,Yes,DSL,Yes,No,No,No,Yes,Yes,One year,Yes,Mailed check,81.87,2519.25,No
3968-AVNHN,Male,1,No,No,11,Yes,No,No,No internet service,No internet service,No internet service,No internet service,No internet service,No internet service,Month-to-month,No,Electronic check,33.33,375.68,No
1000-LNJVF,Female,0,Yes,Yes,26,Yes,No,No,No internet service,No internet service,No internet service,No internet service,No internet service,No internet service,Month-to-month,Yes,Credit card (automatic),43.96,1144.52,No
2240-NXKBZ,Male,0,Yes,No,57,Yes,No,Fiber optic,Yes,No,No,Yes,No,No,Month-to-month,Yes,Credit card (automatic),102.26,5829.67,Yes
4998-EQHYH,Male,1,No,No,72,No,No phone service,DSL,No,No,No,No,No,Yes,Two year,No,Mailed check,53.49,3858.71,No
5950-PFMCR,Female,1,No,No,46,Yes,Yes,Fiber optic,No,No,No,No,Yes,No,Month-to-month,No,Bank transfer (automatic),91.09,4208.86,No
7824-YHGPS,Male,0,No,No,56,Yes,Yes,No,No internet service,No internet service,No internet service,No internet service,No internet service,No internet service,Month-to-month,No,Credit card (automatic),40.7,2261.74,No
9931-AFGGM,Male,1,Yes,No,14,Yes,No,Fiber optic,No,Yes,No,Yes,No,Yes,Two year,No,Electronic check,111.66,1543.86,Yes
8855-AVQQS,Female,0,No,No,57,Yes,No,Fiber optic,No,No,No,Yes,Yes,No,Month-to-month,No,Bank transfer (automatic),102.31,5841.14,Yes
2038-TFNSQ,Male,0,No,No,30,Yes,Yes,Fiber optic,Yes,Yes,Yes,No,Yes,No,Month-to-month,No,Mailed check,118.75,3560.68,Yes
3907-KMATC,Male,0,No,No,51,Yes,Yes,DSL,Yes,No,No,No,No,No,Month-to-month,Yes,Credit card (automatic),74.98,3848.71,No
5126-RBZKA,Male,1,No,No,46,Yes,Yes,DSL,No,No,No,No,No,Yes,Two year,Yes,Electronic check,69.53,3189.42,No
6927-PRUMV,Male,0,Yes,No,55,Yes,No,No,No internet service,No internet service,No internet service,No internet service,No internet service,No internet service,Month-to-month,Yes,Bank transfer (automatic),34.28,1897.46,No
4330-PDQGS,Female,0,Yes,Yes,53,Yes,Yes,DSL,No,Yes,No,Yes,Yes,No,Month-to-month,No,Bank transfer (automatic),88.47,4683.59,No
8208-WYCDY,Female,1,Yes,No,47,Yes,No,Fiber optic,No,No,No,No,Yes,Yes,Month-to-month,Yes,Electronic check,102.45,4810.34,Yes
4427-AGWJB,Female,0,Yes,No,30,Yes,Yes,No,No internet service,No internet service,No internet service,No internet service,No internet service,No internet service,One year,Yes,Credit card (automatic),44.77,1326.49,No
7498-EJAQL,Female,0,No,No,59,Yes,No,DSL,No,No,Yes,No,Yes,Yes,Month-to-month,Yes,Mailed check,86.28,5114.71,No
8802-JEDEL,Female,0,Yes,No,52,Yes,Yes,Fiber optic,No,Yes,No,Yes,No,No,Month-to-month,No,Electronic check,98.5,5108.34,Yes
1784-KWURX,Male,0,Yes,Yes,10,Yes,No,DSL,No,Yes,No,No,Yes,No,One year,Yes,Bank transfer (automatic),80.27,780.43,No
8021-RWCVH,Female,0,Yes,No,19,Yes,No,DSL,No,No,Yes,Yes,Yes,No,One year,No,Electronic check,72.93,1375.18,No
7596-XMCJK,Female,1,No,No,19,Yes,No,Fiber optic,No,Yes,No,No,Yes,No,One year,Yes,Credit card (automatic),106.32,2004.33,No
9429-YPYLK,Female,1,Yes,Yes,22,Yes,Yes,No,No internet service,No internet service,No internet service,No internet service,No internet service,No internet service,Month-to-month,Yes,Mailed check,41.41,916.3,No
8527-SNLSU,Male,0,Yes,Yes,51,Yes,Yes,DSL,Yes,No,Yes,Yes,No,No,Two year,No,Credit card (automatic),89.33,4537.31,No
5414-ACDMQ,Female,0,No,No,0,Yes,Yes,No,No internet service,No internet service,No internet service,No internet service,No internet service,No internet service,One year,Yes,Bank transfer (automatic),36.28, ,No
8233-FURBJ,Male,0,Yes,Yes,19,No,No phone service,DSL,No,No,Yes,No,No,No,Two year,Yes,Credit card (automatic),47.15,919.98,No
3723-XYVNM,Male,0,No,No,35,Yes,No,No,No internet service,No internet service,No internet service,No internet service,No internet service,No internet service,Month-to-month,No,Mailed check,41.1,1447.05,Yes
3803-UCGDM,Female,0,Yes,Yes,13,Yes,Yes,No,No internet service,No internet service,No internet service,No internet service,No internet service,No internet service,Month-to-month,Yes,Electronic check,42.91,565.08,No
3697-EKWPV,Female,0,No,No,13,Yes,No,DSL,No,No,Yes,Yes,No,Yes,Month-to-month,Yes,Electronic check,88.48,1149.06,Yes
9224-XJXXZ,Female,0,No,No,31,No,No phone service,Fiber optic,No,No,No,No,No,No,One year,Yes,Electronic check,63.44,1976.51,Yes
4158-FQYXP,Male,0,Yes,Yes,43,Yes,Yes,DSL,No,No,Yes,No,No,No,Month-to-month,Yes,Credit card (automatic),64.09,2775.63,No
2343-LTPJJ,Female,1,No,No,24,No,No phone service,No,No internet service,No internet service,No internet service,No internet service,No internet service,No internet service,One year,Yes,Credit card (automatic),21.7,488.57,No
1537-GSFZB,Female,0,Yes,Yes,70,Yes,No,DSL,Yes,Yes,No,No,No,No,Month-to-month,Yes,Electronic check,73.21,5105.87,No
6298-MVXPR,Female,0,Yes,No,30,Yes,No,Fiber optic,Yes,No,No,No,No,No,One year,Yes,Electronic check,93.39,2808.17,No
7289-NELFM,Male,0,No,No,72,Yes,No,Fiber optic,Yes,Yes,No,No,No,Yes,Month-to-month,No,Electronic check,105.79,7636.62,Yes
6535-FFVKE,Female,0,No,No,41,Yes,Yes,Fiber optic,No,No,No,No,No,No,Month-to-month,Yes,Mailed check,85.92,3537.69,No
7417-TVUZP,Male,0,Yes,No,27,No,No phone service,Fiber optic,No,No,No,No,No,No,Month-to-month,Yes,Mailed check,72.34,1979.46,Yes
3581-WGGVX,Female,0,No,No,8,Yes,Yes,Fiber optic,No,Yes,Yes,No,No,Yes,Month-to-month,No,Credit card (automatic),105.1,845.73,Yes
4053-TYVAR,Female,0,Yes,Yes,53,Yes,No,No,No internet service,No internet service,No internet service,No internet service,No internet service,No internet service,One year,No,Mailed check,38.5,2041.45,No
2528-WBZEL,Female,0,Yes,No,39,Yes,Yes,DSL,No,Yes,No,No,No,Yes,Month-to-month,Yes,Bank transfer (automatic),79.44,3114.94,No
3106-VKTBL,Male,0,Yes,No,70,Yes,No,No,No internet service,No internet service,No internet service,No internet service,No internet service,No internet service,Month-to-month,Yes,Credit card (automatic),39.8,2798.33,No
9198-YFKKP,Male,0,No,Yes,70,Yes,No,Fiber optic,No,Yes,Yes,No,No,No,Month-to-month,Yes,Electronic check,104.19,7310.0,Yes
5835-CUFHW,Male,0,No,No,38,Yes,Yes,No,No internet service,No internet service,No internet service,No internet service,No internet service,No internet service,Month-to-month,No,Credit card (automatic),46.61,1742.26,No
7206-KXKPF,Female,0,No,No,17,Yes,No,No,No internet service,No internet service,No internet service,No internet service,No internet service,No internet service,Month-to-month,No,Bank transfer (automatic),47.53,799.4,No
2648-MPVKX,Female,1,No,No,24,No,No phone service,Fiber optic,No,No,No,No,Yes,No,Two year,No,Credit card (automatic),75.9,1821.44,No
6465-BTPKM,Male,0,No,No,5,Yes,Yes,DSL,No,No,No,No,No,No,Month-to-month,Yes,Credit card (automatic),68.42,334.61,No
3715-QPLGK,Female,0,Yes,No,11,Yes,Yes,DSL,Yes,No,Yes,No,Yes,No,One year,Yes,Mailed check,79.31,894.19,No
5480-MHPFN,Female,0,Yes,No,30,No,No phone service,No,No internet service,No internet service,No internet service,No internet service,No internet service,No internet service,Month-to-month,Yes,Bank transfer (automatic),23.7,694.8,No
2093-MUVST,Female,0,No,No,12,Yes,No,DSL,No,Yes,No,Yes,Yes,Yes,Month-to-month,No,Credit card (automatic),96.52,1181.54,No
1593-JRVPW,Male,0,Yes,Yes,62,Yes,No,DSL,No,No,No,No,Yes,No,Month-to-month,Yes,Credit card (automatic),71.29,4395.36,No
3457-DCPRG,Male,0,Yes,No,62,Yes,Yes,No,No internet service,No internet service,No internet service,No internet service,No internet service,No internet service,Month-to-month,Yes,Bank transfer (automatic),36.47,2249.88,No
8052-TJFTS,Male,0,Yes,No,12,No,No phone service,No,No internet service,No internet service,No internet service,No internet service,No internet service,No internet service,Month-to-month,Yes,Electronic check,22.41,267.91,No
2536-GMNDY,Male,0,Yes,No,18,No,No phone service,No,No internet service,No internet service,No internet service,No internet service,No internet service,No internet service,Month-to-month,No,Mailed check,20.29,380.31,No
4497-KBXFZ,Female,0,No,No,60,Yes,No,Fiber optic,No,No,Yes,Yes,No,No,One year,No,Credit card (automatic),95.49,5716.43,No
5463-WEDVV,Male,0,No,No,19,Yes,No,No,No internet service,No internet service,No internet service,No internet service,No internet service,No internet service,Month-to-month,Yes,Electronic check,37.88,696.78,No
5887-AYKYW,Female,0,No,No,19,Yes,Yes,DSL,No,No,Yes,No,Yes,No,One year,Yes,Credit card (automatic),82.27,1563.52,No
8662-SSNAK,Male,0,No,No,54,Yes,No,Fiber optic,Yes,Yes,Yes,Yes,No,Yes,Month-to-month,No,Bank transfer (automatic),111.69,6027.95,No
7574-VPTAM,Male,0,No,No,29,Yes,Yes,No,No internet service,No internet service,No internet service,No internet service,No internet service,No internet service,Two year,No,Credit card (automatic),46.38,1347.76,No
5569-XHFJE,Female,0,Yes,No,61,Yes,Yes,No,No internet service,No internet service,No internet service,No internet service,No internet service,No internet service,Month-to-month,Yes,Mailed check,35.97,2184.52,No
6025-RVZBF,Male,0,No,No,38,Yes,No,No,No internet service,No internet service,No internet service,No internet service,No internet service,No internet service,Month-to-month,No,Electronic check,36.99,1391.09,No
3706-FVDAW,Male,0,Yes,Yes,15,No,No phone service,Fiber optic,No,No,No,Yes,Yes,No,Month-to-month,No,Credit card (automatic),86.45,1290.12,Yes
9652-FHNNZ,Female,0,No,Yes,11,Yes,No,Fiber optic,No,No,No,No,Yes,No,Two year,Yes,Bank transfer (automatic),101.27,1105.75,Yes
4636-ALPNN,Male,0,No,No,50,Yes,No,DSL,No,Yes,No,Yes,Yes,Yes,One year,Yes,Bank transfer (automatic),88.34,4405.83,No
9302-VGJSK,Female,0,Yes,Yes,32,Yes,Yes,DSL,No,Yes,No,No,No,No,Month-to-month,Yes,Credit card (automatic),67.71,2160.85,Yes
4855-EGTWU,Male,0,No,No,32,No,No phone service,DSL,No,No,Yes,No,No,No,Month-to-month,No,Mailed check,48.66,1552.54,No
3770-DDKNX,Male,0,No,No,49,Yes,Yes,DSL,Yes,No,No,No,Yes,Yes,Two year,No,Electronic check,74.8,3639.64,No
9088-ASHEP,Male,0,No,No,20,Yes,Yes,Fiber optic,Yes,No,No,No,No,Yes,Two year,Yes,Electronic check,100.73,2011.01,Yes
1305-JPGQM,Male,0,Yes,No,72,Yes,No,DSL,No,Yes,Yes,No,No,No,Month-to-month,Yes,Bank transfer (automatic),77.56,5561.06,Yes
8193-EBNGS,Male,0,Yes,No,37,Yes,No,DSL,No,Yes,No,No,No,No,Month-to-month,No,Bank transfer (automatic),68.27,2539.4,No
1839-PZCHW,Male,0,No,No,62,Yes,No,Fiber optic,No,No,Yes,No,No,No,Month-to-month,No,Mailed check,96.78,5989.2,No
5801-EFUWJ,Male,0,Yes,Yes,56,Yes,Yes,Fiber optic,No,Yes,Yes,Yes,Yes,No,Month-to-month,Yes,Bank transfer (automatic),109.44,6134.6,No
5264-UEEUE,Male,0,Yes,No,44,Yes,No,No,No internet service,No internet service,No internet service,No internet service,No internet service,No internet service,Month-to-month,Yes,Bank transfer (automatic),40.74,1791.52,No
7936-MZAYF,Female,0,No,No,7,Yes,Yes,Fiber optic,No,Yes,No,No,No,Yes,Month-to-month,Yes,Electronic check,100.27,700.23,Yes
1315-TNWCB,Male,0,No,No,53,Yes,Yes,Fiber optic,No,No,No,No,Yes,No,Month-to-month,Yes,Mailed check,99.38,5255.04,Yes
6104-XKVXW,Male,0,Yes,Yes,5,Yes,Yes,Fiber optic,No,Yes,No,Yes,No,No,One year,No,Credit card (automatic),100.0,499.82,No
5577-SNSPN,Female,0,Yes,No,53,Yes,Yes,Fiber optic,Yes,Yes,No,No,No,Yes,Month-to-month,No,Electronic check,112.7,5983.2,Yes
4930-RUYQC,Female,0,Yes,No,66,Yes,No,Fiber optic,No,No,Yes,Yes,Yes,No,Month-to-month,Yes,Bank transfer (automatic),114.64,7561.15,No
6286-HABQY,Female,0,Yes,No,38,Yes,No,Fiber optic,No,Yes,Yes,Yes,No,Yes,Two year,No,Mailed check,113.86,4326.68,No
5549-LCSBW,Male,1,Yes,Yes,70,Yes,No,Fiber optic,No,Yes,Yes,No,No,Yes,Month-to-month,Yes,Bank transfer (automatic),100.34,7032.89,No
8346-ZGDHV,Male,0,Yes,No,45,Yes,Yes,DSL,No,No,No,No,Yes,No,Month-to-month,No,Credit card (automatic),66.04,2970.72,No
2969-XDBFU,Female,0,No,Yes,38,Yes,No,No,No internet service,No internet service,No internet service,No internet service,No internet service,No internet service,Month-to-month,No,Credit card (automatic),44.11,1658.48,No
6419-JRRPN,Male,0,No,No,38,No,No phone service,DSL,No,No,No,No,Yes,No,Month-to-month,Yes,Credit card (automatic),55.54,2128.74,No
1913-GNDMC,Female,0,Yes,Yes,10,Yes,Yes,No,No internet service,No internet service,No internet service,No internet service,No internet service,No internet service,Month-to-month,No,Mailed check,42.12,447.36,No
8084-CCRFJ,Male,1,Yes,Yes,4,Yes,No,Fiber optic,No,No,No,No,Yes,No,Month-to-month,No,Electronic check,93.08,378.4,Yes
3828-FUSFS,Female,1,Yes,Yes,5,Yes,Yes,Fiber optic,Yes,No,No,Yes,Yes,Yes,Month-to-month,Yes,Bank transfer (automatic),118.75,595.84,No
7420-NPYLK,Female,0,Yes,No,65,Yes,No,DSL,No,No,No,No,No,No,Month-to-month,Yes,Bank transfer (automatic),61.95,4011.37,No
5850-WTBMT,Male,0,No,No,11,Yes,No,DSL,Yes,Yes,Yes,No,Yes,No,Two year,Yes,Electronic check,90.1,984.7,No
3015-ZVWBP,Male,0,Yes,Yes,46,Yes,Yes,Fiber optic,Yes,Yes,Yes,No,No,No,Month-to-month,No,Bank transfer (automatic),106.03,4867.15,No
5749-RWJNS,Male,0,No,No,20,Yes,No,No,No internet service,No internet service,No internet service,No internet service,No internet service,No internet service,Month-to-month,Yes,Bank transfer (automatic),32.66,681.15,No
7777-UJZAM,Male,0,No,Yes,27,Yes,No,DSL,Yes,No,No,No,Yes,No,Two year,Yes,Mailed check,78.56,2123.88,No
6478-BLQQC,Male,1,No,No,49,Yes,No,Fiber optic,Yes,Yes,Yes,No,No,No,Month-to-month,Yes,Credit card (automatic),102.11,4999.6,Yes
3497-FRHPT,Female,0,No,No,63,Yes,No,No,No internet service,No internet service,No internet service,No internet service,No internet service,No internet service,Month-to-month,Yes,Credit card (automatic),39.97,2490.07,No
8174-EXDAB,Female,1,No,No,8,Yes,No,DSL,No,No,No,No,No,Yes,Month-to-month,Yes,Electronic check,77.27,605.65,Yes
2809-WESLA,Male,0,No,No,38,Yes,No,DSL,No,Yes,Yes,Yes,No,Yes,Month-to-month,Yes,Electronic check,91.82,3508.84,Yes
4996-AMPNG,Female,0,Yes,Yes,9,Yes,No,Fiber optic,No,No,No,No,Yes,No,Two year,No,Electronic check,93.72,837.82,No
7898-QGLCY,Female,1,No,No,14,No,No phone service,DSL,No,Yes,No,No,No,Yes,Two year,Yes,Credit card (automatic),53.66,735.49,Yes
7776-GSSQB,Male,0,Yes,No,52,Yes,No,DSL,Yes,Yes,No,Yes,No,No,Two year,No,Electronic check,79.22,4115.87,No
8905-YZZYT,Female,0,Yes,No,2,Yes,Yes,DSL,No,Yes,No,No,No,Yes,Month-to-month,Yes,Mailed check,77.52,175.35,Yes
1511-MFFVV,Female,0,No,No,18,Yes,Yes,Fiber optic,Yes,No,No,No,No,Yes,Month-to-month,Yes,Electronic check,104.34,1880.26,Yes
5698-TDFWL,Male,0,No,No,40,Yes,Yes,DSL,Yes,No,No,Yes,No,No,Month-to-month,No,Bank transfer (automatic),72.26,2896.49,No
5919-MEVUS,Female,0,Yes,Yes,15,Yes,Yes,No,No internet service,No internet service,No internet service,No internet service,No internet service,No internet service,Month-to-month,Yes,Mailed check,36.59,543.08,No
4178-RYRMG,Male,0,No,Yes,28,Yes,No,Fiber optic,No,Yes,No,No,No,No,Two year,Yes,Electronic check,99.53,2784.27,No
5704-JQBEU,Male,1,Yes,No,42,No,No phone service,Fiber optic,No,No,Yes,No,Yes,Yes,Month-to-month,Yes,Bank transfer (automatic),85.39,3600.4,No
4426-LPLUF,Female,0,No,No,65,Yes,Yes,Fiber optic,No,No,Yes,No,No,Yes,Month-to-month,Yes,Mailed check,100.1,6510.36,No
7825-FJQXF,Male,1,No,No,5,Yes,No,DSL,No,No,No,Yes,No,No,Month-to-month,Yes,Mailed check,66.49,315.58,No
6285-BBUTK,Male,1,Yes,No,37,Yes,No,Fiber optic,No,No,No,No,No,Yes,Two year,No,Credit card (automatic),94.8,3505.31,No
6606-KGLHV,Female,0,Yes,Yes,45,No,No phone service,Fiber optic,Yes,No,Yes,No,No,No,One year,Yes,Electronic check,86.6,3911.69,Yes
4704-HNUGY,Male,0,No,No,34,Yes,No,No,No internet service,No internet service,No internet service,No internet service,No internet service,No internet service,Month-to-month,No,Credit card (automatic),46.02,1550.19,No
5171-RYLET,Male,0,Yes,No,1,Yes,No,No,No internet service,No internet service,No internet service,No internet service,No internet service,No internet service,One year,Yes,Credit card (automatic),42.45,47.43,No
1059-LZKSN,Female,0,No,No,55,No,No phone service,DSL,No,No,Yes,Yes,Yes,No,Month-to-month,Yes,Electronic check,57.86,3149.49,No
2931-HNCKK,Male,0,Yes,Yes,17,No,No phone service,DSL,No,Yes,No,No,No,No,One year,No,Mailed check,57.28,963.28,Yes
8513-CWKRP,Female,0,Yes,Yes,7,Yes,Yes,Fiber optic,No,Yes,Yes,No,Yes,Yes,Month-to-month,No,Electronic check,111.49,759.32,No
3697-YFAUQ,Female,1,No,No,32,Yes,Yes,Fiber optic,No,No,No,Yes,No,No,Month-to-month,Yes,Bank transfer (automatic),91.98,2949.25,Yes
9013-LAALF,Female,1,No,No,13,Yes,No,Fiber optic,No,No,No,No,No,No,Month-to-month,Yes,Electronic check,89.32,1166.03,Yes
9298-CXFCG,Male,0,Yes,Yes,46,Yes,No,Fiber optic,No,No,No,No,No,Yes,Month-to-month,Yes,Electronic check,95.55,4401.77,No
2297-KHNNA,Male,0,No,Yes,39,Yes,No,Fiber optic,No,No,No,Yes,No,No,One year,No,Bank transfer (automatic),94.26,3663.73,No
2123-DECHP,Female,0,Yes,No,14,Yes,Yes,Fiber optic,Yes,Yes,Yes,No,No,Yes,Two year,No,Bank transfer (automatic),118.75,1659.93,Yes
3779-HMPHF,Male,1,Yes,No,67,Yes,No,DSL,No,Yes,No,No,Yes,Yes,Month-to-month,No,Bank transfer (automatic),82.13,5509.79,No
4684-AMYKC,Male,0,No,No,64,No,No phone service,DSL,No,No,Yes,No,No,No,Month-to-month,Yes,Mailed check,48.76,3102.22,Yes
7363-DEDXZ,Male,1,No,No,22,Yes,No,DSL,No,No,Yes,No,No,Yes,Month-to-month,Yes,Bank transfer (automatic),74.18,1651.4,No
6126-QRQPZ,Male,1,No,No,67,Yes,Yes,Fiber optic,No,No,No,No,Yes,No,Month-to-month,No,Bank transfer (automatic),97.44,6522.76,No
7597-CKZKE,Male,0,No,No,23,Yes,Yes,Fiber optic,Yes,No,No,No,Yes,No,One year,No,Credit card (automatic),95.61,2191.55,No
8815-QPLCK,Male,1,No,No,35,Yes,No,DSL,No,Yes,Yes,Yes,No,No,One year,No,Bank transfer (automatic),81.73,2849.62,No
4936-YHDLZ,Female,0,Yes,Yes,41,Yes,Yes,Fiber optic,No,No,No,No,No,No,Month-to-month,Yes,Bank transfer (automatic),86.02,3529.56,No
5339-KSRHZ,Female,0,No,No,19,Yes,Yes,DSL,Yes,No,No,Yes,Yes,Yes,Two year,Yes,Bank transfer (automatic),88.26,1672.12,No
6335-BKYKP,Male,0,Yes,Yes,43,Yes,Yes,DSL,No,Yes,No,No,Yes,No,Month-to-month,No,Electronic check,73.92,3172.2,No
6513-SWDNN,Male,0,No,Yes,8,Yes,No,DSL,No,No,Yes,No,No,Yes,Two year,No,Bank transfer (automatic),87.14,715.92,No
2371-SCLHD,Male,0,No,No,44,Yes,Yes,Fiber optic,Yes,No,No,No,No,No,Two year,No,Credit card (automatic),96.63,4261.97,No
8400-FGWXA,Male,0,No,Yes,68,No,No phone service,Fiber optic,No,No,No,Yes,No,No,Month-to-month,No,Credit card (automatic),69.34,4726.02,No
3500-TUZPA,Male,0,Yes,Yes,23,Yes,Yes,DSL,No,Yes,No,Yes,Yes,No,Month-to-month,Yes,Electronic check,76.73,1750.96,Yes
8861-DCSQB,Female,0,Yes,No,9,No,No phone service,No,No internet service,No internet service,No internet service,No internet service,No internet service,No internet service,Two year,Yes,Mailed check,18.25,148.97,No
2523-QGSKQ,Male,0,Yes,Yes,42,Yes,No,Fiber optic,No,No,Yes,No,Yes,No,Month-to-month,Yes,Electronic check,94.81,3991.05,Yes
5274-JJSNQ,Male,0,No,Yes,21,Yes,No,No,No internet service,No internet service,No internet service,No internet service,No internet service,No internet service,One year,Yes,Bank transfer (automatic),40.37,832.84,No
6195-EXPTX,Male,0,Yes,No,54,Yes,Yes,DSL,No,Yes,No,No,No,No,Month-to-month,No,Mailed check,73.02,3948.12,No
9321-SUMTH,Male,0,Yes,No,24,Yes,No,Fiber optic,No,No,Yes,No,Yes,No,Two year,Yes,Credit card (automatic),106.26,2560.42,No
7405-CXFRA,Female,0,No,No,4,Yes,Yes,Fiber optic,No,No,Yes,No,No,No,Month-to-month,Yes,Electronic check,85.92,338.06,No
2401-ZWFDV,Female,1,Yes,No,19,Yes,No,Fiber optic,No,No,No,Yes,Yes,No,One year,Yes,Bank transfer (automatic),96.78,1861.63,No
9910-ERGTL,Male,0,Yes,Yes,60,Yes,Yes,Fiber optic,No,No,Yes,Yes,Yes,Yes,Month-to-month,No,Mailed check,109.95,6597.85,Yes
2128-HNVAY,Male,0,No,No,0,Yes,No,DSL,No,Yes,No,No,Yes,No,Month-to-month,No,Bank transfer (automatic),80.69, ,Yes
6845-XYDCU,Female,0,Yes,No,64,Yes,No,Fiber optic,No,No,No,No,No,Yes,Two year,Yes,Credit card (automatic),92.74,5931.18,No
2690-DMXVN,Male,1,Yes,No,15,Yes,No,DSL,No,Yes,No,Yes,No,No,One year,No,Credit card (automatic),76.0,1142.99,No
2767-JSDNA,Male,0,Yes,Yes,19,Yes,Yes,Fiber optic,No,Yes,No,Yes,Yes,No,Two year,No,Electronic check,109.9,2069.02,No
3925-FSXDV,Male,0,No,No,54,Yes,No,DSL,No,No,No,No,Yes,No,Month-to-month,No,Credit card (automatic),77.17,4170.79,No
6902-ZXCTQ,Male,0,No,No,68,Yes,No,Fiber optic,No,Yes,Yes,No,No,Yes,Month-to-month,Yes,Credit card (automatic),105.14,7162.22,No
2017-GYPJH,Female,0,Yes,No,14,Yes,No,No,No internet service,No internet service,No internet service,No internet service,No internet service,No internet service,Two year,Yes,Bank transfer (automatic),39.01,532.7,No
8539-GDPZE,Female,0,No,No,66,Yes,No,Fiber optic,No,No,No,No,Yes,No,One year,No,Electronic check,95.72,6313.4,No
3297-MERGD,Female,0,Yes,No,55,Yes,Yes,Fiber optic,No,No,No,Yes,Yes,No,One year,Yes,Electronic check,97.9,5402.47,No
3351-YYNKV,Female,0,No,No,1,Yes,No,Fiber optic,Yes,No,No,No,No,No,Month-to-month,Yes,Electronic check,104.66,101.99,Yes
2748-RSTFT,Female,0,Yes,No,30,Yes,Yes,DSL,No,No,No,No,Yes,Yes,One year,Yes,Credit card (automatic),75.03,2245.44,No
6507-XEQVG,Male,0,No,No,18,No,No phone service,DSL,No,Yes,Yes,No,Yes,Yes,One year,Yes,Mailed check,70.03,1267.21,No
7693-CTQEB,Female,0,No,No,5,Yes,Yes,DSL,Yes,Yes,No,No,No,No,Month-to-month,Yes,Credit card (automatic),71.57,340.24,No
7708-FMBZP,Male,0,No,No,67,Yes,No,Fiber optic,Yes,No,Yes,No,No,Yes,Month-to-month,Yes,Bank transfer (automatic),108.92,7286.88,No
9383-DEQQU,Female,0,Yes,No,60,Yes,No,Fiber optic,No,No,Yes,Yes,Yes,Yes,Month-to-month,Yes,Mailed check,113.61,6841.74,No
9351-VDHXP,Female,0,No,No,63,Yes,No,Fiber optic,No,Yes,No,No,No,No,Two year,No,Electronic check,89.2,5619.3,No
8802-PBMVR,Female,0,Yes,No,46,Yes,Yes,Fiber optic,No,No,No,No,No,No,Two year,No,Mailed check,88.23,4058.65,No
2194-FWZUC,Female,0,No,Yes,53,No,No phone service,Fiber optic,Yes,No,No,No,No,No,Month-to-month,Yes,Electronic check,72.05,3843.88,No
6572-VRQMF,Female,0,No,No,44,Yes,No,DSL,No,No,No,No,Yes,Yes,Two year,No,Mailed check,75.14,3281.04,No
3526-TBCKU,Male,0,No,No,3,Yes,No,Fiber optic,No,Yes,No,Yes,No,No,Month-to-month,Yes,Electronic check,105.44,307.18,Yes
6912-QNCHB,Female,0,No,No,10,Yes,No,No,No internet service,No internet service,No internet service,No internet service,No internet service,No internet service,Two year,No,Bank transfer (automatic),39.39,401.21,No
7822-UGHHX,Male,0,No,No,64,Yes,Yes,Fiber optic,No,Yes,Yes,No,No,No,Month-to-month,Yes,Credit card (automatic),103.0,6586.25,No
5396-ULSNG,Female,0,No,No,45,Yes,Yes,DSL,No,Yes,No,No,Yes,No,Month-to-month,No,Electronic check,78.55,3537.16,No
8885-TUYFC,Male,0,Yes,Yes,23,Yes,No,No,No internet service,No internet service,No internet service,No internet service,No internet service,No internet service,Two year,Yes,Mailed check,36.08,,No
6239-HLFKK,Male,0,Yes,Yes,58,Yes,No,Fiber optic,No,Yes,No,Yes,No,No,Two year,Yes,Credit card (automatic),110.1,6383.8,No
4154-TQMCP,Female,0,No,No,38,Yes,No,Fiber optic,No,Yes,No,Yes,Yes,No,Month-to-month,No,Bank transfer (automatic),104.48,3965.03,No
2575-HKDKG,Male,0,No,No,72,Yes,Yes,Fiber optic,Yes,No,No,Yes,No,No,Month-to-month,No,Electronic check,95.03,6854.2,No
8647-WAQRK,Female,0,No,No,36,Yes,Yes,Fiber optic,No,No,No,No,No,No,Two year,Yes,Mailed check,92.69,3320.19,No
5221-UKBJG,Male,0,No,No,48,Yes,No,Fiber optic,No,No,No,No,No,No,Month-to-month,Yes,Electronic check,86.73,4140.64,No
4444-FDZDS,Male,0,No,No,71,Yes,Yes,DSL,No,No,Yes,No,No,Yes,Two year,No,Electronic check,66.38,4700.44,No
7457-QXAHE,Male,1,Yes,No,31,Yes,No,Fiber optic,No,Yes,Yes,No,No,No,Two year,No,Bank transfer (automatic),108.09,3338.65,No
6191-RXKFY,Male,1,Yes,No,67,Yes,No,Fiber optic,No,No,No,No,No,Yes,Month-to-month,No,Electronic check,95.12,6359.62,No
7056-ULLKT,Male,0,No,No,59,Yes,Yes,Fiber optic,No,No,No,Yes,No,Yes,Month-to-month,Yes,Electronic check,96.22,5658.04,Yes
2895-ZEMHR,Male,0,Yes,Yes,2,Yes,Yes,DSL,No,Yes,No,Yes,No,No,Month-to-month,No,Electronic check,74.96,156.09,No
7125-YUFEX,Female,0,Yes,Yes,3,Yes,Yes,Fiber optic,No,No,No,Yes,No,Yes,Two year,No,Bank transfer (automatic),95.5,296.12,No
5390-CVRAU,Female,1,No,No,6,Yes,Yes,Fiber optic,Yes,No,No,No,No,No,Two year,No,Mailed check,95.07,573.82,No
6465-QWMMQ,Male,0,Yes,No,30,Yes,Yes,DSL,No,Yes,Yes,No,Yes,No,Month-to-month,Yes,Mailed check,87.28,2624.87,No
2779-DWFNG,Female,0,Yes,Yes,59,Yes,Yes,Fiber optic,No,No,No,Yes,No,No,Two year,Yes,Electronic check,105.41,6229.14,No
3073-QVLDF,Male,1,No,No,53,Yes,Yes,Fiber optic,No,No,No,No,Yes,Yes,Two year,Yes,Credit card (automatic),99.93,5293.34,No
2480-XHJBL,Female,0,No,No,53,Yes,No,Fiber optic,No,Yes,No,Yes,No,Yes,Two year,No,Credit card (automatic),109.64,5806.59,No
9224-KREDT,Female,1,No,No,26,Yes,Yes,Fiber optic,Yes,No,Yes,No,Yes,No,Month-to-month,Yes,Bank transfer (automatic),114.03,2974.36,Yes
1591-LHANZ,Female,0,No,No,3,Yes,No,Fiber optic,No,Yes,No,Yes,No,No,Two year,No,Credit card (automatic),103.51,310.51,No
1622-VNTCW,Male,0,No,No,4,Yes,Yes,DSL,No,No,No,No,No,No,Month-to-month,Yes,Credit card (automatic),62.16,227.81,No
1102-XRJAQ,Male,1,No,No,10,Yes,Yes,DSL,No,No,No,Yes,No,No,Month-to-month,No,Mailed check,71.07,712.32,Yes
1786-QUGFF,Male,0,Yes,No,8,Yes,No,Fiber optic,No,No,No,No,No,Yes,One year,Yes,Credit card (automatic),94.98,773.25,No
3023-CFRHU,Female,0,Yes,Yes,69,Yes,Yes,No,No internet service,No internet service,No internet service,No internet service,No internet service,No internet service,Month-to-month,No,Credit card (automatic),40.58,2801.66,No
8372-UNHYE,Female,0,No,No,12,Yes,Yes,DSL,No,No,No,No,No,No,Month-to-month,No,Mailed check,57.78,691.28,No
5180-LTPVY,Male,0,No,No,23,Yes,No,Fiber optic,No,Yes,No,No,No,No,Month-to-month,No,Electronic check,97.18,2208.67,Yes
4515-WEXEW,Male,0,Yes,No,60,Yes,Yes,DSL,No,Yes,Yes,No,No,Yes,Month-to-month,Yes,Mailed check,87.56,5262.13,No
4511-ZDMXB,Male,0,Yes,No,15,Yes,No,No,No internet service,No internet service,No internet service,No internet service,No internet service,No internet service,Month-to-month,Yes,Bank transfer (automatic),41.87,614.04,No
3384-CHKQG,Female,0,Yes,No,52,Yes,No,Fiber optic,Yes,Yes,Yes,No,Yes,No,Two year,No,Bank transfer (automatic),118.75,6186.62,No
2428-EYYFE,Male,0,Yes,Yes,33,Yes,Yes,DSL,Yes,No,No,No,Yes,Yes,Month-to-month,No,Bank transfer (automatic),80.65,2663.88,No
1487-ZSUGR,Female,0,Yes,Yes,55,Yes,Yes,DSL,Yes,No,No,No,No,No,Month-to-month,Yes,Electronic check,74.15,4098.55,No
1538-SPHTR,Female,1,No,No,21,No,No phone service,Fiber optic,No,Yes,No,Yes,Yes,Yes,Two year,Yes,Electronic check,94.0,1984.63,No
4950-EAYGH,Female,1,No,No,66,Yes,Yes,Fiber optic,Yes,No,Yes,No,No,Yes,Two year,Yes,Electronic check,110.01,7262.92,No
7128-GKTQR,Male,0,No,No,53,Yes,No,Fiber optic,No,Yes,No,Yes,Yes,No,Month-to-month,No,Mailed check,98.39,5216.16,No
1042-LMRDD,Female,1,Yes,Yes,22,Yes,Yes,No,No internet service,No internet service,No internet service,No internet service,No internet service,No internet service,One year,No,Electronic check,38.26,843.08,No
7861-SVGZG,Male,0,Yes,No,48,Yes,No,DSL,Yes,No,No,No,No,No,Two year,Yes,Electronic check,67.28,3218.65,No
6858-DYHVH,Male,0,Yes,No,54,Yes,Yes,Fiber optic,No,No,No,No,Yes,Yes,Two year,No,Credit card (automatic),101.83,5528.79,No
8116-LBESE,Female,0,No,No,72,Yes,No,Fiber optic,No,Yes,Yes,No,No,No,Month-to-month,No,Bank transfer (automatic),108.17,7779.38,No
3477-PGDQS,Female,1,No,No,26,Yes,Yes,Fiber optic,No,No,No,No,No,Yes,One year,No,Mailed check,100.4,2615.41,No
7596-YCLFX,Female,0,Yes,No,71,Yes,No,DSL,No,No,No,No,No,No,One year,No,Electronic check,67.73,4800.09,No
5857-CSBGT,Female,0,No,No,57,Yes,Yes,No,No internet service,No internet service,No internet service,No internet service,No internet service,No internet service,Month-to-month,Yes,Electronic check,42.95,2440.25,No
5553-UPWPB,Male,1,No,No,31,No,No phone service,No,No internet service,No internet service,No internet service,No internet service,No internet service,No internet service,One year,No,Mailed check,22.01,680.54,No
1641-UAKAH,Female,0,Yes,Yes,50,Yes,No,No,No internet service,No internet service,No internet service,No internet service,No internet service,No internet service,Month-to-month,No,Electronic check,39.39,1987.5,No
6355-EMZBB,Male,0,No,No,41,Yes,No,Fiber optic,No,No,Yes,No,Yes,Yes,Month-to-month,No,Electronic check,109.17,4485.53,Yes
3440-VKRAT,Female,0,Yes,No,72,Yes,No,Fiber optic,Yes,Yes,No,Yes,No,No,Month-to-month,Yes,Credit card (automatic),111.01,7994.22,No
1606-TDWHE,Female,0,No,No,4,Yes,Yes,DSL,Yes,No,Yes,No,No,Yes,Month-to-month,No,Electronic check,77.92,335.41,Yes
4030-ADQHJ,Male,0,No,Yes,55,Yes,No,Fiber optic,No,No,Yes,No,No,No,Month-to-month,Yes,Credit card (automatic),94.9,5195.85,No
8264-CKEMH,Male,0,Yes,Yes,60,Yes,No,DSL,No,No,No,No,Yes,No,Two year,Yes,Credit card (automatic),72.65,4368.35,No
1416-BWBUX,Male,0,Yes,No,0,Yes,Yes,No,No internet service,No internet service,No internet service,No internet service,No internet service,No internet service,Month-to-month,Yes,Mailed check,36.16, ,No
5191-HUZCZ,Male,0,No,No,37,No,No phone service,Fiber optic,No,No,Yes,Yes,No,No,Month-to-month,No,Electronic check,78.15,2883.27,Yes
9492-DBTBQ,Female,1,No,No,51,Yes,Yes,DSL,No,No,No,No,Yes,Yes,One year,Yes,Bank transfer (automatic),76.98,3927.38,No
1582-SFCBE,Male,0,No,No,62,Yes,Yes,Fiber optic,No,Yes,No,Yes,Yes,No,One year,No,Credit card (automatic),106.47,6599.27,No
5866-BVQHZ,Male,0,Yes,No,7,Yes,Yes,Fiber optic,Yes,No,Yes,No,No,No,One year,No,Bank transfer (automatic),95.59,662.21,Yes
6926-SETPZ,Male,0,No,Yes,20,No,No phone service,No,No internet service,No internet service,No internet service,No internet service,No internet service,No internet service,Two year,No,Electronic check,18.25,360.99,No
5301-SJADW,Male,1,Yes,No,39,Yes,Yes,Fiber optic,No,Yes,No,Yes,Yes,No,One year,No,Credit card (automatic),113.96,4433.1,No
7642-JSAAN,Female,1,Yes,No,46,Yes,Yes,No,No internet service,No internet service,No internet service,No internet service,No internet service,No internet service,One year,Yes,Mailed check,38.26,1750.45,No
6624-YUGVM,Female,0,Yes,Yes,11,Yes,No,Fiber optic,No,No,No,No,No,No,Month-to-month,Yes,Mailed check,91.65,1018.24,Yes
8433-EABZB,Female,0,No,No,60,Yes,No,Fiber optic,No,No,No,Yes,No,Yes,One year,Yes,Electronic check,99.93,6011.35,No
9453-TDWDD,Male,0,No,No,36,Yes,Yes,DSL,No,No,No,No,No,Yes,Two year,No,Mailed check,81.14,2963.46,No
6179-GGEQA,Male,0,Yes,Yes,29,Yes,No,DSL,No,No,Yes,No,No,No,Month-to-month,No,Bank transfer (automatic),73.92,2133.7,No
3205-PMSFR,Male,0,No,No,57,Yes,No,Fiber optic,No,Yes,No,No,Yes,No,Month-to-month,Yes,Mailed check,103.91,5910.13,No
7838-KGPPC,Female,0,No,No,37,Yes,Yes,No,No internet service,No internet service,No internet service,No internet service,No internet service,No internet service,Month-to-month,No,Credit card (automatic),34.43,1262.66,No
6085-DPYNU,Male,0,Yes,Yes,21,Yes,No,DSL,No,No,No,Yes,Yes,No,Month-to-month,No,Electronic check,79.75,1699.21,Yes
3787-YVYTR,Female,0,Yes,No,31,Yes,No,DSL,No,No,Yes,Yes,No,No,Month-to-month,No,Electronic check,81.9,2527.69,No
5724-YWLCA,Female,0,Yes,No,11,Yes,Yes,No,No internet service,No internet service,No internet service,No internet service,No internet service,No internet service,One year,Yes,Mailed check,43.29,477.89,No
3101-BFCZC,Female,0,Yes,Yes,61,Yes,No,DSL,No,Yes,No,No,No,No,Two year,No,Electronic check,69.22,4205.91,No
6641-JESZU,Female,0,Yes,No,22,Yes,No,Fiber optic,No,Yes,No,No,Yes,Yes,Month-to-month,Yes,Bank transfer (automatic),106.84,2368.52,No
9776-QSDWT,Male,0,No,No,25,Yes,No,No,No internet service,No internet service,No internet service,No internet service,No internet service,No internet service,Month-to-month,Yes,Mailed check,37.35,951.59,No
3285-JQAVG,Female,0,Yes,No,12,Yes,Yes,Fiber optic,No,No,No,No,No,No,Month-to-month,Yes,Mailed check,79.6,964.84,Yes
1674-HWGNV,Male,0,No,No,27,No,No phone service,DSL,No,Yes,No,No,No,Yes,One year,Yes,Mailed check,47.22,1283.55,No
1303-UGSED,Female,0,No,No,13,No,No phone service,No,No internet service,No internet service,No internet service,No internet service,No internet service,No internet service,Month-to-month,Yes,Electronic check,21.04,268.57,No
8093-VZSME,Female,0,Yes,No,3,Yes,No,DSL,No,No,No,No,No,Yes,Two year,Yes,Electronic check,66.85,190.34,No
3656-RJMEL,Male,0,Yes,Yes,50,Yes,No,No,No internet service,No internet service,No internet service,No internet service,No internet service,No internet service,Month-to-month,Yes,Mailed check,40.83,2042.26,No
3141-CDNJC,Female,0,Yes,No,27,Yes,No,DSL,No,No,No,No,No,No,Two year,Yes,Bank transfer (automatic),67.64,1838.93,No
5628-DADLY,Female,1,No,No,51,Yes,No,DSL,No,No,No,No,No,Yes,Month-to-month,Yes,Credit card (automatic),72.56,3704.69,No
3174-GFJTH,Male,0,No,No,16,Yes,No,DSL,No,Yes,No,No,Yes,Yes,Two year,No,Electronic check,78.54,1236.24,No
6917-XYPTY,Male,0,No,No,38,Yes,Yes,Fiber optic,No,No,Yes,Yes,Yes,Yes,Month-to-month,No,Electronic check,112.42,4274.85,Yes
8079-HDCXP,Male,0,No,No,15,Yes,No,Fiber optic,Yes,No,No,Yes,No,Yes,Two year,Yes,Mailed check,103.48,1559.03,No
3666-JGVQX,Male,0,No,No,18,Yes,No,Fiber optic,No,Yes,Yes,No,Yes,No,Two year,No,Mailed check,100.51,1796.88,No
3715-MCZNP,Male,0,No,No,70,Yes,No,DSL,No,Yes,Yes,Yes,No,No,Two year,No,Mailed check,81.12,5682.94,No
4722-GYMSA,Male,1,No,No,38,Yes,No,No,No internet service,No internet service,No internet service,No internet service,No internet service,No internet service,Two year,Yes,Bank transfer (automatic),47.31,1768.96,No
3483-VCCVH,Male,0,No,No,0,Yes,No,DSL,No,No,Yes,No,Yes,Yes,Month-to-month,No,Mailed check,81.28, ,Yes
3464-PEBAB,Male,0,No,No,69,Yes,Yes,DSL,No,No,No,No,No,Yes,Month-to-month,Yes,Electronic check,69.72,4797.39,No
2426-SHBAM,Male,0,Yes,No,60,Yes,Yes,DSL,No,No,No,No,Yes,Yes,Two year,Yes,Electronic check,83.62,5050.8,No
8560-JBFME,Female,0,No,No,28,Yes,No,Fiber optic,No,No,Yes,Yes,Yes,Yes,Two year,No,Credit card (automatic),118.75,3300.88,No
9805-UJYHD,Male,0,No,No,17,Yes,Yes,No,No internet service,No internet service,No internet service,No internet service,No internet service,No internet service,Month-to-month,No,Bank transfer (automatic),39.68,688.46,No
9443-ZHQER,Male,0,No,No,30,Yes,Yes,DSL,No,No,No,No,Yes,No,Month-to-month,Yes,Credit card (automatic),78.24,2346.84,No
7210-TPSPV,Male,0,No,No,56,Yes,No,DSL,No,No,No,Yes,No,No,Month-to-month,No,Electronic check,69.13,3880.81,Yes
2616-MKNDH,Male,0,Yes,No,36,Yes,Yes,DSL,No,No,No,No,No,Yes,Month-to-month,No,Credit card (automatic),70.57,2574.19,No
9586-CRRMA,Female,0,No,Yes,12,Yes,No,No,No internet service,No internet service,No internet service,No internet service,No internet service,No internet service,Month-to-month,No,Credit card (automatic),37.95,445.16,No
1309-GCCDE,Female,0,No,No,13,Yes,No,Fiber optic,Yes,Yes,Yes,Yes,Yes,Yes,Two year,Yes,Credit card (automatic),118.75,1552.54,No
8545-RARDL,Female,0,No,No,72,Yes,No,Fiber optic,No,No,No,No,No,No,Month-to-month,Yes,Electronic check,90.29,6488.88,Yes
1342-CDLMJ,Female,1,Yes,No,17,Yes,No,Fiber optic,No,No,No,No,Yes,Yes,Month-to-month,Yes,Mailed check,111.83,1881.8,Yes
6580-TTPPM,Male,0,Yes,No,42,Yes,No,Fiber optic,No,Yes,Yes,No,No,Yes,Month-to-month,Yes,Credit card (automatic),108.18,4545.66,Yes
3141-MAZJU,Female,0,Yes,No,50,Yes,No,No,No internet service,No internet service,No internet service,No internet service,No internet service,No internet service,Month-to-month,No,Mailed check,34.52,1720.75,No
9609-MWMDA,Male,0,Yes,Yes,11,Yes,Yes,Fiber optic,No,No,No,No,No,Yes,Two year,Yes,Bank transfer (automatic),91.89,1002.21,No
2220-YMHLG,Male,0,No,No,11,Yes,Yes,DSL,Yes,No,Yes,No,Yes,No,Month-to-month,No,Electronic check,85.39,934.81,Yes
8834-ZCTJB,Male,0,Yes,No,22,No,No phone service,Fiber optic,No,No,Yes,Yes,No,Yes,Two year,Yes,Mailed check,85.74,1879.04,No
9298-BEAMQ,Female,0,No,No,44,Yes,No,DSL,No,No,No,Yes,No,No,Month-to-month,Yes,Mailed check,76.15,3362.09,No
3885-BCYVY,Male,0,No,No,61,Yes,Yes,Fiber optic,Yes,No,No,No,No,No,Two year,Yes,Credit card (automatic),92.96,5698.3,No
5776-PUQLH,Male,0,No,No,28,Yes,No,DSL,No,Yes,No,No,Yes,No,Month-to-month,No,Electronic check,77.06,2172.5,No
5369-BETWC,Female,0,No,Yes,20,Yes,Yes,Fiber optic,Yes,Yes,No,No,No,No,One year,Yes,Mailed check,106.19,2118.4,Yes
1872-CUHHA,Male,1,No,No,22,Yes,No,DSL,No,No,No,No,No,No,One year,No,Credit card (automatic),68.79,1532.85,No
9752-LVSDV,Male,0,Yes,Yes,56,Yes,No,DSL,No,No,Yes,No,No,No,Month-to-month,Yes,Credit card (automatic),71.17,3970.13,No
5952-QEWYK,Male,1,Yes,Yes,40,Yes,No,Fiber optic,No,No,No,No,Yes,No,One year,No,Credit card (automatic),99.66,3977.63,No
1832-WXNPF,Female,0,No,No,45,Yes,No,Fiber optic,Yes,Yes,No,No,Yes,No,Two year,Yes,Electronic check,101.14,4551.04,No
1607-YMGSA,Female,0,Yes,Yes,16,Yes,Yes,Fiber optic,No,Yes,No,No,No,No,Month-to-month,No,Bank transfer (automatic),96.38,1524.54,Yes
1719-FLJEJ,Male,0,Yes,Yes,46,Yes,No,No,No internet service,No internet service,No internet service,No internet service,No internet service,No internet service,Month-to-month,Yes,Electronic check,47.4,2177.7,No
4004-NPXVH,Male,0,No,No,22,Yes,No,Fiber optic,No,Yes,No,No,No,No,Month-to-month,No,Credit card (automatic),101.04,2221.79,Yes
9123-NEJTV,Female,0,No,No,64,Yes,Yes,DSL,No,Yes,No,No,No,No,Two year,No,Bank transfer (automatic),66.97,4257.93,No
4366-DECSN,Female,0,Yes,Yes,38,Yes,Yes,DSL,No,No,Yes,Yes,No,Yes,Month-to-month,Yes,Credit card (automatic),84.11,3220.82,Yes
5060-SVVDQ,Female,0,No,No,11,Yes,No,DSL,No,Yes,No,No,Yes,Yes,One year,Yes,Electronic check,82.35,889.16,Yes
8941-UHKXA,Male,0,Yes,Yes,47,Yes,No,Fiber optic,No,No,No,No,No,Yes,Two year,Yes,Credit card (automatic),103.98,4860.15,No
5728-CXAAH,Female,1,Yes,No,1,Yes,No,DSL,No,No,Yes,No,No,Yes,One year,Yes,Mailed check,75.63,74.87,Yes
2801-MHJPP,Female,0,Yes,Yes,61,Yes,Yes,Fiber optic,Yes,No,Yes,No,Yes,Yes,Month-to-month,No,Mailed check,118.21,7217.7,No
9413-MPSES,Female,0,Yes,No,29,Yes,No,Fiber optic,No,No,No,No,No,Yes,Month-to-month,Yes,Credit card (automatic),99.38,2869.8,Yes
8756-HEJGQ,Male,0,Yes,No,60,Yes,Yes,Fiber optic,Yes,Yes,No,No,No,No,Month-to-month,Yes,Electronic check,98.09,5894.14,No
8772-QDHSH,Male,0,No,No,68,Yes,No,Fiber optic,No,No,No,No,Yes,No,Month-to-month,Yes,Electronic check,99.94,6835.27,No
6276-SHRKD,Female,0,Yes,No,36,Yes,No,Fiber optic,No,No,Yes,No,Yes,No,Month-to-month,No,Electronic check,99.63,3592.77,No
4349-LAXNA,Male,0,Yes,Yes,8,Yes,No,DSL,No,Yes,Yes,Yes,No,No,Month-to-month,Yes,Mailed check,91.67,724.91,Yes
8811-WADJN,Female,0,Yes,Yes,5,Yes,Yes,Fiber optic,No,Yes,No,No,No,Yes,Two year,Yes,Bank transfer (automatic),97.48,510.9,No
7531-LQARX,Male,0,Yes,No,23,Yes,Yes,Fiber optic,No,No,No,No,No,No,Two year,No,Credit card (automatic),91.79,2097.14,No
5735-LHYAG,Male,0,No,No,13,Yes,Yes,Fiber optic,No,No,No,No,No,Yes,Month-to-month,Yes,Bank transfer (automatic),85.07,1090.64,Yes
2248-WMYRP,Female,1,Yes,Yes,52,Yes,No,DSL,No,No,No,Yes,No,Yes,Month-to-month,Yes,Bank transfer (automatic),81.68,4250.26,No
5656-EPSZP,Male,1,No,No,0,Yes,No,Fiber optic,No,No,No,No,Yes,No,One year,Yes,Mailed check,96.14, ,Yes
9448-YNLDG,Female,0,Yes,No,52,Yes,Yes,DSL,No,No,No,No,No,No,Month-to-month,No,Mailed check,62.35,3231.76,No
8910-DKSFZ,Male,0,Yes,No,13,Yes,Yes,No,No internet service,No internet service,No internet service,No internet service,No internet service,No internet service,Month-to-month,Yes,Mailed check,35.17,431.88,Yes
6844-AFTWY,Male,0,No,No,9,Yes,No,Fiber optic,No,No,No,No,No,No,Two year,No,Credit card (automatic),90.61,784.97,No
8659-BTCBS,Male,1,No,No,2,Yes,Yes,No,No internet service,No internet service,No internet service,No internet service,No internet service,No internet service,Two year,Yes,Mailed check,39.43,80.83,No
5303-RWBNW,Female,0,No,No,58,Yes,No,Fiber optic,Yes,No,No,Yes,No,No,Two year,No,Electronic check,108.26,6258.74,No
4962-NMXBX,Male,0,Yes,Yes,52,Yes,No,No,No internet service,No internet service,No internet service,No internet service,No internet service,No internet service,Two year,No,Credit card (automatic),38.34,1989.48,No
8346-VKNJG,Male,1,Yes,No,65,No,No phone service,Fiber optic,Yes,Yes,No,No,No,No,One year,No,Credit card (automatic),86.6,5613.46,No
8878-NTCUR,Male,0,No,No,39,Yes,No,Fiber optic,No,No,Yes,No,Yes,Yes,Two year,Yes,Bank transfer (automatic),109.24,4256.24,No
9977-DNNNB,Male,0,No,No,43,Yes,Yes,Fiber optic,Yes,Yes,No,Yes,No,No,Month-to-month,Yes,Bank transfer (automatic),105.17,4512.78,No
5257-HQFLQ,Male,0,Yes,No,2,Yes,Yes,No,No internet service,No internet service,No internet service,No internet service,No internet service,No internet service,Month-to-month,Yes,Mailed check,33.74,81.65,No
1576-UTBBW,Female,1,No,No,1,Yes,No,DSL,No,Yes,No,No,Yes,Yes,Month-to-month,Yes,Bank transfer (automatic),85.7,92.8,No
3549-WMJGR,Female,0,Yes,Yes,45,Yes,Yes,Fiber optic,No,No,No,Yes,Yes,No,One year,No,Bank transfer (automatic),100.67,4528.18,Yes
1987-KJDJN,Male,0,No,No,37,Yes,Yes,Fiber optic,No,No,No,No,No,Yes,Month-to-month,No,Mailed check,94.41,3520.56,Yes
7097-CWXSY,Male,0,Yes,No,59,Yes,No,DSL,No,No,No,Yes,No,Yes,Two year,No,Mailed check,86.18,5098.63,No
4851-VTPEP,Male,1,Yes,No,40,Yes,Yes,No,No internet service,No internet service,No internet service,No internet service,No internet service,No internet service,Month-to-month,Yes,Electronic check,41.83,1657.74,No
9111-ZLFTB,Male,0,No,No,2,Yes,No,No,No internet service,No internet service,No internet service,No internet service,No internet service,No internet service,Two year,No,Bank transfer (automatic),39.83,90.51,No
2359-PZHLH,Female,0,No,No,47,Yes,No,DSL,Yes,No,No,Yes,Yes,No,Month-to-month,No,Mailed check,78.92,3696.69,No
4964-AQQHG,Female,1,No,No,9,Yes,No,No,No internet service,No internet service,No internet service,No internet service,No internet service,No internet service,Month-to-month,No,Bank transfer (automatic),46.24,404.62,No
7853-EBAXJ,Female,0,No,No,64,Yes,No,Fiber optic,No,Yes,Yes,No,Yes,Yes,Month-to-month,No,Electronic check,118.75,7606.15,No
1916-XDJAS,Male,0,No,No,34,Yes,No,Fiber optic,No,Yes,Yes,Yes,No,Yes,Month-to-month,Yes,Bank transfer (automatic),116.64,3989.42,Yes
7293-UGHYV,Female,1,Yes,Yes,32,Yes,No,Fiber optic,No,No,Yes,No,Yes,Yes,Month-to-month,Yes,Credit card (automatic),106.96,3432.84,Yes
1334-SVPRA,Female,0,Yes,Yes,3,Yes,No,Fiber optic,No,No,Yes,No,No,No,Month-to-month,Yes,Bank transfer (automatic),99.35,315.64,Yes
1270-ADZRU,Male,1,No,No,22,No,No phone service,DSL,No,No,No,No,No,No,Two year,Yes,Mailed check,45.03,992.49,No
3659-YEXAA,Male,1,Yes,Yes,1,Yes,Yes,DSL,Yes,Yes,No,No,No,No,Month-to-month,Yes,Credit card (automatic),75.6,63.68,No
1709-VGLMU,Male,0,Yes,No,7,Yes,Yes,Fiber optic,No,No,No,No,No,No,Two year,Yes,Bank transfer (automatic),86.35,610.48,No
4138-AKGTU,Male,0,Yes,No,42,Yes,No,No,No internet service,No internet service,No internet service,No internet service,No internet service,No internet service,Month-to-month,No,Credit card (automatic),42.08,1758.24,No
1827-VBQKH,Female,1,No,No,35,Yes,Yes,DSL,Yes,Yes,Yes,No,No,Yes,Month-to-month,No,Electronic check,95.44,3352.34,No
5348-HVZVL,Female,0,Yes,No,41,Yes,No,Fiber optic,No,Yes,No,Yes,Yes,No,Two year,No,Electronic check,107.37,4406.8,No
5529-LVPMK,Female,0,No,Yes,58,Yes,Yes,DSL,Yes,No,No,No,No,Yes,One year,Yes,Credit card (automatic),68.04,3968.54,No
4375-PSLVV,Male,0,No,No,58,Yes,No,Fiber optic,Yes,No,No,No,No,No,Month-to-month,Yes,Credit card (automatic),91.25,5299.79,No
4861-XEYHP,Male,0,Yes,No,64,Yes,No,DSL,Yes,No,Yes,No,Yes,No,Month-to-month,No,Electronic check,87.09,5564.79,No
3551-LJSBW,Female,0,Yes,No,5,No,No phone service,DSL,No,No,No,No,Yes,No,Month-to-month,No,Credit card (automatic),52.04,278.47,No
9133-PPSET,Female,0,No,No,5,Yes,No,No,No internet service,No internet service,No internet service,No internet service,No internet service,No internet service,One year,No,Bank transfer (automatic),39.68,197.03,No
2967-SHTUF,Female,0,No,No,65,Yes,No,Fiber optic,No,Yes,No,No,No,No,One year,No,Electronic check,90.68,5884.13,No
6556-MHQZA,Female,0,No,Yes,63,Yes,No,Fiber optic,No,No,No,Yes,Yes,No,Two year,Yes,Electronic check,94.12,5923.8,No
9610-WNQJD,Female,0,Yes,No,1,Yes,Yes,Fiber optic,No,No,No,Yes,Yes,Yes,Month-to-month,No,Bank transfer (automatic),105.58,103.21,Yes
6142-VFTTU,Female,0,No,No,2,Yes,Yes,DSL,No,Yes,No,Yes,No,No,Month-to-month,Yes,Electronic check,79.58,132.89,No
4059-KKWXK,Male,0,No,No,21,Yes,Yes,Fiber optic,Yes,No,No,No,No,Yes,Month-to-month,Yes,Bank transfer (automatic),103.23,2170.77,Yes
9728-PKAQR,Female,0,Yes,Yes,40,Yes,Yes,No,No internet service,No internet service,No internet service,No internet service,No internet service,No internet service,Two year,Yes,Credit card (automatic),31.88,1267.42,No
9714-TAPTM,Female,0,No,No,3,Yes,Yes,Fiber optic,No,No,Yes,No,No,No,Two year,No,Mailed check,91.75,275.86,No
4863-VQSMG,Male,0,Yes,No,32,Yes,Yes,Fiber optic,No,No,No,Yes,Yes,No,Month-to-month,Yes,Credit card (automatic),101.11,3229.21,Yes
5671-ZQSCZ,Female,0,No,No,17,Yes,Yes,DSL,Yes,No,No,No,Yes,Yes,Month-to-month,Yes,Bank transfer (automatic),80.12,1373.81,No
3202-ZLYXU,Female,0,No,No,67,Yes,Yes,DSL,No,No,No,No,Yes,No,Two year,No,Bank transfer (automatic),76.05,5101.15,No
9246-QWEBP,Female,1,No,No,59,Yes,No,No,No internet service,No internet service,No internet service,No internet service,No internet service,No internet service,Month-to-month,Yes,Mailed check,41.3,2428.89,No
8287-UNNQW,Male,0,Yes,Yes,38,Yes,No,Fiber optic,No,Yes,No,Yes,No,Yes,Two year,No,Bank transfer (automatic),103.7,3927.62,Yes
8575-CQKVN,Female,0,Yes,Yes,9,Yes,Yes,DSL,Yes,Yes,No,No,No,No,Two year,No,Credit card (automatic),71.66,635.65,No
9921-LSCYD,Male,0,No,No,19,Yes,Yes,No,No internet service,No internet service,No internet service,No internet service,No internet service,No internet service,One year,Yes,Electronic check,39.93,787.72,No
4404-WZMMB,Male,0,No,No,14,Yes,No,DSL,No,No,No,No,Yes,No,One year,Yes,Electronic check,69.25,971.1,No
9808-AAMAD,Male,1,No,Yes,62,Yes,No,Fiber optic,No,Yes,No,Yes,No,No,Month-to-month,Yes,Bank transfer (automatic),108.23,6693.95,No
6648-SHVQF,Male,0,No,Yes,44,No,No phone service,Fiber optic,No,No,No,No,No,No,Month-to-month,No,Credit card (automatic),70.4,3119.0,No
7411-QVDFH,Male,1,Yes,No,25,Yes,No,No,No internet service,No internet service,No internet service,No internet service,No internet service,No internet service,Two year,No,Mailed check,36.72,936.77,No
4072-XTPNX,Male,0,Yes,No,1,Yes,No,No,No internet service,No internet service,No internet service,No internet service,No internet service,No internet service,Month-to-month,Yes,Mailed check,37.83,62.42,No
5020-FDHRM,Female,0,Yes,No,60,Yes,No,DSL,No,No,No,No,No,No,Month-to-month,No,Credit card (automatic),58.12,3490.72,Yes
4795-MZZDC,Male,0,No,No,43,Yes,Yes,DSL,No,No,Yes,Yes,No,No,Two year,Yes,Electronic check,69.13,2966.75,No
3198-WMWRP,Female,0,No,No,17,Yes,No,No,No internet service,No internet service,No internet service,No internet service,No internet service,No internet service,Month-to-month,Yes,Electronic check,39.53,659.12,No
3533-JDNGH,Male,0,No,No,65,Yes,Yes,No,No internet service,No internet service,No internet service,No internet service,No internet service,No internet service,One year,No,Mailed check,34.01,2204.95,No
1355-VYMNY,Male,0,No,No,55,Yes,Yes,DSL,No,Yes,Yes,No,Yes,Yes,One year,No,Mailed check,90.47,4961.11,No
5602-QLNNT,Female,0,Yes,No,5,Yes,No,Fiber optic,Yes,No,No,No,No,Yes,Month-to-month,Yes,Electronic check,106.06,544.21,Yes
6437-NBXXE,Male,0,Yes,No,0,Yes,No,Fiber optic,No,No,No,No,No,No,Month-to-month,No,Mailed check,93.25, ,No
3639-ZHVUW,Female,0,No,No,0,Yes,No,Fiber optic,No,No,No,No,No,No,Month-to-month,Yes,Bank transfer (automatic),96.77, ,Yes
1143-MPWFH,Female,0,Yes,No,19,Yes,Yes,No,No internet service,No internet service,No internet service,No internet service,No internet service,No internet service,Month-to-month,Yes,Electronic check,34.07,626.18,No
2618-UZDFH,Male,0,No,No,29,Yes,No,Fiber optic,Yes,No,No,Yes,No,No,Month-to-month,Yes,Mailed check,101.39,2933.98,Yes
9000-LGHQK,Male,0,Yes,Yes,67,Yes,No,No,No internet service,No internet service,No internet service,No internet service,No internet service,No internet service,Two year,Yes,Electronic check,37.29,2505.1,No
2263-VLGTT,Male,0,Yes,No,61,No,No phone service,DSL,Yes,No,No,Yes,No,Yes,Two year,Yes,Electronic check,59.71,3636.81,No
2395-BBURV,Male,1,Yes,Yes,72,Yes,Yes,Fiber optic,No,No,Yes,Yes,No,Yes,Month-to-month,No,Credit card (automatic),107.23,7741.17,No
6637-KQTKX,Male,0,Yes,Yes,68,Yes,No,Fiber optic,Yes,No,Yes,No,Yes,No,One year,Yes,Mailed check,103.59,7036.79,No
9095-VZKCM,Female,0,No,Yes,0,Yes,No,DSL,No,No,Yes,Yes,No,Yes,Month-to-month,No,Mailed check,82.18, ,Yes
7712-UKHLV,Male,0,Yes,Yes,58,Yes,No,Fiber optic,Yes,No,Yes,No,No,Yes,Month-to-month,Yes,Mailed check,102.58,5937.37,Yes
1545-HFVMC,Female,1,No,No,67,Yes,Yes,DSL,No,Yes,No,No,Yes,No,Two year,No,Electronic check,68.92,4613.91,No
3355-BMZPW,Female,1,Yes,Yes,47,Yes,No,Fiber optic,No,No,No,Yes,No,No,Month-to-month,Yes,Mailed check,89.0,4180.2,Yes
7682-XHYFL,Female,0,No,No,70,Yes,Yes,DSL,No,No,No,Yes,No,No,Two year,No,Electronic check,69.0,4814.48,No
7130-GGDAN,Female,0,No,No,31,Yes,No,Fiber optic,Yes,Yes,Yes,No,Yes,Yes,Month-to-month,Yes,Bank transfer (automatic),114.98,3558.03,No
9879-FLYUA,Male,0,Yes,Yes,57,Yes,Yes,Fiber optic,No,No,Yes,No,Yes,Yes,One year,Yes,Electronic check,109.63,6252.3,No
5504-DFFQE,Female,0,Yes,Yes,57,Yes,No,DSL,No,No,Yes,No,Yes,Yes,Two year,Yes,Credit card (automatic),77.97,4465.05,No
3266-FJRKH,Female,0,Yes,Yes,16,Yes,Yes,Fiber optic,No,No,No,No,No,No,One year,No,Credit card (automatic),85.18,1358.91,Yes
5657-QAXXQ,Male,0,No,No,55,Yes,Yes,Fiber optic,No,No,No,No,Yes,No,Two year,No,Credit card (automatic),101.42,5571.05,No
6170-SLJJD,Female,0,Yes,Yes,34,Yes,No,No,No internet service,No internet service,No internet service,No internet service,No internet service,No internet service,Month-to-month,No,Credit card (automatic),39.77,1338.87,No
8569-HGZNQ,Female,0,Yes,Yes,13,Yes,No,DSL,No,No,Yes,Yes,No,No,One year,Yes,Bank transfer (automatic),72.35,948.96,No
3208-GTLDW,Female,0,No,No,7,Yes,Yes,Fiber optic,No,No,Yes,No,No,Yes,Month-to-month,No,Electronic check,95.67,659.19,No
4624-SJPUX,Male,0,No,No,52,Yes,No,No,No internet service,No internet service,No internet service,No internet service,No internet service,No internet service,Month-to-month,Yes,Electronic check,38.98,2007.09,No
2865-SXRDE,Male,0,Yes,No,59,No,No phone service,Fiber optic,Yes,Yes,No,Yes,No,No,Month-to-month,Yes,Electronic check,90.99,5372.28,Yes
2825-CUZNQ,Female,0,Yes,No,57,Yes,No,DSL,No,No,No,Yes,No,No,One year,Yes,Credit card (automatic),77.43,4387.44,No
7962-KMQHB,Female,0,No,No,70,No,No phone service,Fiber optic,No,No,No,Yes,Yes,Yes,Month-to-month,No,Bank transfer (automatic),85.69,6018.47,No
6109-VBFGV,Female,0,Yes,Yes,65,No,No phone service,Fiber optic,No,No,No,No,Yes,Yes,Month-to-month,No,Electronic check,75.46,4895.35,No
5540-NRGTA,Female,0,No,Yes,13,Yes,No,DSL,No,Yes,No,No,No,Yes,One year,No,Electronic check,76.02,994.26,Yes
2023-VRELB,Female,1,Yes,No,53,Yes,Yes,DSL,No,No,No,No,No,No,Month-to-month,Yes,Electronic check,72.21,3833.27,No
7045-UGJFK,Male,0,No,No,16,Yes,Yes,Fiber optic,No,No,No,No,No,Yes,One year,Yes,Credit card (automatic),97.06,1532.43,No
3450-FLWUH,Female,1,No,No,53,Yes,No,Fiber optic,Yes,No,Yes,No,No,Yes,Two year,Yes,Electronic check,100.97,5357.54,No
9484-FXHNE,Male,0,No,No,31,Yes,No,DSL,Yes,No,No,No,No,Yes,Month-to-month,No,Credit card (automatic),76.63,2372.09,Yes
7857-HWBND,Female,0,No,No,65,Yes,No,No,No internet service,No internet service,No internet service,No internet service,No internet service,No internet service,One year,Yes,Bank transfer (automatic),39.73,2576.4,No
8999-LSXNB,Male,1,No,No,9,No,No phone service,Fiber optic,No,No,No,Yes,Yes,No,Two year,No,Credit card (automatic),78.21,678.29,No
2986-FXXMX,Female,0,No,No,14,Yes,Yes,Fiber optic,No,No,No,No,Yes,No,One year,Yes,Bank transfer (automatic),89.49,1264.97,No
3213-SKFGL,Female,0,No,No,45,Yes,No,DSL,No,Yes,Yes,Yes,No,No,Two year,Yes,Electronic check,88.92,4024.52,Yes
4056-FJDZK,Male,1,No,No,40,No,No phone service,No,No internet service,No internet service,No internet service,No internet service,No internet service,No internet service,Month-to-month,No,Electronic check,24.66,990.42,No
1966-PXJWQ,Male,0,Yes,No,62,Yes,No,DSL,No,No,Yes,No,No,No,Month-to-month,No,Credit card (automatic),70.1,4322.96,No
7652-HAJYU,Male,0,No,No,65,Yes,No,Fiber optic,No,No,No,No,No,Yes,One year,No,Mailed check,93.56,6086.71,No
8056-XJHYP,Female,1,No,No,19,Yes,No,Fiber optic,No,No,No,Yes,Yes,No,Month-to-month,Yes,Bank transfer (automatic),98.53,1859.48,No
3681-GXBBT,Female,0,No,No,46,Yes,No,DSL,No,No,No,No,No,No,Month-to-month,Yes,Mailed check,65.24,2987.92,No
1012-EZLTM,Male,0,No,No,55,Yes,No,DSL,No,Yes,Yes,No,No,No,Month-to-month,Yes,Mailed check,85.22,4672.44,No
1815-EUCQJ,Female,0,No,No,67,Yes,No,No,No internet service,No internet service,No internet service,No internet service,No internet service,No internet service,One year,No,Bank transfer (automatic),47.4,3180.25,No
4332-YQQJK,Female,0,No,No,25,Yes,No,Fiber optic,No,No,No,Yes,No,Yes,Two year,Yes,Credit card (automatic),98.46,2462.61,No
7171-AFQQC,Male,0,No,No,3,Yes,Yes,Fiber optic,No,Yes,No,Yes,Yes,No,One year,No,Electronic check,103.24,307.45,No
8089-PFUZL,Male,0,No,No,25,Yes,No,No,No internet service,No internet service,No internet service,No internet service,No internet service,No internet service,Two year,No,Electronic check,36.95,930.7,No
3550-HQBMA,Male,1,Yes,Yes,15,Yes,No,No,No internet service,No internet service,No internet service,No internet service,No internet service,No internet service,Month-to-month,Yes,Electronic check,43.34,637.33,No
1347-LTXCF,Female,0,Yes,No,3,Yes,Yes,Fiber optic,No,No,No,No,No,No,Two year,Yes,Credit card (automatic),85.33,249.38,No
4794-PZSNB,Female,0,No,No,16,Yes,No,No,No internet service,No internet service,No internet service,No internet service,No internet service,No internet service,Month-to-month,Yes,Bank transfer (automatic),43.34,676.6,No
1727-DRHFS,Female,0,Yes,Yes,14,Yes,No,DSL,No,No,No,Yes,No,Yes,Two year,Yes,Bank transfer (automatic),79.21,1090.73,No
8337-LXTTW,Female,0,No,No,5,Yes,Yes,No,No internet service,No internet service,No internet service,No internet service,No internet service,No internet service,Two year,Yes,Electronic check,39.61,187.61,No
2654-UYZPU,Female,0,No,No,56,Yes,No,No,No internet service,No internet service,No internet service,No internet service,No internet service,No internet service,Two year,Yes,Mailed check,43.23,2397.15,No
8996-WXVKT,Male,0,Yes,Yes,45,Yes,Yes,Fiber optic,No,No,Yes,No,Yes,No,Two year,Yes,Electronic check,105.54,4741.89,No
4693-VVYQM,Female,1,No,No,11,Yes,Yes,Fiber optic,Yes,Yes,No,No,No,Yes,Two year,Yes,Bank transfer (automatic),111.11,1227.12,No
2489-RPNSW,Male,0,No,No,29,Yes,Yes,Fiber optic,Yes,No,No,No,No,No,Month-to-month,Yes,Mailed check,98.11,2850.18,Yes
2337-LTVUV,Female,1,No,No,61,Yes,Yes,DSL,Yes,Yes,Yes,Yes,Yes,No,Two year,Yes,Credit card (automatic),102.54,6251.42,No
8694-ZQFPT,Female,0,Yes,No,17,No,No phone service,Fiber optic,No,Yes,No,Yes,Yes,Yes,Month-to-month,No,Bank transfer (automatic),89.61,1514.63,Yes
1906-UPYFX,Female,0,Yes,No,17,Yes,No,DSL,No,No,No,Yes,Yes,No,Two year,No,Electronic check,73.47,1240.41,No
5031-PRPXE,Female,1,No,No,53,Yes,No,DSL,No,No,No,No,No,Yes,One year,Yes,Electronic check,71.75,3819.97,No
7568-ZFGMT,Male,0,No,No,29,Yes,No,Fiber optic,No,No,Yes,No,Yes,No,Month-to-month,Yes,Electronic check,101.03,2941.37,Yes
9629-VVLRF,Female,1,No,No,49,Yes,Yes,DSL,No,No,Yes,No,Yes,No,Month-to-month,No,Electronic check,74.64,3652.76,No
5167-EAWVN,Female,0,No,No,14,Yes,No,Fiber optic,No,No,Yes,No,Yes,No,Month-to-month,Yes,Credit card (automatic),105.26,1505.56,No
1130-CCTEG,Female,0,Yes,No,2,Yes,No,Fiber optic,No,Yes,No,No,No,No,One year,No,Credit card (automatic),99.03,196.54,No
8749-XUHPE,Male,0,Yes,Yes,39,Yes,No,Fiber optic,No,Yes,No,Yes,Yes,No,One year,No,Electronic check,104.95,4104.95,No
8720-CTNUL,Male,0,No,No,32,Yes,Yes,Fiber optic,Yes,No,No,No,Yes,No,Month-to-month,No,Electronic check,104.42,3348.0,Yes
2422-URMJJ,Female,0,Yes,Yes,61,Yes,Yes,Fiber optic,No,No,No,No,Yes,Yes,Month-to-month,Yes,Electronic check,98.66,5993.89,Yes
5329-GGGAY,Female,0,No,No,52,Yes,Yes,Fiber optic,Yes,Yes,No,No,No,No,Month-to-month,Yes,Mailed check,100.17,5191.93,Yes
3128-DDZMH,Female,0,No,No,24,Yes,No,Fiber optic,No,No,No,No,No,No,Month-to-month,Yes,Mailed check,86.64,2094.35,Yes
4634-CHFVB,Male,0,No,No,7,Yes,No,Fiber optic,No,Yes,No,No,Yes,Yes,One year,Yes,Mailed check,109.21,754.95,Yes
4828-UWNFJ,Female,0,No,No,39,Yes,Yes,Fiber optic,No,Yes,No,No,No,No,One year,No,Electronic check,99.18,3872.33,No
3000-RHRRY,Female,0,Yes,No,58,Yes,Yes,DSL,Yes,No,Yes,No,Yes,Yes,Month-to-month,No,Electronic check,83.8,4854.52,Yes
4332-ZKSRV,Male,0,Yes,Yes,22,Yes,No,Fiber optic,No,No,No,No,No,No,One year,No,Mailed check,95.26,2106.76,No
5221-VJMMS,Male,1,No,No,44,Yes,No,No,No internet service,No internet service,No internet service,No internet service,No internet service,No internet service,Two year,Yes,Electronic check,39.84,1723.79,No
6564-BVUCZ,Male,0,No,No,2,Yes,Yes,No,No internet service,No internet service,No internet service,No internet service,No internet service,No internet service,Two year,Yes,Bank transfer (automatic),31.6,67.3,No
6945-CMWGY,Female,0,No,No,52,Yes,No,No,No internet service,No internet service,No internet service,No internet service,No internet service,No internet service,Month-to-month,Yes,Electronic check,34.83,1810.22,No
4765-FJNSY,Female,0,Yes,Yes,61,Yes,No,Fiber optic,No,No,No,Yes,Yes,Yes,Two year,No,Mailed check,108.57,6613.44,No
2753-ZNDYJ,Male,0,No,No,18,Yes,No,Fiber optic,No,No,No,Yes,No,Yes,Month-to-month,Yes,Bank transfer (automatic),99.99,1793.95,No
6584-SAFSH,Male,0,Yes,Yes,48,Yes,Yes,Fiber optic,No,Yes,No,No,No,No,Month-to-month,No,Bank transfer (automatic),96.15,4634.93,No
1083-AVDCP,Male,0,Yes,Yes,54,No,No phone service,Fiber optic,No,Yes,No,Yes,No,No,Month-to-month,No,Credit card (automatic),82.57,4472.29,No
2070-RPRMU,Female,0,No,Yes,17,Yes,No,DSL,No,Yes,No,Yes,Yes,No,Month-to-month,Yes,Electronic check,76.27,1317.79,Yes
6802-KAGDA,Male,0,Yes,Yes,12,Yes,No,Fiber optic,Yes,No,No,No,Yes,Yes,Two year,No,Electronic check,112.01,1336.89,Yes
3458-EBHNE,Male,1,Yes,No,28,Yes,Yes,Fiber optic,Yes,No,Yes,No,No,No,Two year,Yes,Mailed check,102.38,2857.08,No
3457-ABDLR,Male,0,Yes,No,62,Yes,No,DSL,No,No,No,No,No,No,Month-to-month,Yes,Electronic check,68.01,4182.19,No
8094-RQYGV,Male,0,No,No,26,Yes,No,DSL,No,No,No,Yes,No,Yes,Month-to-month,Yes,Electronic check,72.47,1861.7,Yes
9430-PWDXP,Male,0,Yes,No,15,Yes,Yes,DSL,No,No,No,Yes,No,No,Month-to-month,Yes,Electronic check,77.02,1158.13,No
2993-BTLHK,Female,0,Yes,No,20,Yes,No,Fiber optic,No,No,No,No,Yes,No,Two year,No,Bank transfer (automatic),89.23,1800.96,No
9918-LBGDS,Male,1,Yes,Yes,19,Yes,No,No,No internet service,No internet service,No internet service,No internet service,No internet service,No internet service,Month-to-month,No,Mailed check,37.26,696.11,No
8202-WRULR,Male,0,No,No,38,Yes,Yes,DSL,No,Yes,No,No,Yes,Yes,Month-to-month,No,Electronic check,88.04,3324.06,No
1962-NPAPT,Female,0,Yes,No,48,Yes,No,No,No internet service,No internet service,No internet service,No internet service,No internet service,No internet service,Two year,Yes,Mailed check,41.52,2005.61,No
4307-PGGDH,Male,0,No,No,20,Yes,No,DSL,Yes,No,Yes,Yes,Yes,No,Month-to-month,No,Bank transfer (automatic),96.04,1919.35,No
8227-YRQQM,Female,0,No,No,24,Yes,Yes,DSL,Yes,No,No,Yes,Yes,Yes,Month-to-month,No,Electronic check,83.09,1970.71,No
4806-QUKPM,Male,0,No,No,35,Yes,Yes,No,No internet service,No internet service,No internet service,No internet service,No internet service,No internet service,Two year,Yes,Mailed check,41.5,1440.1,No
3569-GBLTS,Male,0,Yes,No,22,Yes,No,No,No internet service,No internet service,No internet service,No internet service,No internet service,No internet service,Month-to-month,Yes,Credit card (automatic),42.83,970.46,No
9870-AUVLG,Female,0,No,No,33,Yes,No,DSL,Yes,No,No,No,Yes,No,Month-to-month,No,Electronic check,74.6,2456.97,No
4213-SWRNR,Female,0,Yes,Yes,4,Yes,No,DSL,Yes,Yes,Yes,No,Yes,Yes,Month-to-month,No,Bank transfer (automatic),95.69,389.26,Yes
1635-QBZXN,Female,0,Yes,No,27,Yes,No,DSL,No,No,Yes,No,No,No,Month-to-month,No,Bank transfer (automatic),69.35,1839.19,Yes
4366-TRSNF,Male,0,No,No,59,Yes,Yes,DSL,No,No,No,No,Yes,No,Two year,No,Mailed check,73.64,4349.62,No
1659-GNLNG,Female,1,Yes,Yes,31,Yes,No,Fiber optic,No,Yes,No,No,No,No,One year,Yes,Credit card (automatic),100.81,3126.29,No
9439-JWKLQ,Male,0,Yes,No,33,Yes,No,Fiber optic,No,Yes,No,No,Yes,Yes,Month-to-month,No,Bank transfer (automatic),106.44,3481.88,No
3367-FKVDL,Male,0,Yes,No,43,Yes,No,DSL,No,No,No,Yes,No,Yes,Month-to-month,Yes,Bank transfer (automatic),72.3,3103.98,No
7048-SLBAM,Female,0,Yes,Yes,28,Yes,No,DSL,No,No,No,No,No,Yes,Month-to-month,Yes,Electronic check,68.6,1914.73,Yes
8289-AXSAJ,Male,0,Yes,Yes,30,Yes,Yes,Fiber optic,No,No,No,Yes,No,Yes,Two year,Yes,Mailed check,98.69,2959.44,No
2984-YPHGP,Female,0,Yes,Yes,17,Yes,No,No,No internet service,No internet service,No internet service,No internet service,No internet service,No internet service,Month-to-month,No,Electronic check,40.05,678.0,No
1045-GDQSM,Male,0,No,No,55,Yes,No,Fiber optic,No,Yes,No,No,No,No,Month-to-month,No,Electronic check,91.71,5024.05,No
2260-JWEDC,Male,0,Yes,Yes,40,Yes,No,Fiber optic,No,Yes,No,No,No,No,Month-to-month,Yes,Mailed check,95.09,3815.15,No
8349-CPZRK,Male,0,Yes,No,1,Yes,No,DSL,No,No,No,No,Yes,Yes,One year,No,Electronic check,78.52,69.83,No
2861-ADYDA,Female,0,No,No,40,Yes,Yes,No,No internet service,No internet service,No internet service,No internet service,No internet service,No internet service,Two year,Yes,Electronic check,35.54,1413.12,No
8343-LJTNX,Male,0,No,No,26,Yes,Yes,DSL,No,No,No,No,Yes,No,Month-to-month,Yes,Credit card (automatic),74.46,1946.16,Yes
5207-TXMGZ,Female,0,No,No,0,Yes,No,Fiber optic,Yes,No,No,No,No,No,Month-to-month,Yes,Credit card (automatic),102.32, ,Yes
3040-APZCW,Male,0,No,Yes,37,Yes,No,Fiber optic,No,Yes,Yes,No,No,Yes,Two year,Yes,Electronic check,104.19,3873.68,No
8473-YLGND,Female,0,Yes,No,6,Yes,Yes,No,No internet service,No internet service,No internet service,No internet service,No internet service,No internet service,Month-to-month,Yes,Electronic check,33.87,200.06,No
8584-RMNTN,Male,0,Yes,No,14,Yes,Yes,Fiber optic,No,No,No,No,No,Yes,Month-to-month,No,Mailed check,93.75,1301.18,No
8557-YYQTH,Male,0,No,No,44,No,No phone service,Fiber optic,Yes,No,Yes,No,No,No,Month-to-month,No,Electronic check,88.58,3901.49,No
1343-KWDPE,Female,0,No,No,37,Yes,Yes,DSL,No,No,No,Yes,No,No,Month-to-month,No,Electronic check,73.62,2743.08,No
4863-DTVUS,Male,1,Yes,Yes,20,Yes,Yes,DSL,Yes,No,No,No,No,No,Month-to-month,Yes,Bank transfer (automatic),66.27,1311.68,No
3116-NCJNS,Male,0,No,No,63,Yes,No,Fiber optic,Yes,No,Yes,No,No,Yes,Two year,No,Electronic check,107.32,6746.79,No
1871-VMXNP,Female,0,Yes,No,71,Yes,No,Fiber optic,No,No,No,No,No,Yes,Month-to-month,No,Bank transfer (automatic),87.76,6225.61,No
7232-VDNAM,Female,0,Yes,Yes,6,Yes,No,Fiber optic,No,Yes,No,No,Yes,Yes,Month-to-month,Yes,Credit card (automatic),105.88,650.21,Yes
8320-WGKPK,Male,1,Yes,Yes,18,Yes,No,Fiber optic,No,Yes,No,Yes,Yes,Yes,One year,Yes,Electronic check,108.8,1924.2,No
2602-HKNYP,Male,0,No,Yes,0,Yes,No,No,No internet service,No internet service,No internet service,No internet service,No internet service,No internet service,Two year,Yes,Mailed check,43.88, ,No
4483-RULMF,Female,0,Yes,Yes,11,No,No phone service,DSL,Yes,No,No,No,No,No,One year,No,Electronic check,49.84,536.26,No
8782-WEJGY,Female,0,Yes,No,26,Yes,Yes,DSL,No,No,No,Yes,No,Yes,Month-to-month,Yes,Mailed check,74.2,1948.17,No
1586-EHPFN,Female,0,No,No,3,No,No phone service,DSL,Yes,Yes,No,Yes,No,No,Month-to-month,No,Electronic check,62.04,161.35,No
7724-VCDCX,Female,0,Yes,No,66,Yes,No,DSL,No,No,No,No,No,No,Month-to-month,Yes,Mailed check,58.93,3891.35,Yes
6868-NUQFN,Male,1,No,No,50,Yes,Yes,DSL,No,No,Yes,No,No,Yes,One year,Yes,Mailed check,73.99,3693.84,No
7328-AQMBG,Female,1,Yes,No,6,Yes,Yes,DSL,No,No,No,Yes,Yes,Yes,Month-to-month,Yes,Credit card (automatic),78.94,471.74,No
5036-JGRKM,Female,0,No,Yes,21,Yes,Yes,DSL,Yes,Yes,Yes,No,No,Yes,One year,Yes,Electronic check,92.4,1955.27,No
8184-CJBYE,Female,0,Yes,Yes,52,Yes,Yes,Fiber optic,Yes,No,No,No,Yes,No,Two year,No,Electronic check,98.3,5126.36,No
8377-EHQVE,Female,1,Yes,Yes,19,Yes,Yes,Fiber optic,Yes,No,No,No,No,Yes,Month-to-month,No,Electronic check,109.27,2108.73,Yes
2917-XHFTC,Male,1,No,No,34,Yes,No,No,No internet service,No internet service,No internet service,No internet service,No internet service,No internet service,Two year,No,Electronic check,36.28,1256.88,No
8801-XWHCL,Female,0,No,No,8,No,No phone service,Fiber optic,No,No,No,No,No,No,One year,Yes,Bank transfer (automatic),68.78,570.55,No
4010-ZRYUT,Male,0,Yes,No,63,Yes,No,No,No internet service,No internet service,No internet service,No internet service,No internet service,No internet service,Month-to-month,No,Credit card (automatic),39.23,2473.08,No
2006-BBQEZ,Female,1,Yes,No,3,Yes,No,Fiber optic,No,No,No,No,Yes,No,One year,No,Bank transfer (automatic),95.25,274.5,No
2193-YSCBK,Female,0,Yes,No,7,Yes,Yes,Fiber optic,No,No,No,No,No,Yes,One year,No,Bank transfer (automatic),94.3,662.22,Yes
4050-HNDDS,Male,0,Yes,Yes,16,Yes,No,No,No internet service,No internet service,No internet service,No internet service,No internet service,No internet service,One year,Yes,Bank transfer (automatic),42.38,680.01,No
9911-GYJJC,Female,0,No,No,26,Yes,No,Fiber optic,No,No,Yes,No,No,Yes,Month-to-month,No,Electronic check,101.66,2661.41,No
4809-MRDEL,Female,0,No,No,28,Yes,No,DSL,Yes,No,No,Yes,Yes,No,One year,Yes,Credit card (automatic),82.44,2295.21,Yes
1626-DRYPD,Female,0,No,No,50,Yes,No,DSL,No,No,No,No,No,No,Month-to-month,Yes,Credit card (automatic),55.18,2769.49,No
9917-NTEPB,Male,0,Yes,No,48,Yes,Yes,No,No internet service,No internet service,No internet service,No internet service,No internet service,No internet service,Month-to-month,No,Electronic check,33.71,1612.25,No
6631-EXBRD,Male,1,No,No,0,Yes,No,Fiber optic,No,No,No,No,No,Yes,Month-to-month,Yes,Electronic check,91.48, ,Yes
7183-MZRJC,Female,0,No,No,7,Yes,No,Fiber optic,No,No,Yes,Yes,No,No,Two year,Yes,Bank transfer (automatic),100.05,703.29,No
6361-LBPFF,Female,1,Yes,No,23,Yes,No,Fiber optic,No,No,Yes,Yes,Yes,Yes,Month-to-month,No,Credit card (automatic),117.07,2695.56,No
1080-JFBLF,Female,1,Yes,Yes,26,Yes,No,Fiber optic,No,No,No,No,No,No,One year,No,Bank transfer (automatic),85.52,2239.75,Yes
2207-MBZMZ,Female,0,No,No,56,Yes,Yes,Fiber optic,No,No,Yes,Yes,No,No,Month-to-month,Yes,Mailed check,101.61,5658.48,No
8931-ZPLTB,Male,0,No,No,72,Yes,No,DSL,No,Yes,No,No,Yes,Yes,Two year,Yes,Mailed check,81.28,5847.23,No
8560-HAFFA,Male,1,Yes,Yes,18,Yes,No,Fiber optic,No,No,Yes,Yes,No,Yes,Month-to-month,No,Mailed check,103.12,1836.68,No
7016-CWLTJ,Female,0,No,No,49,Yes,Yes,DSL,No,Yes,No,Yes,No,Yes,Month-to-month,Yes,Credit card (automatic),82.48,4041.6,No
2187-ERTGJ,Male,0,No,No,20,Yes,No,DSL,No,No,Yes,No,Yes,No,Month-to-month,Yes,Bank transfer (automatic),79.06,1597.9,No
9504-WKFHN,Male,1,No,No,72,Yes,Yes,Fiber optic,No,Yes,No,No,No,No,Month-to-month,Yes,Credit card (automatic),101.63,7318.75,No
6100-EBMVD,Female,0,No,No,45,Yes,Yes,No,No internet service,No internet service,No internet service,No internet service,No internet service,No internet service,Month-to-month,Yes,Electronic check,37.26,1672.32,No
4674-DFQGG,Female,1,Yes,Yes,5,Yes,No,DSL,Yes,Yes,No,Yes,Yes,No,One year,Yes,Electronic check,83.1,413.18,No
9959-EEYPB,Female,0,Yes,Yes,6,Yes,No,DSL,No,No,No,No,No,No,Two year,Yes,Bank transfer (automatic),63.64,404.01,No
4824-PGPRG,Male,0,No,No,29,Yes,No,Fiber optic,Yes,No,Yes,No,Yes,No,Month-to-month,Yes,Electronic check,95.82,2761.91,Yes
8310-LZCHT,Male,0,No,No,32,Yes,Yes,DSL,No,No,No,No,Yes,No,Two year,No,Electronic check,70.82,2263.76,No
9053-FZEKH,Male,0,Yes,No,16,No,No phone service,DSL,No,No,No,No,No,No,Month-to-month,Yes,Credit card (automatic),49.17,774.69,Yes
4818-XTVGY,Male,0,No,No,5,Yes,Yes,DSL,No,Yes,No,Yes,No,No,Two year,Yes,Mailed check,75.25,375.09,No
4919-RSRQM,Male,1,No,No,68,Yes,Yes,No,No internet service,No internet service,No internet service,No internet service,No internet service,No internet service,Month-to-month,No,Mailed check,38.42,2629.5,No
6828-XKNEJ,Female,0,Yes,No,50,Yes,No,Fiber optic,No,No,No,No,No,Yes,Two year,No,Electronic check,99.95,4983.78,No
7947-RFPVC,Female,0,Yes,No,66,Yes,Yes,Fiber optic,Yes,Yes,No,No,No,Yes,Month-to-month,Yes,Electronic check,111.38,7344.35,No
1557-KRHVW,Female,0,Yes,Yes,20,Yes,No,No,No internet service,No internet service,No internet service,No internet service,No internet service,No internet service,One year,No,Credit card (automatic),44.6,871.08,No
5792-KBVXL,Male,0,Yes,Yes,41,Yes,No,DSL,No,No,No,Yes,Yes,Yes,Month-to-month,Yes,Electronic check,89.06,3645.98,No
5647-USDSY,Female,0,No,Yes,46,Yes,Yes,Fiber optic,No,No,Yes,No,Yes,No,One year,No,Mailed check,104.97,4808.11,No
7755-MNGRF,Male,0,Yes,Yes,22,Yes,No,Fiber optic,No,No,No,Yes,Yes,No,Two year,No,Bank transfer (automatic),96.12,2113.18,No
4076-GJJBT,Male,0,No,No,47,No,No phone service,No,No internet service,No internet service,No internet service,No internet service,No internet service,No internet service,One year,Yes,Mailed check,19.51,929.04,No
4968-YESEP,Male,1,Yes,No,39,Yes,No,No,No internet service,No internet service,No internet service,No internet service,No internet service,No internet service,Month-to-month,No,Credit card (automatic),36.8,1434.74,No
5417-LRVHW,Male,0,No,No,62,No,No phone service,Fiber optic,No,Yes,No,No,No,No,Month-to-month,Yes,Electronic check,75.95,4698.62,No
2663-HHYCK,Female,0,Yes,Yes,63,Yes,No,Fiber optic,No,No,Yes,No,Yes,No,Month-to-month,Yes,Mailed check,105.84,6666.41,No
4819-VMZTS,Female,0,No,No,67,Yes,No,Fiber optic,No,No,No,Yes,Yes,No,Month-to-month,Yes,Bank transfer (automatic),97.56,6518.34,Yes
7775-DLQFC,Female,0,Yes,Yes,41,Yes,No,DSL,No,No,Yes,No,Yes,Yes,Month-to-month,Yes,Electronic check,87.04,3554.01,Yes
2221-URGTS,Male,1,No,No,4,Yes,No,Fiber optic,No,No,No,No,No,Yes,One year,No,Credit card (automatic),88.3,350.51,No
8347-XXEUK,Male,0,Yes,Yes,55,Yes,No,DSL,No,Yes,Yes,No,No,Yes,Two year,No,Mailed check,84.57,4683.28,No
4627-RQLZE,Male,0,No,Yes,30,Yes,No,DSL,Yes,Yes,No,No,Yes,Yes,Month-to-month,Yes,Bank transfer (automatic),90.86,2723.41,No
1872-AVKLR,Female,0,Yes,No,50,Yes,Yes,DSL,No,No,No,No,No,Yes,Two year,Yes,Electronic check,76.02,3811.77,No
4918-PBDYL,Female,0,Yes,No,48,Yes,No,DSL,No,Yes,No,No,No,No,Two year,No,Mailed check,75.75,3633.34,No
2506-JJGHT,Female,0,No,No,7,Yes,No,DSL,No,Yes,No,Yes,Yes,No,One year,Yes,Electronic check,88.76,640.54,No
1960-HMNXY,Male,0,Yes,Yes,13,Yes,Yes,Fiber optic,Yes,No,No,Yes,Yes,Yes,One year,No,Electronic check,114.81,1494.44,No
3676-NAQDB,Male,1,No,No,55,Yes,Yes,No,No internet service,No internet service,No internet service,No internet service,No internet service,No internet service,Two year,Yes,Credit card (automatic),39.54,2176.44,No
7044-EMCTU,Female,0,No,No,40,Yes,Yes,No,No internet service,No internet service,No internet service,No internet service,No internet service,No internet service,Month-to-month,Yes,Bank transfer (automatic),36.09,1461.49,No
6172-WLEDF,Female,0,Yes,No,15,Yes,Yes,DSL,Yes,Yes,No,Yes,No,Yes,Two year,Yes,Bank transfer (automatic),90.55,1334.64,No
2802-HFQDQ,Male,0,No,No,62,Yes,No,DSL,No,Yes,No,No,No,No,Month-to-month,No,Credit card (automatic),76.42,4753.74,No
4006-SNXLH,Female,0,Yes,Yes,63,Yes,No,DSL,No,Yes,No,No,No,No,Month-to-month,No,Electronic check,68.73,4340.34,No
6301-RLPMH,Female,0,No,No,16,Yes,No,No,No internet service,No internet service,No internet service,No internet service,No internet service,No internet service,One year,No,Electronic check,33.97,547.04,No
3821-XSCZT,Male,0,Yes,Yes,22,Yes,Yes,No,No internet service,No internet service,No internet service,No internet service,No internet service,No internet service,Month-to-month,Yes,Bank transfer (automatic),45.1,998.21,No
1451-TQXMN,Female,0,No,No,14,Yes,No,No,No internet service,No internet service,No internet service,No internet service,No internet service,No internet service,Month-to-month,Yes,Electronic check,43.1,606.39,No
3832-HQVXU,Male,0,No,Yes,41,Yes,No,No,No internet service,No internet service,No internet service,No internet service,No internet service,No internet service,Month-to-month,No,Bank transfer (automatic),45.21,1833.98,No
6487-NJUHG,Female,0,Yes,No,56,Yes,Yes,No,No internet service,No internet service,No internet service,No internet service,No internet service,No internet service,Month-to-month,Yes,Mailed check,34.9,1918.52,No
8809-QJWZH,Female,0,No,No,20,Yes,No,Fiber optic,No,Yes,No,Yes,Yes,No,Month-to-month,Yes,Electronic check,106.93,2143.48,Yes
5692-MSYPV,Female,0,Yes,No,1,Yes,No,Fiber optic,Yes,Yes,No,No,No,No,Month-to-month,Yes,Bank transfer (automatic),105.63,128.64,Yes
6359-XKKLZ,Male,0,No,No,0,Yes,No,No,No internet service,No internet service,No internet service,No internet service,No internet service,No internet service,Month-to-month,No,Mailed check,46.24, ,No
6502-DANVM,Male,0,Yes,Yes,19,Yes,No,No,No internet service,No internet service,No internet service,No internet service,No internet service,No internet service,One year,Yes,Electronic check,32.8,597.89,No
6041-VNXRT,Male,0,Yes,No,56,Yes,Yes,Fiber optic,No,Yes,Yes,Yes,No,Yes,Month-to-month,Yes,Credit card (automatic),113.49,6338.15,No
8032-RBLDN,Female,0,Yes,Yes,26,Yes,Yes,Fiber optic,No,Yes,No,No,Yes,No,Two year,No,Electronic check,95.48,2481.15,No
2288-NJACN,Female,0,No,No,52,Yes,No,DSL,No,Yes,No,Yes,No,No,Two year,No,Electronic check,76.34,3995.74,No
1709-WUTEV,Male,0,No,No,66,Yes,No,DSL,Yes,No,Yes,Yes,No,Yes,One year,Yes,Bank transfer (automatic),85.91,5669.19,No
6711-KANVA,Male,0,No,No,67,Yes,No,Fiber optic,Yes,No,No,Yes,No,Yes,Month-to-month,Yes,Mailed check,116.43,7804.57,No
1473-KNMLG,Female,0,No,No,22,Yes,Yes,No,No internet service,No internet service,No internet service,No internet service,No internet service,No internet service,One year,Yes,Mailed check,37.88,823.15,No
1538-ACSUL,Male,0,No,No,41,Yes,No,Fiber optic,Yes,Yes,Yes,No,Yes,No,Month-to-month,Yes,Mailed check,117.93,4825.68,Yes
1696-KZFMN,Male,0,No,Yes,53,No,No phone service,No,No internet service,No internet service,No internet service,No internet service,No internet service,No internet service,Two year,Yes,Bank transfer (automatic),22.29,1165.39,No
3969-LMMTP,Male,0,No,No,13,Yes,No,Fiber optic,No,Yes,Yes,Yes,No,No,Month-to-month,Yes,Electronic check,111.96,1476.58,Yes
1480-AKXAB,Female,0,Yes,No,50,No,No phone service,DSL,Yes,No,Yes,Yes,No,No,Month-to-month,Yes,Credit card (automatic),60.33,3018.52,No
7112-LFERN,Male,0,No,No,12,No,No phone service,Fiber optic,No,No,Yes,No,Yes,Yes,Month-to-month,No,Mailed check,84.43,1020.64,No
6743-GNWHK,Male,0,Yes,No,41,Yes,No,Fiber optic,No,No,Yes,No,No,No,Two year,No,Electronic check,92.76,3779.28,No
2473-RAFTA,Male,1,No,No,28,Yes,No,Fiber optic,Yes,No,Yes,No,Yes,No,Month-to-month,No,Electronic check,114.54,3196.32,Yes
9900-KKNRM,Male,0,Yes,No,27,Yes,No,No,No internet service,No internet service,No internet service,No internet service,No internet service,No internet service,Month-to-month,No,Credit card (automatic),44.41,1187.33,No
8957-ZESHZ,Female,0,Yes,No,24,Yes,No,DSL,No,No,No,No,Yes,No,Month-to-month,No,Electronic check,70.03,1687.52,Yes
3279-HTUDP,Male,0,No,No,35,Yes,No,Fiber optic,No,No,No,No,Yes,No,Two year,No,Bank transfer (automatic),93.65,3264.96,No
4110-QPZYR,Female,1,Yes,Yes,29,Yes,Yes,No,No internet service,No internet service,No internet service,No internet service,No internet service,No internet service,Month-to-month,Yes,Electronic check,45.46,1297.11,No
7114-XETUD,Male,0,No,No,19,Yes,No,DSL,Yes,No,No,Yes,No,Yes,Two year,Yes,Credit card (automatic),82.79,1587.99,No
8930-SJMMY,Female,0,No,No,16,Yes,Yes,No,No internet service,No internet service,No internet service,No internet service,No internet service,No internet service,Two year,Yes,Credit card (automatic),38.69,609.11,No
9722-VRCXD,Male,0,No,No,35,Yes,Yes,No,No internet service,No internet service,No internet service,No internet service,No internet service,No internet service,One year,No,Electronic check,33.01,1171.47,No
2501-BYMFB,Male,0,No,No,72,Yes,No,Fiber optic,Yes,No,Yes,Yes,Yes,No,Month-to-month,Yes,Electronic check,114.22,8214.37,No
4707-TZPQW,Male,0,Yes,No,47,Yes,No,Fiber optic,No,Yes,No,No,No,No,Two year,Yes,Electronic check,86.87,4087.44,No
9115-GZNYC,Female,0,Yes,Yes,6,Yes,Yes,Fiber optic,No,Yes,No,Yes,No,No,Month-to-month,Yes,Credit card (automatic),103.45,622.26,Yes
1876-XSEXC,Female,0,No,No,5,No,No phone service,Fiber optic,No,No,No,Yes,No,Yes,Month-to-month,Yes,Bank transfer (automatic),76.78,380.88,Yes
7140-EBVWC,Male,0,Yes,No,53,Yes,No,No,No internet service,No internet service,No internet service,No internet service,No internet service,No internet service,One year,Yes,Credit card (automatic),34.11,1782.54,No
1838-QATXU,Male,0,Yes,Yes,39,Yes,No,Fiber optic,Yes,No,No,No,No,No,One year,No,Mailed check,97.19,3782.93,No
3075-ESBNL,Male,0,Yes,No,41,Yes,No,No,No internet service,No internet service,No internet service,No internet service,No internet service,No internet service,Two year,Yes,Credit card (automatic),47.47,1951.87,No
7700-EUSFJ,Male,0,No,No,27,Yes,Yes,No,No internet service,No internet service,No internet service,No internet service,No internet service,No internet service,Two year,Yes,Credit card (automatic),43.91,1172.36,No
1594-LGCPP,Male,0,No,No,40,Yes,No,DSL,No,No,No,No,No,No,Month-to-month,No,Electronic check,64.16,2563.63,No
1773-EBSJB,Female,0,Yes,No,42,No,No phone service,No,No internet service,No internet service,No internet service,No internet service,No internet service,No internet service,Month-to-month,No,Electronic check,18.25,773.5,No
2723-ZGSME,Female,0,Yes,No,44,Yes,No,Fiber optic,Yes,Yes,No,Yes,Yes,No,Two year,No,Electronic check,118.75,5228.46,No
3766-ATJMD,Female,1,No,No,68,Yes,No,No,No internet service,No internet service,No internet service,No internet service,No internet service,No internet service,Month-to-month,No,Mailed check,42.61,2905.02,No
8417-FPWTQ,Male,0,Yes,Yes,65,Yes,No,Fiber optic,No,Yes,Yes,No,No,No,One year,Yes,Bank transfer (automatic),91.46,5945.01,No
8991-EZPKG,Male,0,Yes,No,60,Yes,Yes,No,No internet service,No internet service,No internet service,No internet service,No internet service,No internet service,Month-to-month,Yes,Credit card (automatic),37.44,2214.09,No
7703-ZSAMT,Female,0,Yes,No,49,Yes,No,No,No internet service,No internet service,No internet service,No internet service,No internet service,No internet service,Month-to-month,No,Bank transfer (automatic),39.04,1905.36,No
4576-USBPE,Male,0,No,No,50,Yes,Yes,No,No internet service,No internet service,No internet service,No internet service,No internet service,No internet service,Month-to-month,Yes,Electronic check,40.91,2021.38,No
5378-KVWMN,Male,0,Yes,Yes,19,Yes,Yes,No,No internet service,No internet service,No internet service,No internet service,No internet service,No internet service,One year,Yes,Credit card (automatic),47.98,910.29,No
6634-RRUZV,Male,0,Yes,Yes,63,Yes,Yes,DSL,Yes,No,Yes,No,Yes,No,Two year,No,Credit card (automatic),81.34,5133.21,No
2212-MMNNT,Female,0,No,No,19,Yes,No,DSL,Yes,No,Yes,No,No,No,Two year,Yes,Electronic check,73.24,1408.26,No
4788-GLWHA,Female,0,Yes,Yes,9,Yes,No,Fiber optic,No,No,No,No,Yes,Yes,Month-to-month,Yes,Credit card (automatic),97.14,886.11,Yes
9785-EQVGJ,Female,0,No,No,60,Yes,No,Fiber optic,No,Yes,No,Yes,No,No,Month-to-month,No,Electronic check,96.44,5795.58,No
3524-DDELN,Female,0,No,No,30,Yes,Yes,Fiber optic,Yes,Yes,Yes,Yes,Yes,No,Month-to-month,Yes,Mailed check,118.75,3558.66,Yes
1143-WSBWA,Male,0,No,No,34,Yes,No,Fiber optic,No,Yes,Yes,No,Yes,Yes,Month-to-month,Yes,Bank transfer (automatic),118.75,4039.03,Yes
6044-MNYYG,Female,1,Yes,Yes,46,Yes,No,DSL,Yes,No,Yes,No,No,Yes,Month-to-month,No,Electronic check,81.22,3750.08,No
6216-ZTXLG,Female,0,Yes,Yes,51,Yes,Yes,Fiber optic,No,No,Yes,No,No,No,Two year,Yes,Bank transfer (automatic),96.35,4935.95,No
5595-VYSSN,Female,0,No,No,5,Yes,No,Fiber optic,No,No,Yes,No,No,No,Month-to-month,No,Mailed check,97.37,491.91,No
3876-LMVPV,Female,0,Yes,No,27,Yes,Yes,Fiber optic,Yes,No,No,Yes,No,No,Month-to-month,Yes,Mailed check,100.2,2708.55,No
1246-UNZMM,Female,0,No,No,57,Yes,No,DSL,Yes,No,Yes,Yes,Yes,Yes,One year,Yes,Bank transfer (automatic),94.47,5396.2,No
2147-VSWCF,Male,0,Yes,No,53,Yes,Yes,Fiber optic,No,No,Yes,No,Yes,No,Month-to-month,No,Electronic check,89.47,4755.51,No
8891-BNKYW,Female,0,No,Yes,45,Yes,No,Fiber optic,No,No,Yes,No,Yes,No,Month-to-month,Yes,Electronic check,104.15,4710.39,No
9069-GQSZA,Male,0,Yes,No,30,Yes,No,Fiber optic,No,No,No,No,Yes,No,Two year,No,Electronic check,102.04,3053.24,No
9792-JDQUD,Female,0,No,No,25,Yes,No,DSL,Yes,No,No,Yes,No,No,Month-to-month,No,Electronic check,77.38,1928.1,No
1366-XYDXX,Male,0,Yes,No,36,Yes,No,Fiber optic,No,No,Yes,No,Yes,Yes,One year,Yes,Mailed check,100.29,3621.72,No
9975-FPZXQ,Female,0,Yes,Yes,13,Yes,Yes,DSL,Yes,No,No,No,Yes,No,Two year,Yes,Bank transfer (automatic),72.79,929.76,No
2773-CGBEB,Female,0,Yes,No,67,Yes,Yes,No,No internet service,No internet service,No internet service,No internet service,No internet service,No internet service,Month-to-month,Yes,Electronic check,40.89,2753.41,No
7859-QNVKK,Female,0,Yes,No,13,Yes,Yes,Fiber optic,No,Yes,Yes,No,No,No,Month-to-month,No,Bank transfer (automatic),102.29,1342.33,Yes
2862-LEQZN,Male,0,No,No,36,Yes,No,No,No internet service,No internet service,No internet service,No internet service,No internet service,No internet service,One year,No,Credit card (automatic),35.4,1263.36,No
3691-SVMGT,Female,1,Yes,Yes,55,Yes,No,Fiber optic,No,No,No,Yes,Yes,No,One year,Yes,Electronic check,98.96,5455.91,Yes
2685-ZHJTA,Female,0,Yes,Yes,16,Yes,Yes,Fiber optic,Yes,No,No,No,No,No,Two year,No,Electronic check,104.64,1670.13,No
2825-DKPEJ,Male,0,No,No,72,Yes,No,DSL,No,No,No,Yes,No,No,Two year,Yes,Mailed check,71.75,5171.06,No
7949-YARAN,Female,0,Yes,No,38,Yes,Yes,Fiber optic,No,Yes,No,No,No,Yes,Month-to-month,No,Bank transfer (automatic),102.63,3920.78,Yes
8914-VFGUV,Male,0,No,No,11,Yes,No,No,No internet service,No internet service,No internet service,No internet service,No internet service,No internet service,Month-to-month,Yes,Electronic check,34.44,375.23,No
3527-ALQLY,Female,0,Yes,No,0,Yes,No,No,No internet service,No internet service,No internet service,No internet service,No internet service,No internet service,Month-to-month,Yes,Mailed check,33.14, ,No
8321-UAWUK,Male,0,No,No,22,Yes,No,No,No internet service,No internet service,No internet service,No internet service,No internet service,No internet service,Month-to-month,Yes,Credit card (automatic),36.95,827.24,No
6305-VXPAQ,Male,1,No,No,20,Yes,No,Fiber optic,Yes,Yes,No,Yes,No,Yes,Month-to-month,Yes,Mailed check,118.75,2393.96,Yes
7119-BVEXP,Male,1,Yes,No,3,Yes,No,DSL,Yes,Yes,Yes,Yes,No,Yes,Month-to-month,Yes,Electronic check,91.84,269.13,No
3898-BATKW,Female,0,Yes,No,44,Yes,Yes,Fiber optic,Yes,Yes,No,No,Yes,No,One year,Yes,Bank transfer (automatic),104.37,4572.26,No
3074-YYCRY,Female,0,No,No,37,Yes,No,DSL,No,No,No,No,Yes,No,One year,No,Mailed check,71.99,2692.63,No
3907-BXMAW,Female,0,No,Yes,5,Yes,No,Fiber optic,No,No,No,No,No,Yes,Month-to-month,No,Credit card (automatic),85.91,450.65,No
7109-BGAYA,Female,1,Yes,No,60,No,No phone service,Fiber optic,No,Yes,No,Yes,No,Yes,Two year,Yes,Credit card (automatic),91.95,5495.41,No
8161-NPVXD,Male,0,No,No,33,Yes,No,DSL,No,No,No,Yes,Yes,No,Two year,Yes,Electronic check,75.97,2507.23,No
1160-CSPCF,Male,0,No,No,42,Yes,Yes,DSL,No,No,Yes,Yes,No,No,One year,No,Credit card (automatic),85.41,3612.6,No
5834-TJYZU,Female,0,No,No,43,Yes,No,DSL,No,Yes,No,No,No,No,Month-to-month,Yes,Bank transfer (automatic),73.7,3186.82,No
5087-XTNLV,Male,0,No,Yes,61,Yes,No,Fiber optic,No,Yes,Yes,No,No,No,Month-to-month,Yes,Electronic check,109.38,6699.8,No
6013-EZBSR,Male,1,No,No,16,Yes,Yes,Fiber optic,No,No,Yes,No,No,Yes,Month-to-month,Yes,Credit card (automatic),102.46,1633.8,Yes
6274-BMXFS,Male,0,No,No,3,Yes,No,No,No internet service,No internet service,No internet service,No internet service,No internet service,No internet service,Month-to-month,No,Electronic check,37.64,114.32,No
8727-YNHSM,Male,0,Yes,No,15,Yes,No,DSL,No,No,No,No,No,No,Two year,Yes,Electronic check,72.73,1057.23,No
6643-TTFUP,Female,0,Yes,No,49,Yes,No,DSL,No,No,No,Yes,Yes,Yes,Month-to-month,Yes,Bank transfer (automatic),82.12,4034.58,No
9375-RXZZT,Male,1,Yes,No,48,Yes,Yes,Fiber optic,No,No,Yes,Yes,Yes,Yes,Month-to-month,No,Mailed check,110.54,5312.88,No
6375-CKMUQ,Female,0,Yes,Yes,22,Yes,Yes,No,No internet service,No internet service,No internet service,No internet service,No internet service,No internet service,Month-to-month,No,Credit card (automatic),45.09,1013.02,No
4951-DTLAG,Female,0,Yes,No,71,Yes,No,DSL,Yes,No,Yes,Yes,No,No,One year,No,Mailed check,82.94,5902.45,No
8914-CKNCD,Male,0,No,No,50,Yes,No,Fiber optic,Yes,No,No,No,Yes,No,Two year,Yes,Bank transfer (automatic),104.86,5256.96,No
9461-QFELT,Male,0,Yes,Yes,22,Yes,Yes,Fiber optic,No,No,No,No,No,No,Month-to-month,No,Bank transfer (automatic),95.48,2100.48,Yes
7572-ETXFA,Male,0,No,No,71,Yes,No,DSL,No,No,Yes,No,Yes,Yes,Two year,No,Credit card (automatic),79.54,5640.47,No
9629-NUHHF,Male,0,Yes,No,15,Yes,Yes,Fiber optic,No,Yes,No,No,Yes,Yes,Month-to-month,No,Electronic check,104.3,1565.52,Yes
2952-MCWNX,Female,1,Yes,Yes,2,Yes,No,DSL,No,Yes,No,No,No,No,Month-to-month,No,Electronic check,66.73,131.96,No
5519-HNDVT,Female,0,Yes,No,71,Yes,No,Fiber optic,No,No,No,No,Yes,No,Month-to-month,Yes,Credit card (automatic),97.77,6952.33,No
2324-PNECU,Female,0,Yes,Yes,31,Yes,No,Fiber optic,No,No,No,Yes,No,No,Month-to-month,Yes,Electronic check,93.59,2889.49,No
3376-NFRBJ,Male,0,Yes,Yes,60,Yes,No,DSL,No,Yes,No,No,No,No,Month-to-month,No,Bank transfer (automatic),71.39,4291.39,No
5922-LQELU,Female,0,Yes,Yes,62,Yes,No,DSL,No,Yes,No,No,Yes,Yes,Month-to-month,No,Electronic check,82.85,5158.85,No
4002-DWUSV,Female,0,No,No,68,Yes,No,No,No internet service,No internet service,No internet service,No internet service,No internet service,No internet service,One year,No,Bank transfer (automatic),35.15,2383.15,No
8008-TNAQG,Male,0,Yes,No,55,Yes,No,Fiber optic,Yes,Yes,No,No,No,No,One year,No,Electronic check,105.9,5824.02,No
7958-MXQPY,Female,0,Yes,Yes,3,Yes,No,DSL,No,No,No,No,Yes,Yes,One year,Yes,Credit card (automatic),81.74,235.77,Yes
5275-KJXUD,Male,1,Yes,No,39,Yes,Yes,Fiber optic,No,No,No,No,No,No,Month-to-month,Yes,Bank transfer (automatic),86.5,3362.74,Yes
5431-JRBTT,Female,0,Yes,Yes,68,Yes,Yes,DSL,No,No,Yes,Yes,No,No,One year,Yes,Bank transfer (automatic),74.2,5038.38,No
3039-DRGYU,Female,1,Yes,Yes,55,Yes,No,Fiber optic,No,No,No,No,Yes,No,Two year,No,Electronic check,93.44,5128.37,No
9594-NYAGA,Female,0,Yes,Yes,61,Yes,No,No,No internet service,No internet service,No internet service,No internet service,No internet service,No internet service,Two year,No,Electronic check,39.99,2442.64,No
7097-NGHRE,Male,0,No,No,57,Yes,Yes,Fiber optic,No,No,Yes,No,Yes,Yes,Month-to-month,No,Electronic check,111.9,6366.68,Yes
5630-QFFJQ,Male,0,No,No,21,Yes,Yes,DSL,No,Yes,No,No,Yes,Yes,Month-to-month,No,Electronic check,80.89,1682.92,No
3289-KPEPD,Female,0,No,No,56,Yes,No,No,No internet service,No internet service,No internet service,No internet service,No internet service,No internet service,One year,Yes,Mailed check,39.45,2224.3,No
2282-FGAZH,Male,0,No,No,45,Yes,No,Fiber optic,Yes,No,No,Yes,No,No,Month-to-month,Yes,Mailed check,99.95,4500.09,Yes
8240-XVVCJ,Female,0,Yes,No,42,Yes,Yes,No,No internet service,No internet service,No internet service,No internet service,No internet service,No internet service,Two year,Yes,Credit card (automatic),47.59,1986.59,No
7714-PAPVV,Female,0,Yes,Yes,12,No,No phone service,No,No internet service,No internet service,No internet service,No internet service,No internet service,No internet service,Month-to-month,No,Bank transfer (automatic),27.05,327.58,No
4454-FHHJH,Male,0,No,No,7,Yes,No,No,No internet service,No internet service,No internet service,No internet service,No internet service,No internet service,Month-to-month,Yes,Mailed check,40.42,307.12,No
5114-AGHDX,Male,1,Yes,Yes,30,No,No phone service,No,No internet service,No internet service,No internet service,No internet service,No internet service,No internet service,Two year,Yes,Credit card (automatic),20.39,640.86,No
7078-XPCXL,Male,0,Yes,No,18,Yes,No,DSL,No,No,No,No,No,Yes,Month-to-month,No,Mailed check,75.75,1382.6,Yes
7159-KMMGP,Male,0,No,No,43,Yes,Yes,No,No internet service,No internet service,No internet service,No internet service,No internet service,No internet service,Month-to-month,Yes,Mailed check,43.39,1886.08,No
7602-ADWPZ,Female,0,No,No,23,Yes,No,DSL,No,No,No,No,No,Yes,Two year,No,Electronic check,72.58,1688.05,No
6441-RXRHN,Male,0,Yes,Yes,8,Yes,No,No,No internet service,No internet service,No internet service,No internet service,No internet service,No internet service,Month-to-month,Yes,Bank transfer (automatic),37.67,296.29,Yes
3120-JSDSQ,Female,0,Yes,No,2,Yes,Yes,No,No internet service,No internet service,No internet service,No internet service,No internet service,No internet service,Month-to-month,No,Electronic check,38.18,103.16,No
3775-BSVTL,Female,0,Yes,Yes,70,Yes,Yes,Fiber optic,No,No,No,Yes,No,No,Month-to-month,No,Electronic check,89.1,6241.17,No
6881-KJHFZ,Male,0,Yes,No,7,Yes,Yes,DSL,No,No,No,No,No,No,Month-to-month,No,Mailed check,67.88,463.78,Yes
6995-EWDQD,Male,0,Yes,No,67,Yes,Yes,DSL,No,Yes,No,Yes,Yes,Yes,Month-to-month,No,Credit card (automatic),104.71,7004.63,No
4250-RZZXF,Female,0,No,No,40,Yes,No,DSL,Yes,No,No,No,Yes,No,Month-to-month,Yes,Credit card (automatic),76.78,3067.61,No
1841-XYGAR,Male,0,Yes,No,63,Yes,Yes,DSL,No,No,No,No,No,Yes,Month-to-month,No,Mailed check,73.02,4608.93,No
1684-AYMCR,Male,0,Yes,No,66,Yes,Yes,No,No internet service,No internet service,No internet service,No internet service,No internet service,No internet service,Two year,Yes,Credit card (automatic),42.91,2836.33,No
4322-NXFRV,Male,0,Yes,No,9,Yes,No,Fiber optic,No,No,Yes,No,Yes,No,One year,Yes,Mailed check,102.92,914.3,No
4813-ZLMXR,Female,0,No,No,39,No,No phone service,No,No internet service,No internet service,No internet service,No internet service,No internet service,No internet service,One year,No,Bank transfer (automatic),19.74,740.52,No
8817-UTFKW,Female,0,Yes,No,48,No,No phone service,Fiber optic,No,Yes,No,Yes,Yes,No,One year,No,Credit card (automatic),84.77,4099.3,No
6543-GHUEC,Female,0,Yes,No,46,Yes,Yes,DSL,No,Yes,Yes,Yes,Yes,Yes,Two year,No,Mailed check,98.37,4533.44,No
7885-GUNZN,Female,0,No,Yes,65,Yes,No,DSL,No,Yes,No,No,No,No,Month-to-month,No,Mailed check,71.55,4671.42,No
8806-WFZTC,Male,0,Yes,No,12,Yes,Yes,Fiber optic,No,Yes,Yes,No,No,No,Two year,No,Electronic check,113.12,1354.65,No
1054-GAJZM,Female,1,Yes,No,10,Yes,No,Fiber optic,No,No,Yes,No,Yes,Yes,One year,No,Credit card (automatic),110.01,1095.51,Yes
1215-MFWCU,Female,0,Yes,No,60,Yes,No,Fiber optic,No,No,No,No,Yes,Yes,One year,No,Electronic check,102.41,6155.45,No
5013-ASLUQ,Female,0,No,No,47,Yes,No,DSL,No,Yes,Yes,Yes,No,No,Month-to-month,Yes,Mailed check,83.29,3912.6,No
8084-MADMK,Female,0,No,Yes,67,Yes,No,Fiber optic,No,No,Yes,No,No,Yes,One year,Yes,Credit card (automatic),98.29,6582.65,No
8148-KWEKU,Male,0,No,No,14,Yes,Yes,No,No internet service,No internet service,No internet service,No internet service,No internet service,No internet service,Month-to-month,Yes,Mailed check,42.08,596.71,No
2116-HUQUN,Female,0,No,No,4,Yes,Yes,Fiber optic,No,Yes,Yes,No,No,Yes,Two year,Yes,Bank transfer (automatic),101.93,378.76,Yes
8731-XZCQC,Female,0,No,No,50,Yes,Yes,Fiber optic,No,No,Yes,Yes,Yes,Yes,Two year,No,Credit card (automatic),111.0,5566.52,No
3059-HRLWH,Male,0,Yes,Yes,55,Yes,No,Fiber optic,No,No,No,No,Yes,No,Month-to-month,No,Credit card (automatic),95.46,5236.22,No
6554-UZFTC,Male,1,Yes,Yes,47,Yes,Yes,DSL,No,Yes,Yes,No,Yes,Yes,Month-to-month,Yes,Electronic check,89.46,4196.11,No
5890-KZUYW,Female,0,Yes,Yes,3,Yes,Yes,Fiber optic,No,No,No,No,No,Yes,Two year,No,Electronic check,95.01,272.64,No
4695-TAPBT,Female,0,Yes,No,63,Yes,Yes,DSL,Yes,Yes,Yes,Yes,Yes,Yes,Month-to-month,Yes,Credit card (automatic),105.45,6631.72,No
9699-SWFZP,Female,0,No,Yes,18,Yes,No,DSL,Yes,No,No,No,Yes,No,One year,No,Electronic check,72.29,1296.71,No
7069-URHQR,Female,0,Yes,No,35,Yes,Yes,No,No internet service,No internet service,No internet service,No internet service,No internet service,No internet service,Month-to-month,No,Bank transfer (automatic),42.26,1489.35,No
8715-MNNCC,Male,0,Yes,Yes,1,Yes,No,Fiber optic,Yes,No,No,No,Yes,No,Month-to-month,Yes,Mailed check,97.49,110.16,Yes
1183-RLWSD,Female,1,Yes,Yes,55,Yes,Yes,DSL,No,No,No,Yes,No,No,Two year,Yes,Credit card (automatic),72.94,4015.74,No
1900-JYBEA,Male,0,Yes,Yes,59,Yes,No,DSL,No,No,No,No,No,No,One year,Yes,Electronic check,70.9,4187.27,No
4722-ZSMDJ,Female,1,No,No,14,Yes,No,No,No internet service,No internet service,No internet service,No internet service,No internet service,No internet service,Month-to-month,Yes,Credit card (automatic),42.53,583.72,No
5720-GSZEG,Female,1,No,No,5,Yes,Yes,No,No internet service,No internet service,No internet service,No internet service,No internet service,No internet service,One year,No,Mailed check,47.66,234.26,No
2135-TMGFB,Female,0,Yes,No,46,Yes,Yes,Fiber optic,No,No,No,No,Yes,No,Month-to-month,Yes,Electronic check,95.71,4415.95,Yes
5284-SFAMS,Female,1,No,No,40,Yes,Yes,Fiber optic,Yes,No,No,No,No,No,Month-to-month,Yes,Mailed check,95.41,3814.93,No
4104-GDTWU,Female,0,No,No,64,Yes,Yes,DSL,No,No,Yes,Yes,No,No,One year,No,Mailed check,79.51,5111.77,No
5663-TKAJS,Male,0,Yes,No,21,Yes,No,Fiber optic,No,No,No,No,No,No,Two year,Yes,Electronic check,98.52,2048.16,No
6825-ZZFAG,Female,0,No,No,52,Yes,No,Fiber optic,No,Yes,No,Yes,Yes,No,One year,Yes,Electronic check,104.91,5489.25,No
8884-VCDPR,Female,1,No,No,61,No,No phone service,DSL,No,Yes,No,Yes,No,Yes,Month-to-month,Yes,Credit card (automatic),61.96,3783.54,No
9840-UFARP,Male,0,Yes,No,64,Yes,No,DSL,Yes,No,No,No,No,Yes,Month-to-month,No,Bank transfer (automatic),85.69,5475.27,No
9294-PNHCX,Male,0,No,No,6,Yes,No,Fiber optic,No,No,No,No,Yes,No,Month-to-month,No,Bank transfer (automatic),90.45,536.2,Yes
8433-DSJLW,Female,0,No,No,45,Yes,No,DSL,No,Yes,No,No,Yes,Yes,Month-to-month,Yes,Mailed check,85.6,3837.37,No
8577-EHVYB,Female,0,No,No,25,Yes,Yes,DSL,No,Yes,No,No,Yes,No,Two year,No,Mailed check,72.58,1804.54,No
8501-MQBSS,Male,0,No,No,40,No,No phone service,No,No internet service,No internet service,No internet service,No internet service,No internet service,No internet service,Month-to-month,Yes,Electronic check,19.98,803.14,No
6963-UYWTZ,Male,0,No,No,48,No,No phone service,Fiber optic,Yes,No,Yes,No,No,Yes,Two year,Yes,Electronic check,92.72,4461.82,No
7070-SPUBN,Female,0,Yes,Yes,66,Yes,No,DSL,Yes,No,No,No,No,Yes,Month-to-month,Yes,Credit card (automatic),76.11,5026.84,No
4827-XBREX,Male,0,No,No,34,Yes,Yes,DSL,Yes,No,Yes,No,Yes,No,Month-to-month,Yes,Electronic check,75.92,2599.69,Yes
8665-FWMZT,Female,0,No,No,23,Yes,No,DSL,No,Yes,No,No,Yes,No,Month-to-month,No,Mailed check,86.03,1958.43,Yes
1310-EKFDZ,Female,0,Yes,No,13,Yes,Yes,No,No internet service,No internet service,No internet service,No internet service,No internet service,No internet service,Two year,Yes,Credit card (automatic),46.79,615.68,No
8820-LFEXH,Male,0,No,No,54,Yes,Yes,No,No internet service,No internet service,No internet service,No internet service,No internet service,No internet service,Month-to-month,Yes,Bank transfer (automatic),36.17,1962.23,No
1113-KLQJY,Female,0,No,No,24,Yes,Yes,Fiber optic,No,No,No,No,No,Yes,Month-to-month,Yes,Electronic check,102.35,2471.17,No
6791-ZJRJS,Male,0,No,No,50,Yes,Yes,DSL,No,No,Yes,No,Yes,Yes,Month-to-month,Yes,Mailed check,90.94,4522.94,Yes
7710-HYWXF,Male,0,Yes,No,19,Yes,No,Fiber optic,No,No,No,No,Yes,Yes,Month-to-month,No,Mailed check,108.26,2052.88,No
7459-CCZDW,Female,0,Yes,No,59,Yes,No,No,No internet service,No internet service,No internet service,No internet service,No internet service,No internet service,Month-to-month,Yes,Mailed check,31.81,1869.28,No
4876-HBSTM,Female,0,No,No,48,Yes,Yes,Fiber optic,No,No,No,No,No,Yes,Two year,Yes,Credit card (automatic),97.86,4699.0,No
8288-HPGPD,Female,1,No,No,36,No,No phone service,DSL,No,Yes,Yes,Yes,Yes,Yes,Two year,Yes,Mailed check,77.13,2768.9,No
5285-PPLRN,Female,0,Yes,No,72,Yes,No,Fiber optic,Yes,No,No,No,Yes,Yes,One year,Yes,Bank transfer (automatic),111.78,8044.39,No
3548-FRYUR,Female,1,Yes,No,36,Yes,No,DSL,No,Yes,No,No,No,No,Two year,No,Mailed check,67.6,2428.91,No
9292-XNCRQ,Female,0,No,No,39,Yes,No,No,No internet service,No internet service,No internet service,No internet service,No internet service,No internet service,Month-to-month,No,Bank transfer (automatic),39.78,1535.78,No
3495-WWHME,Male,0,Yes,No,2,Yes,No,No,No internet service,No internet service,No internet service,No internet service,No internet service,No internet service,Two year,No,Mailed check,43.66,84.35,No
2604-GJGDL,Male,0,No,No,47,Yes,No,Fiber optic,No,No,No,Yes,No,No,Month-to-month,Yes,Bank transfer (automatic),96.13,4514.21,No
6611-HNGSR,Female,0,No,No,67,Yes,Yes,DSL,No,No,No,Yes,Yes,Yes,Month-to-month,No,Bank transfer (automatic),85.31,5715.06,No
9639-BWJBS,Male,1,Yes,Yes,42,Yes,Yes,No,No internet service,No internet service,No internet service,No internet service,No internet service,No internet service,Month-to-month,Yes,Mailed check,44.92,1870.83,No
2545-EZFPE,Female,0,No,No,28,Yes,No,No,No internet service,No internet service,No internet service,No internet service,No internet service,No internet service,Two year,Yes,Mailed check,35.62,1010.87,No
2115-AAMLA,Female,0,No,No,47,Yes,No,Fiber optic,No,No,No,No,No,No,Month-to-month,No,Credit card (automatic),89.3,4204.95,Yes
4145-GPZSY,Male,0,Yes,No,40,Yes,No,DSL,Yes,No,Yes,Yes,Yes,Yes,Month-to-month,Yes,Bank transfer (automatic),98.34,3956.16,No
2729-FUHWM,Female,1,Yes,No,15,Yes,No,Fiber optic,No,Yes,Yes,No,Yes,No,Month-to-month,No,Bank transfer (automatic),97.62,1442.81,Yes
2807-WPVLD,Male,0,No,No,14,Yes,Yes,DSL,No,Yes,No,No,No,No,Month-to-month,No,Credit card (automatic),76.61,1075.66,No
7128-CRLUW,Male,0,No,No,65,Yes,No,Fiber optic,No,No,Yes,Yes,No,No,Month-to-month,Yes,Electronic check,100.5,6570.79,Yes
4665-XCCZP,Male,0,No,No,44,Yes,No,DSL,No,Yes,Yes,No,No,No,One year,No,Mailed check,77.82,3434.23,No
5055-DGSVX,Male,0,No,No,64,Yes,No,Fiber optic,No,No,Yes,Yes,No,No,Two year,No,Electronic check,97.62,6248.42,No
4669-LDBLP,Male,0,Yes,No,25,Yes,Yes,No,No internet service,No internet service,No internet service,No internet service,No internet service,No internet service,One year,No,Electronic check,37.41,921.77,No
1938-KRVYJ,Male,0,No,No,69,Yes,No,Fiber optic,No,No,No,Yes,No,No,Month-to-month,Yes,Bank transfer (automatic),97.13,6685.27,No
4525-WSGSD,Male,0,No,No,42,No,No phone service,No,No internet service,No internet service,No internet service,No internet service,No internet service,No internet service,Month-to-month,No,Electronic check,20.44,837.97,No
5040-HZAWG,Male,0,Yes,Yes,63,Yes,No,Fiber optic,No,No,No,Yes,No,Yes,Two year,Yes,Electronic check,100.95,6364.33,No
1325-RSDAC,Male,0,Yes,No,53,Yes,No,Fiber optic,No,No,No,No,No,No,Month-to-month,Yes,Electronic check,95.48,5052.22,No
4679-DSBUW,Female,0,Yes,Yes,67,Yes,Yes,No,No internet service,No internet service,No internet service,No internet service,No internet service,No internet service,Month-to-month,Yes,Mailed check,43.25,2881.83,No
7450-YYBJU,Female,0,Yes,Yes,44,Yes,Yes,No,No internet service,No internet service,No internet service,No internet service,No internet service,No internet service,One year,No,Credit card (automatic),42.31,1856.88,No
4056-TUZHJ,Male,0,No,No,56,Yes,Yes,No,No internet service,No internet service,No internet service,No internet service,No internet service,No internet service,One year,Yes,Bank transfer (automatic),32.69,1836.58,No
1218-GGLLW,Male,0,No,No,2,Yes,No,No,No internet service,No internet service,No internet service,No internet service,No internet service,No internet service,Two year,No,Bank transfer (automatic),41.7,74.08,No
7963-TAMTF,Female,0,Yes,Yes,39,Yes,Yes,DSL,Yes,No,Yes,Yes,No,Yes,Month-to-month,Yes,Mailed check,85.65,3311.58,No
4823-TVWLK,Male,0,Yes,No,58,Yes,Yes,DSL,Yes,No,No,No,No,No,Month-to-month,Yes,Electronic check,69.09,3995.29,No
4443-SLKEM,Female,0,No,No,59,Yes,No,DSL,No,No,No,Yes,No,Yes,One year,Yes,Credit card (automatic),73.89,4381.32,No
3135-NXUMZ,Male,0,No,No,40,Yes,Yes,No,No internet service,No internet service,No internet service,No internet service,No internet service,No internet service,One year,No,Electronic check,37.85,1522.14,No
9821-LUJXJ,Male,1,No,No,68,No,No phone service,No,No internet service,No internet service,No internet service,No internet service,No internet service,No internet service,Month-to-month,Yes,Bank transfer (automatic),19.42,1315.28,No
3324-DWHVC,Female,1,Yes,Yes,17,Yes,No,No,No internet service,No internet service,No internet service,No internet service,No internet service,No internet service,Two year,No,Mailed check,44.14,750.45,No
5507-LLEBJ,Female,0,Yes,No,57,Yes,No,No,No internet service,No internet service,No internet service,No internet service,No internet service,No internet service,Month-to-month,Yes,Mailed check,45.77,2613.28,No
5231-VMFGQ,Male,0,Yes,Yes,23,Yes,No,Fiber optic,No,Yes,No,No,No,No,Month-to-month,No,Mailed check,99.13,2282.09,Yes
4920-XLPBE,Male,0,No,No,18,Yes,No,DSL,Yes,No,Yes,No,Yes,No,One year,No,Electronic check,97.49,1766.87,No
8650-JLQBN,Female,0,Yes,No,59,Yes,No,Fiber optic,Yes,No,No,No,Yes,Yes,Month-to-month,No,Bank transfer (automatic),107.07,6338.88,Yes
4115-DLLEP,Male,0,Yes,Yes,58,Yes,No,Fiber optic,Yes,Yes,Yes,No,Yes,Yes,Month-to-month,No,Electronic check,114.64,6652.51,No
7714-GZQUB,Male,0,No,No,68,No,No phone service,Fiber optic,Yes,Yes,Yes,No,No,No,Two year,Yes,Electronic check,92.46,6293.87,No
7906-JTVGG,Male,1,Yes,No,31,Yes,Yes,Fiber optic,No,No,No,Yes,Yes,No,One year,Yes,Mailed check,102.17,3161.32,No
1535-QUKDH,Male,0,No,Yes,59,Yes,Yes,DSL,Yes,No,No,Yes,No,Yes,Two year,Yes,Credit card (automatic),82.43,4880.67,No
4625-XCJRF,Female,0,No,No,56,No,No phone service,Fiber optic,No,Yes,No,No,Yes,No,Month-to-month,No,Mailed check,81.71,4594.53,No
8961-XKTUS,Male,1,Yes,No,64,Yes,No,No,No internet service,No internet service,No internet service,No internet service,No internet service,No internet service,Month-to-month,Yes,Credit card (automatic),48.46,3094.79,No
2678-BJDHR,Male,0,Yes,Yes,22,Yes,No,DSL,No,Yes,No,No,Yes,No,Month-to-month,No,Electronic check,70.62,1567.96,Yes
6298-FAFLU,Male,0,No,No,35,No,No phone service,Fiber optic,No,No,Yes,No,No,No,Month-to-month,No,Electronic check,75.71,2674.74,No
4285-GPBFA,Female,0,No,Yes,51,Yes,No,Fiber optic,Yes,No,Yes,No,Yes,No,Month-to-month,No,Credit card (automatic),112.01,5723.9,No
5730-LPQKW,Female,1,Yes,Yes,30,Yes,No,Fiber optic,No,Yes,No,No,Yes,Yes,Two year,Yes,Electronic check,103.15,3109.22,No
9263-CYEFN,Male,0,No,No,72,Yes,Yes,DSL,No,No,No,No,Yes,No,Month-to-month,Yes,Electronic check,60.68,4346.86,No
1264-JEMVY,Male,0,No,No,59,Yes,Yes,DSL,Yes,No,Yes,Yes,Yes,Yes,One year,Yes,Bank transfer (automatic),94.17,5564.49,No
2909-PMKRZ,Male,0,No,No,1,Yes,Yes,Fiber optic,No,No,No,No,No,No,One year,Yes,Electronic check,87.63,88.01,Yes
4646-BXYHN,Female,0,Yes,Yes,28,Yes,No,Fiber optic,No,No,No,No,No,No,Month-to-month,No,Bank transfer (automatic),91.41,2567.05,Yes
8762-NMYVN,Female,0,Yes,No,39,Yes,Yes,DSL,Yes,No,Yes,No,Yes,No,Month-to-month,No,Electronic check,81.0,3131.54,No
2453-LSGNR,Female,0,No,No,51,Yes,No,No,No internet service,No internet service,No internet service,No internet service,No internet service,No internet service,One year,Yes,Credit card (automatic),44.22,2231.52,No
1765-PTFPT,Female,0,Yes,Yes,39,Yes,Yes,DSL,No,No,No,No,No,No,Month-to-month,No,Bank transfer (automatic),64.38,2471.82,No
1398-RGKRA,Male,1,No,No,44,Yes,No,DSL,No,Yes,Yes,No,Yes,No,Month-to-month,No,Mailed check,80.9,3562.44,No
1151-LYAUB,Female,0,Yes,Yes,42,Yes,Yes,Fiber optic,No,Yes,No,No,Yes,No,One year,Yes,Mailed check,104.41,4375.36,No
5399-LMBUG,Female,0,Yes,Yes,11,Yes,Yes,No,No internet service,No internet service,No internet service,No internet service,No internet service,No internet service,Month-to-month,Yes,Electronic check,43.89,469.7,No
7938-RPHRZ,Male,0,No,Yes,25,Yes,No,Fiber optic,No,No,No,No,Yes,No,Month-to-month,No,Electronic check,101.13,2527.76,No
9307-XFQKZ,Male,0,No,Yes,22,No,No phone service,DSL,Yes,No,No,Yes,No,No,One year,No,Credit card (automatic),51.38,1124.74,No
9549-WDHTT,Male,0,Yes,No,27,Yes,No,Fiber optic,No,Yes,No,Yes,No,Yes,Month-to-month,No,Electronic check,106.37,2875.96,No
4152-DDSLM,Male,0,No,No,15,Yes,No,No,No internet service,No internet service,No internet service,No internet service,No internet service,No internet service,Month-to-month,No,Electronic check,35.54,531.64,No
8337-AUGYY,Male,0,No,No,69,Yes,Yes,DSL,No,Yes,No,No,No,Yes,Month-to-month,Yes,Mailed check,77.24,5321.58,No
5518-HFEZE,Female,0,Yes,No,9,Yes,No,Fiber optic,No,No,No,No,No,No,Two year,No,Electronic check,95.62,854.63,No
5018-MSWPU,Female,0,Yes,No,24,Yes,No,No,No internet service,No internet service,No internet service,No internet service,No internet service,No internet service,One year,Yes,Electronic check,45.3,1117.91,No
6099-LDFLB,Male,0,No,No,30,Yes,No,Fiber optic,No,No,Yes,No,Yes,No,Two year,No,Electronic check,100.12,3039.06,No
3846-MMVZT,Female,0,No,No,45,Yes,No,DSL,No,Yes,Yes,No,Yes,Yes,One year,Yes,Electronic check,90.49,4077.4,No
1715-KTQLL,Female,0,Yes,Yes,14,Yes,No,DSL,Yes,No,No,No,Yes,Yes,One year,Yes,Credit card (automatic),85.68,1200.95,No
4653-PENES,Male,0,Yes,No,51,Yes,Yes,No,No internet service,No internet service,No internet service,No internet service,No internet service,No internet service,One year,No,Electronic check,40.7,2070.8,No
8781-NKYRL,Male,0,No,Yes,5,Yes,No,Fiber optic,Yes,Yes,No,No,Yes,Yes,Month-to-month,Yes,Electronic check,113.47,567.7,No
1259-AFFTN,Female,0,Yes,Yes,4,Yes,Yes,DSL,No,Yes,No,No,Yes,No,Month-to-month,Yes,Bank transfer (automatic),78.2,326.54,No
9998-NXPJT,Female,0,No,No,15,Yes,No,DSL,No,No,No,No,Yes,No,One year,Yes,Mailed check,67.83,1031.43,Yes
5044-GMRKS,Female,1,Yes,Yes,16,Yes,Yes,DSL,No,No,Yes,No,No,No,Month-to-month,Yes,Mailed check,74.12,1205.62,Yes
9825-KHKWE,Male,0,No,No,45,Yes,No,Fiber optic,No,No,Yes,No,No,No,Two year,Yes,Mailed check,96.87,4347.58,No
9762-KWUUX,Male,0,No,No,58,Yes,No,Fiber optic,No,No,No,Yes,No,Yes,One year,Yes,Mailed check,97.57,5657.79,Yes
2663-QCHAS,Male,0,Yes,Yes,59,Yes,Yes,Fiber optic,No,No,No,No,Yes,Yes,Month-to-month,No,Mailed check,102.81,6063.19,No
6468-TEHSV,Male,0,No,No,13,No,No phone service,Fiber optic,No,No,Yes,No,No,No,Month-to-month,Yes,Credit card (automatic),76.76,1015.92,Yes
8970-BKAVC,Male,0,Yes,No,33,Yes,No,DSL,No,No,Yes,No,No,Yes,Month-to-month,Yes,Credit card (automatic),78.57,2581.09,Yes
8398-DAXLL,Female,0,No,No,12,Yes,Yes,Fiber optic,Yes,No,No,No,Yes,Yes,Two year,Yes,Mailed check,105.98,1285.78,No
6819-GSLGK,Female,1,No,No,44,No,No phone service,DSL,No,Yes,Yes,No,No,No,Month-to-month,No,Electronic check,49.86,2179.28,Yes
1055-HQDCR,Male,1,No,No,18,Yes,No,Fiber optic,No,Yes,No,Yes,No,Yes,Two year,Yes,Mailed check,110.61,1970.12,Yes
4853-DTUAE,Female,0,Yes,Yes,47,No,No phone service,DSL,No,No,Yes,No,No,Yes,Month-to-month,Yes,Electronic check,55.46,2594.04,No
4332-TBVHD,Male,0,No,No,56,Yes,Yes,Fiber optic,No,Yes,No,No,No,Yes,Two year,No,Electronic check,96.39,5390.7,Yes
8769-CDYNM,Female,0,No,No,47,Yes,Yes,Fiber optic,Yes,No,No,No,Yes,No,Month-to-month,No,Mailed check,105.57,4966.37,No
7185-RQAPG,Male,0,Yes,No,0,Yes,Yes,No,No internet service,No internet service,No internet service,No internet service,No internet service,No internet service,Two year,Yes,Mailed check,40.01, ,No
8268-NCXGG,Female,0,No,No,72,Yes,Yes,DSL,No,No,No,No,No,No,One year,Yes,Electronic check,75.64,5441.49,No
9425-UWRXC,Female,0,Yes,No,33,Yes,Yes,Fiber optic,No,No,No,No,No,Yes,Month-to-month,Yes,Mailed check,92.27,3049.6,Yes
6399-HKFEL,Female,1,No,No,44,Yes,No,No,No internet service,No internet service,No internet service,No internet service,No internet service,No internet service,One year,No,Bank transfer (automatic),33.97,1519.68,No
9263-RJLNF,Female,0,No,No,50,Yes,Yes,No,No internet service,No internet service,No internet service,No internet service,No internet service,No internet service,Month-to-month,Yes,Bank transfer (automatic),46.57,2354.64,No
5690-SFQTN,Male,1,No,No,39,Yes,No,DSL,Yes,No,No,No,No,No,Month-to-month,No,Credit card (automatic),71.2,2751.16,Yes
3627-PVFPS,Female,0,Yes,No,69,No,No phone service,Fiber optic,No,No,Yes,No,Yes,No,Month-to-month,Yes,Electronic check,79.78,5506.74,No
3893-KXJQD,Female,0,No,No,63,Yes,No,DSL,No,No,Yes,Yes,No,No,Month-to-month,Yes,Electronic check,75.63,4752.54,No
9332-QUQJJ,Male,0,Yes,Yes,47,Yes,Yes,DSL,No,Yes,No,No,No,No,Month-to-month,No,Mailed check,68.42,3193.71,No
7310-WDWVC,Female,0,No,No,45,Yes,No,Fiber optic,No,Yes,No,Yes,Yes,Yes,One year,Yes,Mailed check,106.27,4790.8,No
1973-SWKRZ,Female,1,No,No,25,No,No phone service,No,No internet service,No internet service,No internet service,No internet service,No internet service,No internet service,Two year,Yes,Electronic check,22.46,541.36,No
3904-FZGML,Female,0,Yes,No,33,Yes,Yes,Fiber optic,No,No,No,No,Yes,No,Month-to-month,No,Electronic check,95.28,3165.73,No
5708-GSSEM,Male,0,Yes,No,0,Yes,Yes,No,No internet service,No internet service,No internet service,No internet service,No internet service,No internet service,Two year,Yes,Electronic check,33.73, ,No
1516-FZNQX,Female,0,Yes,No,54,Yes,No,Fiber optic,No,No,No,No,No,No,Month-to-month,Yes,Mailed check,89.62,4856.66,No
7422-VTMRG,Female,0,No,No,9,Yes,Yes,Fiber optic,No,Yes,No,No,No,Yes,Month-to-month,Yes,Mailed check,106.01,951.69,No
9012-EXXDT,Female,0,No,Yes,16,Yes,Yes,DSL,No,No,No,Yes,No,No,Month-to-month,No,Bank transfer (automatic),73.94,1209.52,No
9906-PJXNC,Female,0,No,No,42,Yes,No,Fiber optic,Yes,Yes,Yes,No,No,No,Two year,No,Bank transfer (automatic),105.76,4469.08,No
3243-SLFVC,Male,0,No,No,49,Yes,Yes,No,No internet service,No internet service,No internet service,No internet service,No internet service,No internet service,Month-to-month,No,Electronic check,35.56,1741.15,No
2971-MAKXY,Female,1,No,No,2,Yes,No,DSL,Yes,No,Yes,No,No,No,Month-to-month,No,Bank transfer (automatic),76.44,149.76,No
8846-HBVJT,Male,0,No,No,56,Yes,No,Fiber optic,No,Yes,No,No,No,Yes,One year,Yes,Electronic check,107.04,6006.91,No
2072-SQYCK,Male,0,No,No,10,Yes,Yes,DSL,No,Yes,No,No,Yes,Yes,Month-to-month,No,Bank transfer (automatic),83.19,819.54,No
9908-KRDTG,Male,0,No,No,46,Yes,Yes,DSL,No,No,No,No,Yes,No,Month-to-month,No,Bank transfer (automatic),69.44,3210.93,No
6149-XRMEJ,Female,0,Yes,Yes,56,Yes,Yes,DSL,No,Yes,Yes,No,No,No,Month-to-month,Yes,Electronic check,75.85,4251.53,No
8642-FRMHT,Female,0,No,No,13,Yes,Yes,No,No internet service,No internet service,No internet service,No internet service,No internet service,No internet service,Month-to-month,No,Electronic check,41.31,534.77,No
4258-GNUWR,Male,1,No,No,29,Yes,No,Fiber optic,No,No,Yes,Yes,No,No,Month-to-month,Yes,Electronic check,98.14,2826.61,No
6957-UGGMR,Female,0,Yes,No,37,Yes,No,No,No internet service,No internet service,No internet service,No internet service,No internet service,No internet service,Month-to-month,No,Bank transfer (automatic),43.2,,No
6813-DUJXT,Male,1,No,No,40,Yes,No,DSL,Yes,No,Yes,No,No,Yes,Two year,No,Mailed check,87.95,3496.81,No
9845-RNEKW,Female,0,No,No,59,Yes,Yes,No,No internet service,No internet service,No internet service,No internet service,No internet service,No internet service,Two year,Yes,Credit card (automatic),46.73,2778.95,No
4437-BFQRZ,Female,0,Yes,Yes,69,Yes,No,DSL,Yes,No,Yes,No,Yes,No,Month-to-month,Yes,Bank transfer (automatic),78.13,5379.67,No
9403-NPVBQ,Female,0,Yes,Yes,29,Yes,Yes,No,No internet service,No internet service,No internet service,No internet service,No internet service,No internet service,Month-to-month,No,Electronic check,35.33,1025.8,No
5265-UVRRS,Male,0,No,No,43,Yes,No,DSL,Yes,No,Yes,No,Yes,Yes,Two year,No,Mailed check,96.98,4173.37,No
6220-FGTQF,Male,0,No,No,67,Yes,Yes,DSL,No,No,Yes,No,Yes,Yes,One year,Yes,Electronic check,88.71,5934.98,No
8899-ZRFYF,Male,0,Yes,Yes,44,Yes,Yes,No,No internet service,No internet service,No internet service,No internet service,No internet service,No internet service,One year,Yes,Bank transfer (automatic),36.09,1612.92,No
4891-WNFBJ,Female,0,No,No,3,Yes,No,No,No internet service,No internet service,No internet service,No internet service,No internet service,No internet service,One year,No,Credit card (automatic),41.75,136.48,No
7048-TFDSD,Female,0,No,No,22,Yes,No,Fiber optic,No,Yes,Yes,No,No,No,Month-to-month,Yes,Bank transfer (automatic),100.38,2204.59,Yes
1578-MPFFF,Male,0,Yes,Yes,48,Yes,No,No,No internet service,No internet service,No internet service,No internet service,No internet service,No internet service,Month-to-month,Yes,Electronic check,39.39,1881.89,No
4085-AAJAH,Female,0,Yes,Yes,71,Yes,Yes,DSL,No,No,No,No,Yes,No,Month-to-month,Yes,Electronic check,76.03,5389.1,No
6227-AQQPR,Female,0,Yes,Yes,16,Yes,Yes,No,No internet service,No internet service,No internet service,No internet service,No internet service,No internet service,Month-to-month,Yes,Credit card (automatic),46.31,759.74,No
8282-BEHSW,Female,0,No,Yes,15,Yes,No,DSL,No,No,Yes,Yes,Yes,No,Two year,No,Electronic check,77.57,1184.43,No
9267-PKKBM,Female,0,Yes,Yes,47,Yes,No,No,No internet service,No internet service,No internet service,No internet service,No internet service,No internet service,Month-to-month,Yes,Bank transfer (automatic),42.57,1994.89,No
5615-EUVHX,Male,0,No,No,8,Yes,No,Fiber optic,No,Yes,No,Yes,No,No,Month-to-month,No,Electronic check,111.18,896.93,Yes
1963-XUFRH,Male,0,No,No,69,No,No phone service,No,No internet service,No internet service,No internet service,No internet service,No internet service,No internet service,Two year,No,Electronic check,22.56,1564.76,No
8196-DFHEH,Female,0,No,No,66,Yes,Yes,Fiber optic,No,No,No,Yes,Yes,Yes,Two year,Yes,Electronic check,101.05,6690.9,No
6422-RPEEY,Female,0,No,No,41,Yes,No,DSL,No,Yes,Yes,Yes,No,Yes,Month-to-month,Yes,Electronic check,87.97,3627.14,No
3261-CLAJW,Male,0,No,No,24,Yes,No,DSL,No,No,No,No,No,No,Month-to-month,Yes,Electronic check,62.99,1508.86,Yes
3406-SMJRQ,Female,0,No,No,31,Yes,Yes,Fiber optic,Yes,Yes,Yes,No,Yes,No,One year,Yes,Mailed check,112.23,3495.8,No
3863-FYEZM,Female,0,Yes,Yes,40,Yes,Yes,DSL,No,Yes,Yes,No,No,Yes,Month-to-month,Yes,Mailed check,85.85,3449.31,No
9969-JPQJF,Female,0,Yes,No,62,Yes,No,No,No internet service,No internet service,No internet service,No internet service,No internet service,No internet service,Two year,No,Mailed check,38.32,2376.58,No
5682-RGURD,Male,0,Yes,Yes,52,Yes,No,No,No internet service,No internet service,No internet service,No internet service,No internet service,No internet service,Month-to-month,No,Electronic check,39.11,2025.07,No
9446-BRLRU,Female,0,Yes,No,33,Yes,No,DSL,No,No,No,No,No,Yes,Month-to-month,Yes,Credit card (automatic),72.33,2367.86,No
7184-RWSVK,Male,1,Yes,No,46,No,No phone service,Fiber optic,No,No,No,No,No,No,Month-to-month,Yes,Electronic check,66.63,3094.75,No
2825-FQNBE,Male,0,Yes,No,41,Yes,No,No,No internet service,No internet service,No internet service,No internet service,No internet service,No internet service,One year,Yes,Credit card (automatic),43.84,1807.55,No
9706-TUEBG,Female,0,Yes,No,8,Yes,No,Fiber optic,No,No,No,No,No,No,Two year,No,Electronic check,84.0,690.64,No
8711-NUMMQ,Male,0,No,No,22,Yes,No,No,No internet service,No internet service,No internet service,No internet service,No internet service,No internet service,One year,No,Mailed check,38.68,828.92,No
9629-LQYJW,Male,0,No,No,14,Yes,No,DSL,Yes,No,No,No,No,No,Month-to-month,Yes,Bank transfer (automatic),72.35,1012.36,No
5814-XMRHR,Female,0,Yes,Yes,40,Yes,No,Fiber optic,No,No,Yes,Yes,Yes,No,One year,Yes,Bank transfer (automatic),98.77,3958.03,No
3935-QULLH,Female,0,Yes,No,70,Yes,Yes,DSL,Yes,No,No,Yes,No,No,Month-to-month,Yes,Mailed check,75.33,5274.18,No
7573-QNACA,Male,0,No,Yes,52,Yes,No,DSL,No,No,No,No,Yes,Yes,Month-to-month,No,Mailed check,75.95,3944.62,Yes
8651-WBBUN,Male,0,Yes,Yes,48,Yes,No,Fiber optic,No,Yes,No,No,No,No,Month-to-month,No,Mailed check,93.47,4492.88,No
3780-QFEJX,Male,0,No,No,37,Yes,No,No,No internet service,No internet service,No internet service,No internet service,No internet service,No internet service,Month-to-month,Yes,Electronic check,40.52,1485.69,No
7903-EPXYU,Male,1,Yes,Yes,25,Yes,No,Fiber optic,No,No,No,No,Yes,Yes,Month-to-month,No,Electronic check,96.56,2416.06,No
2159-FFDEH,Female,1,Yes,No,15,No,No phone service,No,No internet service,No internet service,No internet service,No internet service,No internet service,No internet service,Two year,Yes,Bank transfer (automatic),18.25,269.42,No
5999-KLFDZ,Male,0,No,Yes,66,Yes,No,Fiber optic,No,No,No,No,No,No,Month-to-month,Yes,Bank transfer (automatic),84.04,5579.99,No
6390-FVVZD,Female,1,No,Yes,1,Yes,Yes,Fiber optic,No,No,No,No,No,No,Month-to-month,No,Electronic check,93.22,85.37,Yes
6759-ZVFXL,Male,0,No,No,66,Yes,No,No,No internet service,No internet service,No internet service,No internet service,No internet service,No internet service,Month-to-month,Yes,Credit card (automatic),41.02,2720.86,No
5399-PUCNV,Male,0,Yes,No,15,Yes,No,DSL,Yes,No,No,Yes,No,No,One year,Yes,Credit card (automatic),74.46,1112.0,No
5935-GBPSP,Male,0,Yes,Yes,58,Yes,No,No,No internet service,No internet service,No internet service,No internet service,No internet service,No internet service,Month-to-month,Yes,Mailed check,40.27,2335.65,No
9813-QNBPE,Female,0,Yes,Yes,62,Yes,No,No,No internet service,No internet service,No internet service,No internet service,No internet service,No internet service,Month-to-month,Yes,Credit card (automatic),42.19,2602.4,No
7521-DXHLD,Male,0,No,No,66,Yes,Yes,Fiber optic,Yes,Yes,No,No,Yes,No,Two year,Yes,Electronic check,106.41,7032.9,No
2896-YGNZQ,Male,0,Yes,No,70,Yes,Yes,Fiber optic,Yes,No,Yes,No,No,Yes,Month-to-month,No,Electronic check,106.1,7414.84,No
1374-JKGFN,Male,0,Yes,No,36,No,No phone service,DSL,No,No,Yes,No,Yes,Yes,Two year,No,Electronic check,60.43,2146.52,No
4392-HKJFL,Female,1,No,No,41,Yes,Yes,No,No internet service,No internet service,No internet service,No internet service,No internet service,No internet service,Two year,Yes,Electronic check,36.88,1527.53,No
9479-NQZQF,Female,0,No,No,2,Yes,Yes,DSL,Yes,No,No,No,Yes,No,Month-to-month,No,Credit card (automatic),74.17,139.42,No
4585-MMDCJ,Male,0,Yes,No,60,Yes,No,Fiber optic,Yes,Yes,No,No,No,No,Two year,Yes,Bank transfer (automatic),98.97,5960.35,No
9227-TWEKP,Female,0,No,No,42,Yes,No,DSL,Yes,No,No,No,Yes,Yes,One year,Yes,Electronic check,79.91,3350.26,No
4908-LJBWY,Male,1,No,No,3,Yes,Yes,DSL,Yes,No,No,Yes,No,No,Month-to-month,Yes,Bank transfer (automatic),72.7,211.51,No
1727-KNUZK,Male,0,No,No,25,Yes,No,DSL,No,Yes,Yes,No,Yes,Yes,Two year,Yes,Electronic check,88.53,2200.39,No
7739-YVGVK,Female,0,Yes,Yes,62,Yes,Yes,Fiber optic,No,Yes,No,No,No,No,Month-to-month,Yes,Mailed check,98.01,6083.07,No
1157-UWJLJ,Male,0,No,Yes,28,Yes,No,DSL,No,Yes,Yes,No,Yes,Yes,Month-to-month,No,Credit card (automatic),96.07,2677.4,No
2053-ZAPAS,Female,0,Yes,No,20,Yes,No,No,No internet service,No internet service,No internet service,No internet service,No internet service,No internet service,Month-to-month,Yes,Electronic check,34.9,705.86,No
9106-RQVZW,Male,0,Yes,No,19,Yes,No,DSL,No,No,No,No,No,No,Two year,Yes,Bank transfer (automatic),60.97,1164.98,No
3082-PVHSA,Male,0,Yes,No,12,No,No phone service,DSL,No,No,No,No,Yes,No,Two year,No,Electronic check,47.53,561.61,No
8895-QTVFL,Male,0,Yes,Yes,39,Yes,Yes,DSL,Yes,Yes,No,No,No,Yes,Month-to-month,No,Electronic check,79.36,3096.11,No
8726-DVGPN,Male,1,No,No,20,Yes,No,DSL,Yes,No,No,Yes,No,Yes,One year,No,Electronic check,91.5,1821.64,No
7177-WJELQ,Male,0,No,No,42,No,No phone service,DSL,No,No,No,No,No,No,Month-to-month,No,Credit card (automatic),44.29,1863.25,No
7753-UJYBC,Female,0,Yes,Yes,36,Yes,No,No,No internet service,No internet service,No internet service,No internet service,No internet service,No internet service,Two year,Yes,Electronic check,41.32,1502.63,No
1222-YEQVU,Male,0,Yes,No,47,No,No phone service,No,No internet service,No internet service,No internet service,No internet service,No internet service,No internet service,Month-to-month,Yes,Electronic check,19.85,942.96,No
9538-BKNSQ,Female,0,Yes,Yes,42,Yes,No,DSL,No,No,Yes,No,No,No,Month-to-month,Yes,Electronic check,69.17,2890.28,No
6038-HCLGP,Female,0,No,Yes,4,Yes,Yes,DSL,No,Yes,No,No,Yes,No,One year,Yes,Mailed check,81.4,307.59,Yes
8173-PPBRL,Male,0,Yes,Yes,0,Yes,Yes,Fiber optic,No,Yes,No,Yes,No,Yes,One year,No,Electronic check,104.55, ,No
2113-FUYNZ,Female,0,No,No,22,Yes,No,Fiber optic,Yes,No,Yes,No,No,No,Month-to-month,No,Electronic check,108.88,2413.23,No
2620-HYERF,Male,0,Yes,Yes,25,Yes,No,No,No internet service,No internet service,No internet service,No internet service,No internet service,No internet service,One year,Yes,Mailed check,44.45,1111.65,No
3980-MJWZN,Male,0,No,No,32,Yes,Yes,No,No internet service,No internet service,No internet service,No internet service,No internet service,No internet service,Two year,No,Mailed check,34.87,1125.27,No
5726-BFAWF,Male,0,No,No,51,Yes,No,DSL,No,No,Yes,No,No,Yes,Month-to-month,Yes,Electronic check,72.63,3687.21,Yes
4065-WTQAP,Male,0,Yes,Yes,70,Yes,Yes,No,No internet service,No internet service,No internet service,No internet service,No internet service,No internet service,Month-to-month,No,Credit card (automatic),39.52,2754.11,No
6047-HTYGH,Female,0,No,No,54,Yes,Yes,Fiber optic,No,No,No,Yes,No,Yes,Month-to-month,No,Electronic check,101.96,5503.59,No
3900-WBXUM,Male,0,No,No,26,Yes,No,No,No internet service,No internet service,No internet service,No internet service,No internet service,No internet service,One year,Yes,Bank transfer (automatic),37.66,971.44,No
6251-XUGBR,Female,0,No,No,17,Yes,No,Fiber optic,No,Yes,No,No,Yes,No,One year,Yes,Mailed check,103.41,1742.4,No
2312-CZMRF,Male,0,Yes,Yes,25,No,No phone service,Fiber optic,No,No,No,No,No,Yes,Month-to-month,Yes,Mailed check,71.99,1819.37,Yes
1915-BJALH,Male,0,No,Yes,17,Yes,Yes,Fiber optic,Yes,No,Yes,No,No,No,One year,Yes,Bank transfer (automatic),104.77,1789.35,No
5740-QHLBH,Female,0,Yes,No,40,Yes,No,DSL,No,No,No,No,Yes,No,Month-to-month,Yes,Electronic check,76.64,3071.03,Yes
9802-ZMYND,Male,0,No,No,49,Yes,Yes,Fiber optic,No,No,No,Yes,Yes,No,Month-to-month,No,Credit card (automatic),103.96,5103.69,Yes
8810-KQRHT,Male,0,No,No,19,No,No phone service,DSL,No,No,No,No,No,No,One year,Yes,Credit card (automatic),47.26,891.6,No
5511-JHTFC,Female,1,No,No,44,Yes,No,Fiber optic,No,No,No,No,No,No,Month-to-month,No,Bank transfer (automatic),84.8,3710.41,Yes
8934-HRTWR,Male,0,No,No,26,Yes,No,DSL,Yes,No,No,Yes,Yes,Yes,Two year,No,Credit card (automatic),89.27,2312.38,No
7370-WYBTE,Female,0,Yes,No,36,Yes,No,Fiber optic,Yes,No,No,Yes,No,Yes,Two year,Yes,Credit card (automatic),114.33,4121.13,No
9020-BFEQA,Male,0,No,No,17,Yes,Yes,No,No internet service,No internet service,No internet service,No internet service,No internet service,No internet service,Month-to-month,Yes,Electronic check,33.07,552.49,Yes
1153-NZNLR,Male,0,No,No,39,Yes,No,Fiber optic,No,No,No,No,Yes,Yes,Month-to-month,Yes,Credit card (automatic),101.93,3976.25,Yes
5965-KQAFS,Female,0,Yes,Yes,6,Yes,Yes,DSL,No,Yes,No,No,No,No,Month-to-month,Yes,Credit card (automatic),72.07,428.18,No
4073-BCWHA,Male,1,Yes,No,36,No,No phone service,Fiber optic,No,No,No,No,No,Yes,Month-to-month,Yes,Mailed check,73.66,2647.72,Yes
7558-NLXHP,Male,0,No,No,32,Yes,No,Fiber optic,No,Yes,No,No,No,Yes,Two year,No,Mailed check,104.89,3384.76,No
7703-QESTC,Female,0,Yes,No,29,No,No phone service,DSL,No,No,No,Yes,No,No,Month-to-month,No,Mailed check,53.03,1524.1,No
2488-SCXCZ,Female,0,No,No,65,Yes,Yes,DSL,No,No,Yes,No,Yes,No,Month-to-month,Yes,Mailed check,73.57,4773.11,No
7042-LGJTU,Female,1,Yes,No,57,Yes,Yes,DSL,No,Yes,No,No,Yes,Yes,One year,Yes,Mailed check,78.05,4441.34,No
2877-PZGSE,Male,0,No,No,41,Yes,No,Fiber optic,No,No,No,Yes,No,Yes,One year,No,Bank transfer (automatic),104.03,4284.88,No
8505-EHMJE,Female,1,No,No,64,Yes,Yes,Fiber optic,No,Yes,No,No,No,No,One year,No,Credit card (automatic),94.7,6048.87,No
6768-AZBJY,Male,0,Yes,No,48,Yes,Yes,No,No internet service,No internet service,No internet service,No internet service,No internet service,No internet service,One year,No,Credit card (automatic),37.57,1789.2,No
2395-BTBXL,Female,1,Yes,Yes,46,Yes,No,Fiber optic,No,No,No,Yes,No,No,Two year,No,Bank transfer (automatic),93.62,4335.73,No
8823-FDZUX,Male,0,Yes,Yes,35,No,No phone service,DSL,No,No,No,No,Yes,Yes,Month-to-month,Yes,Credit card (automatic),63.26,2213.97,No
3878-KPLFK,Female,1,No,No,19,Yes,Yes,DSL,Yes,No,No,No,No,Yes,Month-to-month,No,Credit card (automatic),80.4,1548.27,Yes
6478-AJHBC,Female,1,Yes,No,21,No,No phone service,DSL,No,No,Yes,Yes,No,No,One year,No,Bank transfer (automatic),51.49,1091.1,No
5460-CJPWC,Male,1,Yes,No,71,Yes,No,DSL,No,No,Yes,No,No,Yes,One year,No,Electronic check,70.36,4971.72,No
4911-CLMVL,Male,1,No,No,49,Yes,Yes,No,No internet service,No internet service,No internet service,No internet service,No internet service,No internet service,Month-to-month,No,Mailed check,41.61,2036.69,No
9418-DBAJE,Male,0,No,No,6,Yes,No,Fiber optic,No,Yes,No,Yes,Yes,No,Two year,Yes,Credit card (automatic),113.43,686.17,Yes
1824-FZVAX,Male,0,Yes,Yes,17,Yes,No,Fiber optic,No,No,No,Yes,No,No,One year,Yes,Electronic check,99.16,1697.98,No
2847-KHKUT,Male,0,No,No,69,Yes,Yes,No,No internet service,No internet service,No internet service,No internet service,No internet service,No internet service,Month-to-month,Yes,Bank transfer (automatic),42.49,2948.63,No
6345-RTEKC,Male,0,No,No,15,No,No phone service,Fiber optic,No,No,No,No,Yes,Yes,Two year,No,Credit card (automatic),79.55,1195.05,No
7336-LRPGD,Male,0,No,No,40,Yes,No,Fiber optic,Yes,No,No,Yes,No,No,One year,Yes,Bank transfer (automatic),111.85,4465.78,No
9755-HCHXG,Male,0,No,No,25,Yes,Yes,DSL,No,No,No,No,Yes,No,Two year,Yes,Credit card (automatic),75.31,1884.68,No
9880-MWRBN,Male,0,No,No,51,No,No phone service,Fiber optic,No,Yes,No,Yes,Yes,Yes,One year,Yes,Bank transfer (automatic),96.38,4895.58,No
4751-EPCSV,Male,0,No,No,62,Yes,No,Fiber optic,No,Yes,No,No,Yes,Yes,One year,No,Credit card (automatic),108.68,6726.67,No
1832-MRBKG,Male,1,No,No,30,Yes,No,Fiber optic,No,No,Yes,No,Yes,Yes,Month-to-month,No,Credit card (automatic),106.47,3198.15,Yes
1353-VLUQX,Female,0,Yes,Yes,0,No,No phone service,No,No internet service,No internet service,No internet service,No internet service,No internet service,No internet service,Month-to-month,Yes,Bank transfer (automatic),19.16, ,No
9972-QJLVL,Female,0,No,No,26,Yes,No,Fiber optic,No,No,Yes,No,No,No,One year,No,Bank transfer (automatic),96.34,2502.64,No
5677-EZRHQ,Female,1,No,No,1,Yes,No,No,No internet service,No internet service,No internet service,No internet service,No internet service,No internet service,Two year,Yes,Credit card (automatic),37.56,71.64,No
4609-DWXWJ,Female,0,Yes,Yes,16,Yes,No,No,No internet service,No internet service,No internet service,No internet service,No internet service,No internet service,Two year,Yes,Bank transfer (automatic),36.01,559.62,No
3307-BTHXW,Female,0,Yes,No,28,Yes,Yes,Fiber optic,No,No,No,No,No,No,Month-to-month,Yes,Bank transfer (automatic),90.88,2553.82,Yes
2153-YDMMY,Female,0,No,No,8,Yes,No,Fiber optic,No,No,No,No,No,Yes,One year,No,Bank transfer (automatic),94.9,749.15,No
6915-XQVWW,Female,0,Yes,Yes,2,Yes,Yes,No,No internet service,No internet service,No internet service,No internet service,No internet service,No internet service,Month-to-month,No,Electronic check,35.39,79.17,No
4704-KZUYP,Male,0,Yes,Yes,22,Yes,No,Fiber optic,No,No,No,Yes,Yes,Yes,One year,No,Credit card (automatic),109.04,2416.68,Yes
9360-TTEPT,Male,0,Yes,No,1,Yes,No,DSL,No,Yes,No,No,No,No,Month-to-month,No,Mailed check,66.62,74.22,Yes
7848-YHHZZ,Female,0,Yes,No,18,No,No phone service,No,No internet service,No internet service,No internet service,No internet service,No internet service,No internet service,One year,Yes,Electronic check,18.3,339.22,No
2618-KYEUC,Female,1,No,No,8,Yes,Yes,Fiber optic,Yes,Yes,Yes,No,No,Yes,Month-to-month,No,Mailed check,118.2,940.97,Yes
2604-UQPWH,Female,1,Yes,No,38,Yes,Yes,DSL,No,No,No,No,Yes,No,Two year,No,Mailed check,68.88,2620.74,No
5529-QTHRL,Male,0,Yes,Yes,58,Yes,No,Fiber optic,No,No,No,No,No,Yes,One year,No,Credit card (automatic),98.17,5687.84,No
5877-WKSYU,Male,1,Yes,No,62,Yes,Yes,DSL,Yes,No,Yes,Yes,Yes,No,Month-to-month,No,Bank transfer (automatic),91.24,5649.4,No
9897-QGZRF,Male,0,No,No,45,Yes,No,Fiber optic,No,No,No,No,Yes,No,One year,No,Electronic check,86.76,3904.3,Yes
3854-GWCTP,Female,0,No,No,6,Yes,No,Fiber optic,No,Yes,No,No,No,No,One year,Yes,Electronic check,96.09,575.54,Yes
1661-QUTNJ,Female,0,Yes,Yes,5,Yes,No,No,No internet service,No internet service,No internet service,No internet service,No internet service,No internet service,Month-to-month,Yes,Mailed check,44.48,230.29,Yes
2474-AJRAZ,Female,0,Yes,No,54,Yes,Yes,Fiber optic,No,Yes,No,No,No,No,Month-to-month,No,Credit card (automatic),97.74,5278.01,No
6272-HZEYG,Male,0,Yes,Yes,54,Yes,Yes,DSL,No,Yes,No,No,No,Yes,Two year,Yes,Mailed check,70.54,3806.63,No
4417-LZGZJ,Female,1,Yes,Yes,19,Yes,Yes,Fiber optic,No,No,Yes,No,Yes,Yes,Month-to-month,Yes,Credit card (automatic),108.13,2046.01,No
3566-RSJDK,Male,0,No,No,72,Yes,No,Fiber optic,Yes,No,No,No,No,No,Month-to-month,Yes,Electronic check,101.7,7348.22,No
5863-ABYAK,Male,0,No,No,46,Yes,No,Fiber optic,No,Yes,Yes,No,No,No,One year,Yes,Mailed check,108.67,4999.72,No
7874-HMCVR,Female,0,No,No,31,Yes,Yes,DSL,Yes,No,Yes,No,Yes,No,Month-to-month,Yes,Credit card (automatic),81.54,2511.46,Yes
8664-WJAJD,Male,0,No,No,45,Yes,No,DSL,No,No,No,No,Yes,Yes,Month-to-month,Yes,Mailed check,81.48,3667.79,No
5799-DYQGY,Male,0,No,Yes,1,Yes,No,Fiber optic,No,No,No,Yes,No,Yes,Month-to-month,No,Mailed check,109.13,109.93,Yes
7926-LDJQU,Female,0,Yes,Yes,53,Yes,Yes,Fiber optic,No,No,No,Yes,Yes,No,Month-to-month,No,Electronic check,93.95,4989.5,No
3357-TGFLD,Male,0,No,Yes,16,Yes,No,DSL,No,No,No,No,No,Yes,Month-to-month,No,Credit card (automatic),73.04,1189.48,Yes
4641-JGUHS,Female,0,Yes,No,1,Yes,Yes,Fiber optic,Yes,No,No,Yes,Yes,No,One year,Yes,Credit card (automatic),104.93,91.34,Yes
7481-RGVFG,Female,0,No,No,45,Yes,No,DSL,No,No,No,No,Yes,No,Month-to-month,No,Mailed check,74.32,3345.42,No
8874-JSBQW,Male,1,Yes,No,0,Yes,No,Fiber optic,Yes,Yes,No,No,Yes,No,Month-to-month,Yes,Credit card (automatic),101.26, ,Yes
7377-PWHKB,Male,0,Yes,No,1,Yes,No,No,No internet service,No internet service,No internet service,No internet service,No internet service,No internet service,One year,Yes,Electronic check,42.37,13.94,No
7284-TUTDR,Female,1,Yes,Yes,12,Yes,No,Fiber optic,No,No,No,No,No,No,One year,Yes,Bank transfer (automatic),92.3,1123.42,Yes
7869-EMXKU,Male,1,Yes,No,69,Yes,Yes,DSL,No,Yes,Yes,No,Yes,No,Month-to-month,Yes,Electronic check,80.22,5561.43,Yes
5772-RRRUX,Male,0,Yes,Yes,71,Yes,Yes,Fiber optic,Yes,No,No,No,Yes,Yes,Month-to-month,Yes,Electronic check,106.64,7555.94,No
3660-YRQHL,Male,0,No,No,30,No,No phone service,Fiber optic,No,No,No,Yes,No,Yes,Month-to-month,Yes,Bank transfer (automatic),81.8,2469.52,No
6863-JGVKR,Male,0,Yes,No,24,Yes,No,DSL,No,No,No,No,No,Yes,Month-to-month,Yes,Mailed check,68.1,1629.36,No
1280-BWDVX,Female,1,No,No,31,Yes,Yes,DSL,No,No,Yes,Yes,Yes,No,Month-to-month,Yes,Mailed check,84.79,2623.0,No
5332-XLYFL,Male,0,Yes,Yes,45,Yes,Yes,DSL,Yes,No,No,No,No,No,One year,No,Bank transfer (automatic),66.37,2980.64,No
4499-UBVAH,Female,0,No,No,42,Yes,Yes,No,No internet service,No internet service,No internet service,No internet service,No internet service,No internet service,Two year,Yes,Mailed check,42.89,1797.89,No
6364-DMZVA,Female,0,Yes,No,22,Yes,No,Fiber optic,No,No,No,No,Yes,No,Month-to-month,No,Mailed check,99.57,2184.5,No
6325-QBRNS,Female,0,Yes,No,18,Yes,Yes,Fiber optic,No,No,No,No,No,No,Month-to-month,Yes,Bank transfer (automatic),82.27,1475.1,Yes
3677-GTTDF,Female,0,Yes,Yes,35,Yes,Yes,Fiber optic,No,No,No,No,Yes,No,Two year,Yes,Bank transfer (automatic),91.61,3218.84,No
6276-VEFVS,Male,0,Yes,No,20,Yes,No,DSL,No,No,No,No,Yes,No,Month-to-month,Yes,Mailed check,68.25,1354.05,No
9119-UYEGF,Male,0,Yes,Yes,31,Yes,No,Fiber optic,Yes,No,No,Yes,Yes,Yes,Two year,No,Bank transfer (automatic),118.59,3675.0,No
1498-URCEE,Male,1,No,No,2,Yes,Yes,DSL,No,No,Yes,No,Yes,No,One year,No,Mailed check,82.57,177.94,No
4625-LGYFP,Female,0,Yes,No,13,Yes,No,No,No internet service,No internet service,No internet service,No internet service,No internet service,No internet service,Two year,No,Bank transfer (automatic),36.75,468.08,No
4941-KVZAM,Male,0,Yes,No,70,Yes,No,Fiber optic,No,No,Yes,No,No,No,One year,Yes,Mailed check,100.8,7039.78,No
2072-LQKHH,Male,1,Yes,No,26,Yes,Yes,Fiber optic,Yes,No,Yes,No,No,No,Month-to-month,Yes,Credit card (automatic),105.43,2746.04,Yes
3698-HJSCA,Female,0,No,Yes,31,Yes,No,Fiber optic,No,No,No,No,No,No,Two year,No,Bank transfer (automatic),86.11,2669.72,No
5650-SGEQK,Female,1,Yes,No,13,Yes,No,DSL,No,No,No,No,No,Yes,Month-to-month,Yes,Bank transfer (automatic),73.97,944.65,No
7623-DCPKT,Female,0,Yes,Yes,63,Yes,Yes,Fiber optic,No,No,No,Yes,Yes,No,One year,Yes,Credit card (automatic),106.34,6688.6,No
5554-JDDUF,Male,0,Yes,No,20,Yes,No,DSL,No,No,No,No,No,Yes,Month-to-month,Yes,Mailed check,74.08,1510.68,Yes
5521-VXGCU,Female,0,No,No,21,Yes,No,No,No internet service,No internet service,No internet service,No internet service,No internet service,No internet service,One year,No,Credit card (automatic),34.87,740.41,No
7184-HQEST,Female,0,No,No,30,Yes,No,No,No internet service,No internet service,No internet service,No internet service,No internet service,No internet service,Month-to-month,Yes,Mailed check,38.88,1184.1,No
3694-MJADZ,Male,0,Yes,No,58,No,No phone service,Fiber optic,No,No,No,No,No,Yes,Month-to-month,Yes,Credit card (automatic),77.69,4507.49,Yes
5103-DBJZK,Male,0,No,Yes,58,Yes,No,No,No internet service,No internet service,No internet service,No internet service,No internet service,No internet service,Month-to-month,No,Mailed check,36.56,2124.75,No
9994-MUUAA,Female,0,Yes,No,13,Yes,No,Fiber optic,No,Yes,No,No,No,Yes,Month-to-month,Yes,Bank transfer (automatic),95.87,1244.99,Yes
9301-YDRYY,Male,0,No,No,14,Yes,Yes,DSL,No,No,No,No,No,Yes,Month-to-month,Yes,Credit card (automatic),67.18,933.88,No
3667-VRYDQ,Male,0,No,No,18,Yes,No,DSL,No,No,Yes,No,Yes,Yes,Month-to-month,Yes,Credit card (automatic),78.76,1407.94,Yes
1220-JALVR,Female,0,No,No,14,Yes,No,Fiber optic,Yes,No,No,No,No,No,Two year,No,Electronic check,100.69,1402.84,No
3851-LJTGC,Male,0,Yes,No,36,Yes,No,DSL,No,Yes,Yes,No,Yes,Yes,One year,Yes,Electronic check,96.85,3506.68,No
5560-VMEBY,Female,1,No,No,18,Yes,Yes,Fiber optic,No,No,No,No,Yes,Yes,One year,No,Bank transfer (automatic),92.9,1676.57,No
7845-DBDKV,Male,0,No,No,5,Yes,No,DSL,Yes,No,No,Yes,No,No,One year,Yes,Mailed check,73.09,344.11,No
2438-VATGZ,Female,1,No,No,57,Yes,No,No,No internet service,No internet service,No internet service,No internet service,No internet service,No internet service,Month-to-month,Yes,Electronic check,46.35,2657.39,No
5282-GFVKJ,Female,0,No,No,24,Yes,No,No,No internet service,No internet service,No internet service,No internet service,No internet service,No internet service,One year,No,Electronic check,30.86,736.89,No
7620-NRLBA,Male,0,No,No,18,Yes,Yes,Fiber optic,No,No,No,No,No,Yes,Month-to-month,No,Mailed check,102.14,1823.49,Yes
1351-PNTXE,Female,0,Yes,Yes,10,Yes,Yes,Fiber optic,No,No,Yes,No,No,Yes,Month-to-month,No,Bank transfer (automatic),95.8,944.16,Yes
9614-YQNEE,Male,0,Yes,Yes,59,Yes,No,Fiber optic,No,Yes,No,No,No,No,One year,Yes,Electronic check,91.72,5409.55,Yes
1167-RLEDB,Male,0,Yes,Yes,43,Yes,No,No,No internet service,No internet service,No internet service,No internet service,No internet service,No internet service,Two year,No,Mailed check,49.36,2112.59,No
6767-SRCAC,Female,1,Yes,No,23,Yes,No,No,No internet service,No internet service,No internet service,No internet service,No internet service,No internet service,Month-to-month,No,Electronic check,39.51,875.58,No
7763-THBHV,Female,0,Yes,Yes,60,No,No phone service,Fiber optic,No,No,No,Yes,Yes,No,Month-to-month,Yes,Bank transfer (automatic),82.69,4945.73,No
2290-VMDYN,Female,0,No,No,22,Yes,No,DSL,No,No,No,Yes,No,No,One year,Yes,Credit card (automatic),77.11,1711.88,No
7043-CJRRB,Male,0,No,No,18,Yes,No,Fiber optic,No,No,Yes,Yes,No,No,Month-to-month,Yes,Mailed check,97.11,1743.87,No
6437-YUEXS,Male,0,No,No,27,Yes,No,Fiber optic,Yes,No,Yes,Yes,Yes,No,Month-to-month,No,Credit card (automatic),107.88,2907.63,No
1512-DYFCL,Male,0,No,No,2,Yes,Yes,No,No internet service,No internet service,No internet service,No internet service,No internet service,No internet service,Month-to-month,Yes,Credit card (automatic),39.01,54.86,No
5729-PRZUA,Male,0,Yes,Yes,32,Yes,Yes,No,No internet service,No internet service,No internet service,No internet service,No internet service,No internet service,Month-to-month,Yes,Mailed check,39.47,1250.11,No
1797-AKJYJ,Male,0,Yes,Yes,54,Yes,Yes,Fiber optic,No,No,No,Yes,Yes,Yes,One year,No,Electronic check,109.1,5906.87,No
1275-XGXUX,Male,1,Yes,Yes,30,No,No phone service,DSL,Yes,Yes,No,No,No,No,Two year,Yes,Electronic check,57.39,1739.46,No
8376-DRKRT,Male,0,No,Yes,42,Yes,Yes,Fiber optic,No,Yes,Yes,No,No,No,One year,Yes,Credit card (automatic),100.28,4223.58,No
5508-HXRXF,Female,0,Yes,No,28,Yes,No,No,No internet service,No internet service,No internet service,No internet service,No internet service,No internet service,Two year,No,Mailed check,38.36,1084.93,No
8543-HMWJG,Female,1,Yes,Yes,60,No,No phone service,Fiber optic,No,Yes,Yes,No,Yes,No,Month-to-month,Yes,Mailed check,89.47,5364.96,No
9239-ZHHFA,Male,0,Yes,Yes,72,Yes,No,Fiber optic,No,No,No,No,No,No,Month-to-month,Yes,Electronic check,92.45,6661.6,No
5975-GWERN,Male,0,No,No,39,Yes,Yes,No,No internet service,No internet service,No internet service,No internet service,No internet service,No internet service,Month-to-month,Yes,Electronic check,43.85,1696.81,No
6506-CMRJW,Male,0,No,No,50,Yes,Yes,DSL,No,No,No,No,Yes,No,Month-to-month,Yes,Credit card (automatic),74.64,3716.8,Yes
5765-JAEMK,Male,0,No,No,44,Yes,Yes,DSL,Yes,No,No,No,No,No,One year,Yes,Credit card (automatic),67.31,2958.66,No
8842-UDQLC,Female,0,Yes,No,64,Yes,Yes,No,No internet service,No internet service,No internet service,No internet service,No internet service,No internet service,Two year,Yes,Electronic check,36.26,2331.36,No
6992-NCMTH,Male,0,No,No,66,Yes,No,No,No internet service,No internet service,No internet service,No internet service,No internet service,No internet service,Month-to-month,No,Bank transfer (automatic),41.67,2744.22,No
4211-CEZQE,Male,0,Yes,No,65,Yes,Yes,Fiber optic,No,No,No,No,Yes,Yes,Two year,Yes,Bank transfer (automatic),101.06,6547.25,No
5344-ELDQP,Female,0,No,No,5,No,No phone service,No,No internet service,No internet service,No internet service,No internet service,No internet service,No internet service,Month-to-month,No,Mailed check,22.45,136.48,No
6700-LGFFL,Male,0,Yes,Yes,31,Yes,Yes,Fiber optic,No,No,Yes,Yes,Yes,Yes,Month-to-month,No,Bank transfer (automatic),118.51,3677.73,No
5062-SBGWX,Female,0,Yes,No,36,Yes,No,DSL,No,No,No,No,Yes,Yes,Month-to-month,No,Credit card (automatic),72.03,2577.5,Yes
9377-HDEDY,Male,0,No,No,56,No,No phone service,Fiber optic,Yes,No,No,No,No,Yes,Month-to-month,Yes,Bank transfer (automatic),84.69,4741.66,No
8949-VTJMW,Female,1,Yes,No,41,Yes,Yes,No,No internet service,No internet service,No internet service,No internet service,No internet service,No internet service,One year,Yes,Mailed check,36.58,1496.57,No
8328-NWJKW,Male,0,No,No,34,Yes,No,Fiber optic,No,No,Yes,No,Yes,No,One year,No,Bank transfer (automatic),97.37,3294.65,No
4387-ULHFQ,Male,1,Yes,No,38,Yes,No,DSL,No,Yes,Yes,Yes,No,No,One year,No,Credit card (automatic),78.67,2995.24,No
5316-JTACZ,Male,1,No,Yes,43,Yes,Yes,Fiber optic,No,Yes,No,Yes,No,Yes,One year,No,Bank transfer (automatic),117.06,5048.1,No
6971-PAQLQ,Male,0,Yes,Yes,44,Yes,No,DSL,Yes,No,No,No,Yes,No,One year,Yes,Credit card (automatic),83.91,3704.07,No
1368-PPGBZ,Male,0,Yes,No,53,Yes,Yes,DSL,No,No,Yes,Yes,No,Yes,Month-to-month,No,Credit card (automatic),83.6,4430.29,No
7383-QUSDL,Male,0,No,No,29,Yes,No,Fiber optic,No,Yes,No,No,No,No,Two year,Yes,Electronic check,94.78,2793.52,No
8997-GZBHJ,Female,0,No,No,42,Yes,No,Fiber optic,No,No,No,No,Yes,No,Month-to-month,Yes,Bank transfer (automatic),91.31,3804.96,Yes
6556-EFRGX,Female,0,No,No,8,Yes,Yes,Fiber optic,Yes,No,No,No,Yes,No,One year,No,Electronic check,111.46,894.46,No
8830-HPHJS,Male,0,No,No,37,Yes,No,Fiber optic,Yes,Yes,No,Yes,No,Yes,Two year,Yes,Credit card (automatic),116.4,4312.79,No
3637-DGYGJ,Male,0,No,No,27,Yes,No,Fiber optic,Yes,No,No,No,Yes,No,Month-to-month,Yes,Electronic check,100.16,2714.0,Yes
6658-CGEYY,Male,1,Yes,No,0,Yes,No,DSL,Yes,Yes,No,No,No,No,Month-to-month,No,Electronic check,77.95, ,No
7800-FQRWD,Female,0,No,No,15,Yes,No,Fiber optic,No,No,No,Yes,No,Yes,Month-to-month,No,Electronic check,102.55,1543.29,No
7625-EPXBD,Female,0,No,No,70,Yes,Yes,Fiber optic,No,Yes,No,No,No,No,Month-to-month,No,Credit card (automatic),97.22,6798.67,No
8317-ASNJW,Female,0,No,No,40,Yes,Yes,Fiber optic,No,No,No,No,Yes,Yes,One year,Yes,Credit card (automatic),102.3,4095.14,Yes
8639-HADCZ,Female,0,No,No,2,Yes,No,Fiber optic,Yes,Yes,Yes,No,No,No,Two year,Yes,Mailed check,106.64,205.84,No
6371-SFWTU,Female,0,Yes,No,64,No,No phone service,DSL,No,No,No,Yes,Yes,No,Month-to-month,No,Mailed check,50.45,3222.08,No
5213-SPKQH,Female,0,No,Yes,8,Yes,No,DSL,No,Yes,No,Yes,Yes,No,Two year,No,Mailed check,85.06,690.72,No
9574-TTTLY,Female,0,No,No,45,Yes,No,Fiber optic,No,No,No,Yes,No,No,Month-to-month,No,Bank transfer (automatic),95.71,4290.83,No
2870-PBHPM,Female,0,No,No,3,Yes,Yes,DSL,No,No,Yes,No,No,No,Two year,Yes,Electronic check,68.11,202.83,No
9469-QKLQU,Male,1,No,No,61,Yes,No,DSL,Yes,No,No,Yes,Yes,Yes,Two year,Yes,Electronic check,90.9,5558.52,No
3488-QPAXP,Female,0,Yes,Yes,45,Yes,No,No,No internet service,No internet service,No internet service,No internet service,No internet service,No internet service,One year,Yes,Bank transfer (automatic),39.7,1788.57,No
3178-RSXAK,Male,1,No,No,62,Yes,No,Fiber optic,Yes,No,No,Yes,Yes,No,Month-to-month,Yes,Electronic check,101.77,6283.77,No
2621-PNMZN,Female,0,No,No,22,Yes,No,DSL,No,Yes,Yes,Yes,No,Yes,One year,No,Bank transfer (automatic),89.24,1978.36,No
4698-BGXLX,Male,1,Yes,No,65,Yes,No,No,No internet service,No internet service,No internet service,No internet service,No internet service,No internet service,One year,Yes,Credit card (automatic),42.16,2750.21,No
5793-PLPBB,Male,0,No,No,65,No,No phone service,Fiber optic,No,No,No,No,Yes,No,Two year,Yes,Bank transfer (automatic),77.17,5009.61,No
5281-QPLHT,Male,0,No,No,34,Yes,No,Fiber optic,No,Yes,No,No,No,No,Month-to-month,No,Mailed check,94.46,3199.54,No
6441-BLTUG,Female,0,No,No,43,Yes,No,Fiber optic,No,No,Yes,Yes,Yes,No,Two year,Yes,Electronic check,101.68,4378.8,No
9323-RLRWF,Female,0,No,No,27,Yes,No,Fiber optic,No,No,No,No,No,Yes,Month-to-month,No,Mailed check,98.2,2643.16,Yes
2353-LCWZQ,Male,0,Yes,Yes,57,Yes,No,Fiber optic,Yes,No,No,Yes,No,No,One year,Yes,Electronic check,106.48,6084.66,No
9817-BRLGH,Male,0,Yes,No,46,Yes,Yes,Fiber optic,No,No,No,Yes,Yes,No,One year,Yes,Electronic check,95.04,4372.55,No
5906-RDQYA,Male,0,Yes,No,10,Yes,Yes,Fiber optic,Yes,Yes,No,Yes,No,No,Month-to-month,Yes,Credit card (automatic),107.42,1082.87,No
8904-QJTQU,Female,0,No,No,29,Yes,No,Fiber optic,No,Yes,No,No,No,Yes,Month-to-month,Yes,Credit card (automatic),109.7,3174.77,No
1731-BRHFL,Female,0,No,Yes,29,Yes,Yes,Fiber optic,No,No,No,Yes,No,No,Two year,No,Bank transfer (automatic),89.65,2600.01,No
7526-EZLDB,Female,0,No,No,31,Yes,Yes,No,No internet service,No internet service,No internet service,No internet service,No internet service,No internet service,One year,No,Bank transfer (automatic),36.86,1153.84,No
8714-CLSNG,Male,0,No,No,45,Yes,No,Fiber optic,No,No,No,No,No,Yes,One year,Yes,Electronic check,100.87,4532.06,No
1971-TMBEP,Male,0,No,No,20,Yes,Yes,No,No internet service,No internet service,No internet service,No internet service,No internet service,No internet service,Two year,Yes,Mailed check,36.95,706.71,No
2515-KCVRU,Female,0,No,No,13,Yes,Yes,No,No internet service,No internet service,No internet service,No internet service,No internet service,No internet service,Two year,Yes,Electronic check,48.26,623.75,No
1472-KGQVF,Male,0,No,No,33,Yes,Yes,DSL,No,Yes,Yes,No,No,No,Month-to-month,Yes,Credit card (automatic),75.83,2491.95,No
7926-PVBZL,Female,0,Yes,Yes,27,Yes,No,Fiber optic,No,No,Yes,Yes,Yes,Yes,Month-to-month,Yes,Credit card (automatic),108.79,2934.23,No
3520-EZXDL,Male,0,Yes,No,66,Yes,No,Fiber optic,No,Yes,No,No,Yes,Yes,Two year,Yes,Electronic check,107.88,7104.14,No
7601-QEJJG,Male,0,Yes,No,55,Yes,Yes,DSL,No,Yes,No,No,Yes,No,Month-to-month,No,Mailed check,77.21,4240.98,No
9645-ESXVV,Male,1,Yes,Yes,17,Yes,No,Fiber optic,No,Yes,Yes,Yes,No,No,Two year,No,Electronic check,111.86,1917.04,No
2429-DUTTL,Female,0,No,Yes,49,Yes,Yes,DSL,Yes,No,No,No,No,Yes,Month-to-month,No,Electronic check,76.95,3772.88,No
5710-AGNDD,Female,0,Yes,No,44,Yes,No,Fiber optic,Yes,Yes,No,No,Yes,Yes,Month-to-month,Yes,Electronic check,118.75,5210.02,No
1406-FZSYG,Male,0,Yes,Yes,65,Yes,Yes,Fiber optic,Yes,Yes,Yes,Yes,Yes,Yes,One year,Yes,Electronic check,118.75,7725.48,No
6389-XJRSV,Female,0,Yes,No,54,Yes,Yes,DSL,No,No,Yes,Yes,No,No,One year,Yes,Credit card (automatic),73.23,3939.14,No
9724-QPWSJ,Female,1,Yes,Yes,40,Yes,Yes,No,No internet service,No internet service,No internet service,No internet service,No internet service,No internet service,Month-to-month,No,Electronic check,28.95,1132.24,No
6670-PFNQX,Female,0,Yes,Yes,18,Yes,No,No,No internet service,No internet service,No internet service,No internet service,No internet service,No internet service,Month-to-month,Yes,Mailed check,37.06,650.92,No
6223-DZPGU,Female,0,No,No,15,Yes,No,Fiber optic,No,No,Yes,No,No,No,Two year,Yes,Mailed check,88.21,1331.98,No
4461-JWWNJ,Male,0,No,No,27,No,No phone service,No,No internet service,No internet service,No internet service,No internet service,No internet service,No internet service,One year,No,Mailed check,23.77,639.61,No
8768-ETQWL,Male,0,No,No,64,Yes,Yes,DSL,Yes,Yes,No,No,No,Yes,Month-to-month,Yes,Electronic check,90.98,5823.09,No
8487-AUBRE,Female,0,No,No,65,No,No phone service,Fiber optic,No,Yes,Yes,No,Yes,Yes,Month-to-month,No,Credit card (automatic),93.2,6070.76,No
9670-UCXGP,Female,0,Yes,No,70,Yes,No,DSL,No,No,No,No,Yes,No,One year,No,Electronic check,69.41,4860.34,No
1767-CFNPW,Female,0,No,Yes,71,Yes,No,DSL,No,No,Yes,No,Yes,No,One year,No,Bank transfer (automatic),77.21,5478.61,No
2486-TAGEC,Female,0,Yes,No,35,Yes,Yes,Fiber optic,No,No,No,No,No,Yes,Two year,Yes,Electronic check,89.84,3145.26,No
6260-XSWQB,Female,0,Yes,No,43,Yes,No,Fiber optic,No,No,No,Yes,Yes,Yes,Two year,No,Credit card (automatic),111.73,4796.94,No
4113-VBCWB,Female,0,No,No,6,Yes,No,No,No internet service,No internet service,No internet service,No internet service,No internet service,No internet service,One year,Yes,Electronic check,40.71,247.79,Yes
9634-URNCK,Female,1,No,No,11,Yes,Yes,Fiber optic,No,Yes,Yes,Yes,Yes,No,One year,Yes,Credit card (automatic),110.81,1219.62,Yes
8269-XLWUB,Male,0,No,No,18,Yes,Yes,No,No internet service,No internet service,No internet service,No internet service,No internet service,No internet service,Month-to-month,No,Bank transfer (automatic),35.76,665.77,No
6580-QPUXP,Female,0,Yes,No,12,Yes,No,Fiber optic,No,No,No,No,No,Yes,One year,Yes,Credit card (automatic),88.76,1081.17,No
3883-ZZSRC,Male,0,No,No,54,No,No phone service,Fiber optic,No,No,No,No,Yes,No,Two year,Yes,Credit card (automatic),78.97,4245.95,No
4614-ENVFZ,Male,0,Yes,Yes,61,Yes,Yes,Fiber optic,No,No,Yes,Yes,No,No,Month-to-month,No,Bank transfer (automatic),103.63,6310.62,No
2165-CZCTU,Male,0,No,No,0,Yes,No,No,No internet service,No internet service,No internet service,No internet service,No internet service,No internet service,Month-to-month,Yes,Bank transfer (automatic),40.52, ,No
3970-BHBSX,Female,1,No,Yes,49,Yes,No,DSL,No,Yes,No,Yes,No,No,Month-to-month,Yes,Bank transfer (automatic),71.18,3490.58,No
9972-VUXUR,Female,0,No,No,21,No,No phone service,Fiber optic,No,No,No,No,Yes,Yes,One year,Yes,Credit card (automatic),84.8,1798.55,No
9965-HKXHH,Male,1,Yes,Yes,36,Yes,No,DSL,No,No,No,No,Yes,Yes,One year,No,Bank transfer (automatic),79.24,2853.61,No
2368-GQXDS,Male,0,No,No,26,Yes,Yes,Fiber optic,Yes,No,No,Yes,Yes,No,Month-to-month,No,Credit card (automatic),106.96,2779.84,Yes
7896-XUDMY,Male,0,No,No,11,Yes,Yes,DSL,No,Yes,No,Yes,Yes,No,One year,No,Electronic check,82.17,889.57,No
9174-QZSBX,Male,0,No,No,57,Yes,No,Fiber optic,No,No,Yes,No,Yes,No,One year,Yes,Electronic check,105.73,6017.88,No
2513-KFTAR,Male,0,No,No,22,Yes,Yes,DSL,No,No,No,No,No,No,Two year,Yes,Electronic check,72.81,1592.71,No
8778-UHXJS,Female,0,No,No,31,Yes,Yes,DSL,Yes,Yes,Yes,No,No,No,Two year,No,Bank transfer (automatic),88.41,2774.33,No
5559-BAEYY,Male,0,Yes,No,43,Yes,Yes,Fiber optic,No,Yes,No,No,No,No,Two year,Yes,Credit card (automatic),96.69,4145.98,No
4690-ZBZFA,Male,1,No,Yes,38,Yes,Yes,DSL,No,No,No,No,No,No,Month-to-month,No,Electronic check,66.86,2549.43,Yes
7820-KHUHU,Male,0,Yes,No,13,Yes,No,DSL,No,No,No,No,Yes,No,Two year,Yes,Bank transfer (automatic),68.93,890.29,No
2757-CHQFD,Female,0,No,No,49,Yes,No,Fiber optic,No,No,No,No,No,Yes,Two year,Yes,Mailed check,97.39,4774.68,No
7741-MLFAB,Male,0,No,No,11,Yes,No,Fiber optic,No,Yes,No,No,No,No,Two year,Yes,Bank transfer (automatic),95.16,1049.59,No
7132-BFXJT,Male,0,No,Yes,57,Yes,No,Fiber optic,No,No,Yes,No,No,No,One year,Yes,Electronic check,92.37,5228.07,No
4089-YVMSK,Female,0,No,Yes,47,Yes,No,Fiber optic,Yes,No,No,No,No,No,Two year,No,Electronic check,91.2,4274.58,No
9498-JWQRJ,Male,0,Yes,Yes,24,Yes,No,Fiber optic,No,Yes,Yes,Yes,No,Yes,One year,No,Bank transfer (automatic),115.55,2775.93,No
8495-TVVDX,Female,0,Yes,No,25,Yes,No,DSL,No,No,Yes,No,No,Yes,Month-to-month,Yes,Electronic check,81.62,2021.57,Yes
8575-FZNHF,Male,0,No,No,12,Yes,No,Fiber optic,No,No,No,No,No,Yes,Month-to-month,No,Bank transfer (automatic),95.42,1136.21,Yes
4282-ASSSP,Female,0,Yes,No,32,Yes,No,DSL,Yes,No,No,No,No,No,Month-to-month,No,Electronic check,69.13,2221.05,Yes
4264-TWCKZ,Female,0,Yes,Yes,13,No,No phone service,DSL,Yes,No,No,No,Yes,No,Month-to-month,No,Electronic check,60.89,810.13,No
8756-ZEMDW,Female,0,No,No,37,Yes,Yes,No,No internet service,No internet service,No internet service,No internet service,No internet service,No internet service,Month-to-month,Yes,Electronic check,38.44,1406.85,No
5668-FCTVX,Female,0,No,No,11,Yes,Yes,Fiber optic,Yes,No,No,No,Yes,Yes,One year,No,Mailed check,106.23,1159.72,No
9741-VUVZM,Male,1,Yes,No,64,Yes,Yes,Fiber optic,No,Yes,Yes,No,Yes,Yes,Two year,No,Credit card (automatic),118.16,7566.69,No
7826-VCSJD,Female,0,Yes,No,8,Yes,Yes,Fiber optic,No,Yes,No,Yes,No,No,Two year,Yes,Mailed check,99.17,800.11,No
2533-CXUCR,Female,0,Yes,Yes,52,Yes,Yes,Fiber optic,No,Yes,Yes,Yes,Yes,Yes,Two year,Yes,Mailed check,118.75,6172.76,No
6943-NQXNR,Male,0,No,No,32,Yes,No,No,No internet service,No internet service,No internet service,No internet service,No internet service,No internet service,Month-to-month,Yes,Bank transfer (automatic),38.55,1244.63,No
6139-KXKVQ,Female,0,No,No,24,Yes,Yes,No,No internet service,No internet service,No internet service,No internet service,No internet service,No internet service,One year,No,Electronic check,46.72,1124.75,No
7163-UTPQN,Female,0,Yes,No,13,Yes,No,DSL,Yes,Yes,Yes,No,No,No,Two year,Yes,Bank transfer (automatic),73.11,936.64,No
4051-TXSUV,Male,0,Yes,No,46,No,No phone service,Fiber optic,Yes,No,No,Yes,Yes,Yes,Two year,No,Bank transfer (automatic),95.16,4368.64,No
4305-BJUVN,Male,0,No,No,57,Yes,No,DSL,No,No,Yes,Yes,No,No,Month-to-month,No,Credit card (automatic),82.86,4723.19,No
8006-BRSNT,Female,0,Yes,Yes,47,Yes,Yes,Fiber optic,No,Yes,No,Yes,Yes,No,Two year,No,Electronic check,103.97,4897.94,No
5422-NQVFH,Male,1,No,No,0,Yes,Yes,No,No internet service,No internet service,No internet service,No internet service,No internet service,No internet service,Month-to-month,Yes,Bank transfer (automatic),33.33, ,No
4769-EJJHK,Female,0,Yes,Yes,60,Yes,No,DSL,No,No,No,No,No,Yes,One year,Yes,Electronic check,67.69,4071.33,Yes
5542-SHWMT,Female,0,No,No,69,Yes,No,DSL,No,Yes,Yes,No,No,No,Month-to-month,No,Mailed check,76.69,5309.05,No
2033-ELJMD,Male,1,No,No,51,Yes,Yes,No,No internet service,No internet service,No internet service,No internet service,No internet service,No internet service,Two year,Yes,Mailed check,39.73,2014.32,No
5262-STFJN,Male,0,Yes,Yes,0,Yes,No,Fiber optic,No,No,Yes,Yes,No,No,Two year,Yes,Credit card (automatic),94.58, ,No
5661-VKSXH,Female,0,Yes,Yes,36,Yes,No,Fiber optic,Yes,No,Yes,Yes,No,Yes,Two year,Yes,Bank transfer (automatic),112.52,4039.98,No
8405-HJRQP,Female,0,Yes,No,23,Yes,No,Fiber optic,No,Yes,Yes,No,Yes,No,Month-to-month,Yes,Bank transfer (automatic),109.42,2482.79,No
3080-CXWXN,Male,0,Yes,No,47,Yes,No,DSL,No,No,No,No,No,No,Month-to-month,No,Electronic check,72.27,3405.79,No
8959-MBEGK,Male,0,Yes,Yes,55,Yes,No,Fiber optic,No,Yes,No,Yes,No,Yes,Two year,No,Electronic check,98.75,5456.91,No
9450-HQGRP,Female,1,No,No,64,Yes,Yes,DSL,Yes,No,No,No,Yes,No,Two year,Yes,Electronic check,73.54,4682.85,No
2353-MCXSY,Male,0,No,No,63,Yes,No,DSL,Yes,Yes,Yes,Yes,Yes,No,Two year,No,Electronic check,95.28,6000.06,No
8879-FSCZU,Female,0,Yes,Yes,70,No,No phone service,DSL,No,No,No,No,No,Yes,Two year,No,Mailed check,55.5,3880.2,No
7123-ZWWCA,Female,0,Yes,Yes,6,No,No phone service,No,No internet service,No internet service,No internet service,No internet service,No internet service,No internet service,Month-to-month,No,Mailed check,20.09,96.67,No
9649-GLBQV,Male,1,No,No,8,Yes,No,DSL,Yes,No,No,No,Yes,Yes,Month-to-month,Yes,Mailed check,76.97,654.1,No
8574-PRNLP,Male,0,Yes,No,58,Yes,No,Fiber optic,Yes,No,No,No,Yes,No,Month-to-month,No,Credit card (automatic),103.19,5964.75,No
9422-GMQPA,Female,0,No,No,52,Yes,Yes,No,No internet service,No internet service,No internet service,No internet service,No internet service,No internet service,Month-to-month,No,Bank transfer (automatic),33.11,1730.12,No
3585-RSTZS,Female,0,No,No,54,No,No phone service,No,No internet service,No internet service,No internet service,No internet service,No internet service,No internet service,Month-to-month,Yes,Credit card (automatic),18.25,984.95,No
6216-HJVMT,Female,0,No,No,17,Yes,No,Fiber optic,No,Yes,Yes,No,No,No,Month-to-month,No,Credit card (automatic),97.84,1654.82,Yes
2116-DFEQR,Male,0,No,No,33,Yes,No,DSL,No,Yes,Yes,No,Yes,No,One year,Yes,Electronic check,73.02,2393.63,No
6020-GPCMD,Male,0,No,Yes,46,Yes,No,Fiber optic,No,No,No,No,No,Yes,Two year,No,Credit card (automatic),97.74,4507.19,No
1690-DCMPQ,Female,0,Yes,No,45,Yes,No,Fiber optic,Yes,No,Yes,No,Yes,Yes,Month-to-month,No,Bank transfer (automatic),111.86,5030.9,No
4956-EATZG,Female,0,Yes,Yes,62,Yes,No,No,No internet service,No internet service,No internet service,No internet service,No internet service,No internet service,Two year,No,Credit card (automatic),46.49,2886.75,No
2842-HFFMU,Female,0,Yes,No,26,Yes,No,Fiber optic,Yes,No,Yes,No,No,No,Month-to-month,Yes,Credit card (automatic),97.79,2543.76,No
7409-ZJMKB,Female,0,Yes,No,61,No,No phone service,No,No internet service,No internet service,No internet service,No internet service,No internet service,No internet service,Two year,No,Credit card (automatic),19.05,1172.62,No
4496-GMDTW,Male,0,Yes,No,22,Yes,No,DSL,No,No,No,Yes,No,Yes,Month-to-month,Yes,Mailed check,78.72,1702.68,No
9646-CCZWQ,Male,0,Yes,Yes,55,Yes,Yes,No,No internet service,No internet service,No internet service,No internet service,No internet service,No internet service,Month-to-month,Yes,Mailed check,42.83,2327.19,No
3893-NNWNA,Male,0,No,No,2,Yes,No,Fiber optic,No,No,No,No,No,Yes,Two year,Yes,Mailed check,89.94,188.7,No
7295-UHCDW,Female,0,Yes,Yes,14,Yes,No,No,No internet service,No internet service,No internet service,No internet service,No internet service,No internet service,Month-to-month,Yes,Credit card (automatic),41.71,559.35,No
5027-NZBEV,Male,1,No,No,0,Yes,No,No,No internet service,No internet service,No internet service,No internet service,No internet service,No internet service,One year,No,Electronic check,34.48, ,No
5860-ASDUV,Male,0,Yes,No,15,Yes,No,Fiber optic,No,Yes,Yes,No,Yes,Yes,Two year,Yes,Mailed check,107.95,1610.98,No
8418-MGXPR,Female,0,No,No,38,Yes,No,DSL,Yes,Yes,Yes,No,Yes,No,Month-to-month,Yes,Electronic check,89.84,3398.99,Yes
2228-QPHUD,Male,0,Yes,Yes,63,Yes,No,DSL,No,No,No,No,No,Yes,One year,No,Mailed check,65.61,4147.34,No
7473-ZPCPN,Male,1,Yes,No,0,Yes,Yes,DSL,No,No,No,Yes,Yes,Yes,One year,Yes,Bank transfer (automatic),90.86, ,No
5969-GRGPQ,Female,1,No,No,42,Yes,No,Fiber optic,Yes,No,No,No,Yes,No,Month-to-month,Yes,Bank transfer (automatic),102.79,4321.88,Yes
6812-VXUVW,Male,0,Yes,No,8,Yes,No,Fiber optic,No,No,No,Yes,No,No,One year,No,Electronic check,98.18,776.72,No
3182-HNMSA,Male,0,No,No,12,Yes,No,DSL,Yes,No,No,Yes,No,Yes,Two year,Yes,Mailed check,77.85,933.94,No
2250-TVHHP,Male,0,No,Yes,7,Yes,No,No,No internet service,No internet service,No internet service,No internet service,No internet service,No internet service,Month-to-month,Yes,Electronic check,43.94,302.15,No
5293-ENVTV,Male,0,No,No,42,Yes,No,Fiber optic,No,No,No,No,Yes,No,Month-to-month,Yes,Bank transfer (automatic),91.45,3818.95,Yes
6793-XFBCZ,Female,0,No,No,46,Yes,No,Fiber optic,No,Yes,Yes,No,Yes,No,Month-to-month,No,Electronic check,108.88,5008.61,Yes
6764-FWHQF,Female,0,No,No,20,Yes,No,No,No internet service,No internet service,No internet service,No internet service,No internet service,No internet service,One year,No,Electronic check,39.41,793.85,No
1853-GFPAF,Female,1,Yes,Yes,48,Yes,No,Fiber optic,No,No,No,No,No,Yes,Two year,Yes,Electronic check,93.6,4489.78,No
6109-KRRZW,Female,0,No,No,29,Yes,No,DSL,No,No,No,No,Yes,Yes,Two year,No,Mailed check,80.36,2352.19,No
3053-SRQVD,Male,0,Yes,No,55,No,No phone service,Fiber optic,Yes,Yes,No,Yes,No,No,Two year,Yes,Electronic check,87.52,4798.77,No
4376-VXAMG,Female,1,No,No,38,Yes,No,Fiber optic,Yes,Yes,Yes,No,No,No,Month-to-month,Yes,Bank transfer (automatic),109.02,4141.19,Yes
2511-BNSNJ,Male,1,No,No,71,Yes,No,No,No internet service,No internet service,No internet service,No internet service,No internet service,No internet service,One year,No,Credit card (automatic),43.89,3109.74,No
7941-RXJFL,Female,0,Yes,No,48,Yes,Yes,DSL,No,No,Yes,Yes,No,Yes,Month-to-month,No,Electronic check,82.28,3947.34,No
5561-LVBNL,Female,0,No,No,71,Yes,Yes,DSL,No,Yes,No,Yes,No,No,Month-to-month,No,Mailed check,84.48,5971.39,No
2897-RVPCB,Female,0,No,No,66,Yes,No,Fiber optic,No,No,No,Yes,No,No,Month-to-month,No,Credit card (automatic),100.2,6630.67,No
4794-SHHWA,Male,1,No,Yes,15,Yes,No,Fiber optic,No,No,No,No,Yes,Yes,Month-to-month,No,Credit card (automatic),96.75,1468.46,Yes
1717-DZMDH,Female,0,Yes,No,25,Yes,Yes,No,No internet service,No internet service,No internet service,No internet service,No internet service,No internet service,Two year,Yes,Bank transfer (automatic),37.76,948.72,No
9723-SFFBU,Female,0,No,No,25,Yes,Yes,No,No internet service,No internet service,No internet service,No internet service,No internet service,No internet service,Two year,Yes,Electronic check,39.12,955.51,No
2236-GJQQV,Male,0,Yes,No,44,Yes,No,Fiber optic,No,No,Yes,No,Yes,No,Month-to-month,No,Mailed check,110.62,4878.46,No
3675-KKBTN,Female,0,Yes,No,40,Yes,Yes,No,No internet service,No internet service,No internet service,No internet service,No internet service,No internet service,Month-to-month,No,Credit card (automatic),47.68,1885.57,No
5280-ZEZSF,Male,0,No,Yes,34,Yes,No,No,No internet service,No internet service,No internet service,No internet service,No internet service,No internet service,Two year,No,Electronic check,35.11,1175.02,No
7105-UJJWD,Male,0,No,No,3,Yes,No,DSL,No,No,No,Yes,No,No,Month-to-month,Yes,Electronic check,65.76,189.5,Yes
1120-RXNDN,Male,1,No,No,32,Yes,No,Fiber optic,No,No,No,Yes,No,Yes,Month-to-month,Yes,Mailed check,104.14,3328.95,No
3266-VQJQS,Male,0,No,No,14,Yes,Yes,Fiber optic,Yes,No,No,Yes,No,Yes,Two year,No,Electronic check,102.34,1449.03,No
7107-JPBKK,Male,0,No,No,69,Yes,No,Fiber optic,Yes,No,No,Yes,No,No,Two year,Yes,Mailed check,102.14,7060.48,No
5811-YYMRC,Male,0,Yes,No,62,Yes,Yes,DSL,Yes,Yes,Yes,No,Yes,No,Two year,Yes,Bank transfer (automatic),91.64,5696.01,No
5339-SSZMX,Male,0,Yes,No,13,Yes,No,No,No internet service,No internet service,No internet service,No internet service,No internet service,No internet service,Two year,Yes,Mailed check,38.44,479.56,No
9807-PCKUP,Male,0,No,No,29,Yes,No,Fiber optic,No,No,No,Yes,No,No,Two year,Yes,Electronic check,99.82,2905.02,No
9425-VBWJV,Female,0,No,No,46,Yes,Yes,Fiber optic,No,No,Yes,No,No,No,Month-to-month,No,Mailed check,96.95,4429.48,Yes
5569-LBCQP,Female,0,Yes,No,35,Yes,No,Fiber optic,No,No,No,No,No,No,Month-to-month,Yes,Credit card (automatic),92.57,3229.06,No
5993-DNBDM,Female,1,Yes,No,12,Yes,Yes,DSL,Yes,Yes,No,No,No,No,Month-to-month,No,Credit card (automatic),77.34,936.29,Yes
6551-RZWKU,Male,0,Yes,No,53,Yes,Yes,No,No internet service,No internet service,No internet service,No internet service,No internet service,No internet service,Month-to-month,No,Electronic check,43.7,2329.77,No
1860-WKUZS,Female,0,No,Yes,66,Yes,Yes,No,No internet service,No internet service,No internet service,No internet service,No internet service,No internet service,Two year,Yes,Electronic check,35.51,2339.52,No
9281-AERNC,Female,0,Yes,No,59,Yes,No,DSL,No,No,No,Yes,Yes,No,Month-to-month,No,Credit card (automatic),75.23,4430.14,No
7464-BZDLV,Male,1,No,No,25,Yes,No,DSL,No,Yes,No,No,Yes,Yes,Month-to-month,Yes,Electronic check,77.21,1932.76,No
5625-TSYMZ,Male,1,No,No,63,Yes,Yes,Fiber optic,No,Yes,Yes,Yes,No,No,Month-to-month,Yes,Mailed check,116.84,7341.08,Yes
5650-XTDRX,Male,1,No,No,64,Yes,No,Fiber optic,No,Yes,Yes,No,No,Yes,Two year,Yes,Electronic check,116.74,7469.08,No
2155-WCWUD,Male,1,Yes,Yes,65,Yes,Yes,DSL,No,No,Yes,No,No,No,Month-to-month,Yes,Electronic check,73.54,4779.72,Yes
7537-CPYEE,Male,0,No,Yes,60,Yes,No,Fiber optic,No,No,Yes,Yes,No,No,Month-to-month,No,Bank transfer (automatic),103.03,6202.45,No
4805-JBLGC,Female,0,No,Yes,21,Yes,Yes,DSL,Yes,No,No,Yes,No,No,One year,No,Electronic check,73.41,1557.14,No
3484-AXZJX,Male,0,Yes,No,36,Yes,No,DSL,Yes,No,No,Yes,No,No,Month-to-month,Yes,Mailed check,67.63,2459.98,No
5151-XEGTF,Female,0,Yes,No,47,Yes,No,DSL,No,Yes,No,No,Yes,No,Month-to-month,Yes,Bank transfer (automatic),74.41,3503.57,No
8411-LKLVA,Male,0,Yes,No,59,No,No phone service,No,No internet service,No internet service,No internet service,No internet service,No internet service,No internet service,Month-to-month,No,Electronic check,25.2,1472.03,No
7755-UVZUN,Female,0,Yes,No,8,Yes,Yes,No,No internet service,No internet service,No internet service,No internet service,No internet service,No internet service,Two year,No,Credit card (automatic),42.09,323.88,No
5194-KVKPC,Female,0,Yes,No,4,Yes,No,No,No internet service,No internet service,No internet service,No internet service,No internet service,No internet service,Month-to-month,Yes,Electronic check,38.34,167.82,No
3855-GLNTL,Male,0,Yes,No,70,Yes,No,DSL,Yes,No,Yes,No,No,No,Month-to-month,No,Mailed check,70.56,4951.8,No
2352-PBWUF,Male,0,No,No,50,Yes,No,Fiber optic,No,Yes,Yes,No,No,No,Month-to-month,No,Credit card (automatic),102.74,5131.4,No
3368-AJAYD,Male,0,Yes,Yes,19,Yes,No,Fiber optic,No,Yes,Yes,Yes,No,No,Two year,Yes,Electronic check,108.27,2046.57,No
6933-PFVCX,Female,0,Yes,Yes,72,Yes,No,Fiber optic,No,Yes,Yes,No,Yes,Yes,Month-to-month,Yes,Electronic check,113.39,8162.65,No
7662-RXKGD,Male,0,No,No,28,Yes,No,DSL,No,Yes,No,No,Yes,Yes,One year,Yes,Bank transfer (automatic),76.32,2139.02,No
9318-KVHYW,Male,1,No,No,46,Yes,Yes,DSL,Yes,No,No,No,No,No,Month-to-month,Yes,Electronic check,62.56,2860.84,Yes
3772-MVFAG,Female,0,No,No,67,Yes,Yes,DSL,No,No,No,No,No,No,Two year,Yes,Electronic check,60.92,4056.6,No
6314-DJYBB,Female,0,No,No,62,Yes,Yes,DSL,Yes,No,No,No,No,Yes,Month-to-month,Yes,Mailed check,82.5,5136.51,No
4814-AAECV,Female,0,No,No,46,Yes,Yes,Fiber optic,No,Yes,No,No,Yes,Yes,Month-to-month,Yes,Bank transfer (automatic),116.63,5349.09,No
2104-NSRRJ,Female,0,Yes,Yes,40,Yes,No,DSL,No,Yes,Yes,No,No,No,Month-to-month,Yes,Bank transfer (automatic),65.65,2614.25,Yes
8998-BCWBE,Female,0,No,No,21,Yes,No,Fiber optic,No,Yes,Yes,No,No,No,One year,Yes,Mailed check,102.5,2147.39,No
2558-ACPRB,Female,0,Yes,No,12,Yes,No,Fiber optic,No,No,No,Yes,Yes,No,Month-to-month,No,Bank transfer (automatic),106.13,1282.56,No
9480-CSVNM,Male,0,No,No,6,Yes,Yes,Fiber optic,No,Yes,No,Yes,No,No,Month-to-month,No,Credit card (automatic),104.04,639.5,Yes
1981-FWJAT,Male,1,Yes,No,1,Yes,No,Fiber optic,No,No,Yes,No,Yes,Yes,Month-to-month,No,Credit card (automatic),99.02,78.3,Yes
7152-BBCBQ,Male,0,No,No,35,Yes,No,No,No internet service,No internet service,No internet service,No internet service,No internet service,No internet service,Two year,Yes,Bank transfer (automatic),34.96,1243.44,No
2193-QEZTJ,Female,0,Yes,No,25,Yes,No,Fiber optic,Yes,Yes,Yes,No,No,Yes,Two year,Yes,Mailed check,117.53,2917.37,No
4857-BBNAR,Female,0,No,No,43,Yes,No,Fiber optic,Yes,No,No,No,Yes,Yes,Two year,Yes,Bank transfer (automatic),106.28,4586.2,No
4441-DNPTE,Male,0,Yes,Yes,37,Yes,Yes,DSL,No,No,Yes,No,Yes,Yes,Month-to-month,Yes,Credit card (automatic),76.5,2832.49,Yes
5925-WGWTL,Male,0,No,No,48,Yes,No,Fiber optic,No,No,Yes,No,Yes,Yes,One year,No,Electronic check,114.39,5515.43,No
8947-ZFZAD,Female,0,No,No,14,Yes,Yes,Fiber optic,No,Yes,Yes,No,Yes,Yes,Two year,Yes,Mailed check,118.75,1679.75,Yes
1388-JYQQC,Female,1,Yes,Yes,12,Yes,No,No,No internet service,No internet service,No internet service,No internet service,No internet service,No internet service,Month-to-month,Yes,Electronic check,38.42,470.65,No
5644-KMGEY,Male,0,No,Yes,9,Yes,Yes,Fiber optic,No,Yes,No,Yes,No,No,Month-to-month,Yes,Credit card (automatic),110.15,992.46,Yes
6025-KBUMK,Male,0,Yes,Yes,51,Yes,Yes,No,No internet service,No internet service,No internet service,No internet service,No internet service,No internet service,Month-to-month,Yes,Credit card (automatic),36.93,1858.62,No
7001-DNWMA,Female,0,Yes,Yes,66,Yes,Yes,Fiber optic,Yes,Yes,No,No,Yes,Yes,Two year,Yes,Electronic check,112.84,7458.15,No
3069-BNJDS,Male,0,Yes,No,26,Yes,Yes,DSL,No,No,No,No,Yes,No,Two year,Yes,Credit card (automatic),70.11,1821.34,No
2589-JZBFH,Female,0,No,No,10,Yes,No,Fiber optic,No,Yes,No,No,No,No,Month-to-month,No,Bank transfer (automatic),98.4,986.72,Yes
5578-FZAYN,Female,0,Yes,No,68,Yes,Yes,No,No internet service,No internet service,No internet service,No internet service,No internet service,No internet service,Two year,No,Credit card (automatic),38.74,2613.94,No
1344-CCGHR,Female,0,No,No,16,Yes,Yes,DSL,No,No,No,Yes,Yes,No,One year,Yes,Credit card (automatic),72.11,1133.72,No
3800-THGGH,Female,1,No,No,47,Yes,No,DSL,No,No,No,Yes,No,No,Month-to-month,Yes,Electronic check,82.12,3856.39,Yes
8538-FGYRE,Female,0,Yes,Yes,64,Yes,No,DSL,No,No,Yes,Yes,No,Yes,Month-to-month,Yes,Electronic check,78.53,5021.61,No
8812-EDLSE,Male,0,Yes,No,67,Yes,No,Fiber optic,No,No,Yes,No,No,Yes,One year,No,Electronic check,104.77,7009.88,No
7779-DUCMR,Male,0,Yes,Yes,16,Yes,Yes,DSL,No,Yes,No,No,No,No,Month-to-month,Yes,Bank transfer (automatic),80.89,1289.62,No
3389-QSRKU,Male,0,Yes,No,2,Yes,Yes,No,No internet service,No internet service,No internet service,No internet service,No internet service,No internet service,Month-to-month,No,Bank transfer (automatic),31.73,68.77,No
7584-HTYVT,Female,0,No,No,30,Yes,No,Fiber optic,No,Yes,No,Yes,Yes,No,Month-to-month,Yes,Mailed check,104.16,3146.08,No
7897-VGTEJ,Female,0,Yes,Yes,65,Yes,No,Fiber optic,No,No,No,No,No,Yes,Month-to-month,Yes,Mailed check,95.9,6253.46,No
9409-GWLFC,Male,0,No,Yes,34,Yes,Yes,DSL,No,No,No,No,No,No,One year,Yes,Mailed check,61.76,2086.3,No
5933-LNBGA,Female,0,No,No,64,Yes,No,Fiber optic,No,No,No,Yes,Yes,Yes,Month-to-month,Yes,Electronic check,106.48,6820.43,No
3722-YDSAP,Male,0,Yes,No,60,Yes,No,DSL,No,No,Yes,No,No,No,Two year,Yes,Credit card (automatic),61.41,3691.62,No
9287-JEPGX,Male,1,No,No,37,Yes,Yes,Fiber optic,No,No,No,No,No,Yes,Month-to-month,Yes,Bank transfer (automatic),88.95,3271.84,Yes
8640-RRQTM,Male,0,No,No,63,Yes,No,DSL,No,Yes,Yes,No,Yes,No,Month-to-month,No,Bank transfer (automatic),81.52,5139.25,No
9726-JASRZ,Female,0,No,No,71,Yes,No,Fiber optic,No,No,No,Yes,Yes,No,Month-to-month,Yes,Electronic check,102.82,7271.45,No
4557-LPKUL,Male,1,Yes,No,49,Yes,No,Fiber optic,No,Yes,No,No,Yes,No,Month-to-month,No,Electronic check,101.31,4940.24,No
8051-LFZNS,Female,0,No,No,54,Yes,No,Fiber optic,No,No,No,Yes,Yes,No,Month-to-month,Yes,Mailed check,96.53,5223.92,No
6320-JZJZL,Male,0,No,No,32,Yes,No,Fiber optic,Yes,Yes,Yes,No,Yes,Yes,Month-to-month,Yes,Electronic check,110.91,3534.61,Yes
1203-AZNKV,Male,0,No,No,72,Yes,Yes,No,No internet service,No internet service,No internet service,No internet service,No internet service,No internet service,Month-to-month,No,Bank transfer (automatic),44.37,3182.28,No
6553-RSECT,Female,0,No,No,25,Yes,No,No,No internet service,No internet service,No internet service,No internet service,No internet service,No internet service,Month-to-month,Yes,Bank transfer (automatic),43.3,1075.44,No
1196-TDGSQ,Male,0,No,No,55,Yes,No,Fiber optic,Yes,No,Yes,No,No,Yes,One year,No,Electronic check,114.36,6295.39,No
8033-QBWFD,Male,0,No,No,68,Yes,No,DSL,Yes,Yes,Yes,No,Yes,No,Two year,No,Electronic check,92.35,6281.37,No
8905-ENMUB,Male,0,Yes,Yes,66,Yes,No,DSL,Yes,No,No,No,Yes,No,Month-to-month,Yes,Bank transfer (automatic),78.01,5160.78,No
1960-KMUQD,Female,0,No,No,64,Yes,No,No,No internet service,No internet service,No internet service,No internet service,No internet service,No internet service,Month-to-month,Yes,Credit card (automatic),40.52,2584.54,No
9808-MZZBN,Male,0,Yes,No,14,Yes,Yes,Fiber optic,Yes,No,Yes,No,Yes,Yes,Two year,Yes,Electronic check,116.03,1628.16,Yes
4797-MHPME,Male,1,No,No,71,Yes,No,Fiber optic,No,No,No,No,No,Yes,Month-to-month,Yes,Bank transfer (automatic),99.45,7043.15,No
3596-DWSKK,Male,0,Yes,Yes,14,No,No phone service,DSL,No,No,No,No,Yes,No,Month-to-month,Yes,Electronic check,52.0,752.22,Yes
1711-GYADW,Female,1,No,No,17,Yes,Yes,No,No internet service,No internet service,No internet service,No internet service,No internet service,No internet service,Month-to-month,No,Mailed check,34.74,572.06,No
5682-AMTJK,Male,0,No,No,37,Yes,Yes,DSL,No,No,No,No,Yes,Yes,Month-to-month,No,Mailed check,76.76,2829.77,No
6681-QXFGD,Male,0,No,Yes,10,Yes,No,Fiber optic,No,No,Yes,No,No,No,One year,No,Mailed check,94.9,928.41,Yes
6983-NJSKE,Male,0,Yes,No,53,Yes,No,DSL,No,No,Yes,Yes,Yes,No,Month-to-month,Yes,Mailed check,81.45,4282.79,No
5858-LKLXF,Male,0,No,No,67,Yes,No,Fiber optic,No,No,No,Yes,Yes,No,Month-to-month,Yes,Mailed check,101.72,6817.17,No
3482-PBDPN,Male,0,Yes,No,19,Yes,Yes,DSL,No,No,No,No,No,No,Month-to-month,Yes,Credit card (automatic),60.4,1162.08,No
6874-CWMDH,Female,0,Yes,Yes,23,Yes,Yes,DSL,No,No,Yes,No,No,No,Month-to-month,No,Electronic check,78.47,1828.58,Yes
3046-LMLMX,Male,0,No,No,30,Yes,Yes,DSL,No,No,No,No,No,Yes,One year,Yes,Mailed check,72.37,2185.91,Yes
9631-MZVVF,Female,1,No,No,6,Yes,No,DSL,Yes,No,No,Yes,No,Yes,Month-to-month,Yes,Mailed check,86.58,512.48,No
4945-JCBQL,Male,0,No,Yes,12,Yes,Yes,DSL,No,No,No,No,No,Yes,Month-to-month,No,Credit card (automatic),68.11,818.09,No
8430-SCWMP,Female,0,No,Yes,69,Yes,No,Fiber optic,No,No,Yes,No,Yes,No,Two year,No,Mailed check,97.44,6726.27,No
9690-RAELA,Female,0,No,No,67,Yes,No,DSL,No,No,Yes,No,No,No,One year,Yes,Electronic check,68.96,4630.0,No
2507-VDENC,Male,0,Yes,No,36,Yes,Yes,Fiber optic,Yes,No,Yes,No,No,No,Two year,No,Electronic check,104.26,3758.62,No
3300-YRZJQ,Male,0,Yes,Yes,54,Yes,No,DSL,No,No,No,No,No,No,Month-to-month,Yes,Electronic check,61.28,3307.44,No
3146-KEVEE,Female,0,No,No,3,Yes,Yes,Fiber optic,No,No,No,No,No,No,One year,No,Bank transfer (automatic),92.79,299.01,No
5173-LHJHX,Female,0,No,No,2,Yes,Yes,Fiber optic,No,Yes,No,No,Yes,Yes,Month-to-month,Yes,Mailed check,109.12,211.8,Yes
6222-YZRVC,Female,0,No,No,64,No,No phone service,Fiber optic,Yes,Yes,No,No,No,Yes,Month-to-month,Yes,Electronic check,88.87,5697.11,No
9543-MTFCX,Male,0,Yes,Yes,1,No,No phone service,Fiber optic,Yes,No,No,Yes,No,No,One year,No,Electronic check,85.6,98.77,No
5044-DRBLS,Female,1,Yes,Yes,51,Yes,No,No,No internet service,No internet service,No internet service,No internet service,No internet service,No internet service,Month-to-month,Yes,Credit card (automatic),36.02,1811.51,No
7483-LJWEB,Male,0,Yes,No,72,Yes,Yes,Fiber optic,No,No,No,No,No,No,Month-to-month,No,Bank transfer (automatic),85.03,,No
2411-VMAEA,Male,0,No,No,57,Yes,No,Fiber optic,Yes,No,No,Yes,No,Yes,Month-to-month,Yes,Credit card (automatic),105.03,5963.17,No
8329-MBFQQ,Female,0,Yes,No,28,Yes,Yes,Fiber optic,No,No,Yes,Yes,No,No,Month-to-month,Yes,Electronic check,109.44,3073.02,No
8372-ABAKT,Male,0,Yes,No,39,Yes,Yes,DSL,No,No,Yes,No,No,No,One year,Yes,Mailed check,70.26,2746.6,No
6966-FRRET,Male,0,No,No,43,No,No phone service,Fiber optic,Yes,Yes,Yes,No,Yes,No,Month-to-month,No,Electronic check,92.78,3982.46,No
4800-BKUSG,Male,0,Yes,No,32,Yes,Yes,DSL,No,No,No,Yes,No,No,Month-to-month,Yes,Electronic check,63.16,2033.77,Yes
7811-KMCZW,Male,0,Yes,Yes,69,Yes,No,DSL,No,Yes,No,No,Yes,No,One year,No,Mailed check,80.75,5565.88,No
2754-PUNFZ,Female,0,No,Yes,3,Yes,No,Fiber optic,No,No,No,Yes,No,Yes,Month-to-month,Yes,Electronic check,93.45,295.7,Yes
3419-JJXNT,Male,0,Yes,Yes,69,Yes,Yes,DSL,No,No,No,No,Yes,No,Month-to-month,Yes,Credit card (automatic),70.3,4867.32,No
9110-YWXYZ,Male,0,No,Yes,62,Yes,No,Fiber optic,No,Yes,No,No,No,No,Month-to-month,Yes,Mailed check,91.54,5664.02,No
6787-DCVHV,Female,0,No,No,7,Yes,Yes,Fiber optic,No,Yes,No,No,Yes,No,Month-to-month,Yes,Electronic check,105.2,721.1,Yes
9411-RUGLZ,Male,0,Yes,Yes,41,Yes,No,No,No internet service,No internet service,No internet service,No internet service,No internet service,No internet service,Two year,Yes,Mailed check,34.31,1383.27,No
8350-EYMWN,Male,0,Yes,No,46,Yes,No,Fiber optic,No,No,No,No,No,Yes,Two year,No,Credit card (automatic),93.34,4281.86,No
6434-DJTWC,Female,0,No,Yes,71,Yes,No,No,No internet service,No internet service,No internet service,No internet service,No internet service,No internet service,Month-to-month,Yes,Credit card (automatic),42.95,3059.32,No
1691-SLWBJ,Male,0,No,No,72,Yes,No,DSL,No,Yes,Yes,Yes,Yes,No,Month-to-month,Yes,Electronic check,89.94,6474.8,No
1318-TWDHW,Female,0,No,No,34,Yes,Yes,DSL,Yes,Yes,No,No,Yes,No,One year,Yes,Credit card (automatic),87.6,2986.16,No
1372-YXDDS,Male,0,Yes,No,13,Yes,No,Fiber optic,Yes,No,No,Yes,Yes,No,Two year,No,Electronic check,101.76,1341.99,No
1090-NBNJS,Female,0,No,No,58,Yes,No,Fiber optic,No,Yes,Yes,No,Yes,Yes,One year,No,Bank transfer (automatic),113.66,6602.8,No
8925-MRQZF,Female,1,No,No,48,Yes,No,DSL,No,No,Yes,No,Yes,No,One year,Yes,Bank transfer (automatic),74.87,3588.64,No
3150-KTWGC,Female,0,Yes,Yes,37,Yes,No,Fiber optic,No,Yes,No,No,No,Yes,Month-to-month,Yes,Credit card (automatic),100.49,3718.78,No
6477-QJEWW,Male,0,No,No,56,Yes,No,Fiber optic,No,No,Yes,No,No,Yes,Two year,Yes,Mailed check,102.4,5737.5,No
7727-PGKBF,Male,0,Yes,Yes,6,Yes,No,Fiber optic,No,No,Yes,No,Yes,No,Month-to-month,Yes,Bank transfer (automatic),103.67,595.69,No
5053-LBYGN,Male,1,Yes,Yes,5,Yes,No,No,No internet service,No internet service,No internet service,No internet service,No internet service,No internet service,Month-to-month,No,Bank transfer (automatic),44.83,239.39,No
5186-MWTWK,Female,1,Yes,Yes,35,Yes,No,DSL,No,No,No,Yes,Yes,Yes,Month-to-month,Yes,Electronic check,81.61,2840.25,No
3386-LPJMD,Male,0,Yes,No,28,No,No phone service,DSL,Yes,No,No,No,No,No,Month-to-month,No,Credit card (automatic),52.65,1489.53,Yes
6254-TNWZX,Male,0,No,No,11,Yes,Yes,Fiber optic,No,No,No,Yes,No,No,Month-to-month,No,Credit card (automatic),103.74,1153.69,Yes
1836-XJLKG,Male,0,Yes,No,14,Yes,Yes,Fiber optic,Yes,Yes,No,No,No,No,Two year,Yes,Mailed check,107.39,1500.99,No
8894-RZYLT,Male,0,Yes,No,35,Yes,Yes,No,No internet service,No internet service,No internet service,No internet service,No internet service,No internet service,One year,No,Credit card (automatic),44.65,1588.01,No
5520-MTSXU,Male,0,Yes,No,4,Yes,No,DSL,Yes,No,Yes,No,No,Yes,Month-to-month,No,Bank transfer (automatic),86.74,320.72,No
6598-YCUKL,Male,0,No,No,51,No,No phone service,Fiber optic,No,No,No,No,No,Yes,Month-to-month,Yes,Bank transfer (automatic),72.09,3696.96,No
8034-GXMJH,Female,1,No,No,7,Yes,No,Fiber optic,Yes,No,Yes,No,Yes,Yes,Month-to-month,No,Bank transfer (automatic),118.71,836.38,Yes
4787-YCNWM,Male,0,Yes,Yes,48,Yes,Yes,Fiber optic,No,Yes,Yes,No,No,Yes,One year,No,Bank transfer (automatic),101.22,4884.78,No
6093-JDRYN,Female,0,No,No,24,No,No phone service,DSL,No,Yes,No,No,No,No,Two year,Yes,Electronic check,53.52,1265.02,No
4887-DYWXJ,Female,0,No,No,11,No,No phone service,Fiber optic,No,No,No,Yes,No,No,Month-to-month,No,Electronic check,72.53,794.43,Yes
6627-LFEKP,Male,0,No,No,42,Yes,No,Fiber optic,No,Yes,No,No,No,Yes,Month-to-month,Yes,Mailed check,97.98,4107.55,No
2097-SLXGB,Female,0,No,No,46,No,No phone service,No,No internet service,No internet service,No internet service,No internet service,No internet service,No internet service,Month-to-month,No,Bank transfer (automatic),18.72,846.65,No
3808-ZHSWG,Male,0,Yes,No,69,Yes,No,Fiber optic,Yes,No,No,No,Yes,No,Month-to-month,No,Electronic check,97.43,6746.44,No
6782-EJHSX,Male,0,No,No,31,Yes,Yes,DSL,No,No,No,No,No,No,One year,Yes,Electronic check,66.45,2050.74,No
3271-GVMNS,Male,0,No,No,68,Yes,Yes,Fiber optic,No,No,No,No,No,No,Month-to-month,Yes,Electronic check,91.81,6243.9,No
2238-WJRLU,Male,0,No,No,34,No,No phone service,DSL,No,No,No,No,No,Yes,Two year,No,Credit card (automatic),54.27,1843.92,No
6503-EEXNG,Female,0,No,No,63,Yes,No,Fiber optic,No,Yes,Yes,No,Yes,No,One year,Yes,Credit card (automatic),112.18,7065.81,Yes
2289-DYZKE,Male,0,No,No,20,Yes,Yes,No,No internet service,No internet service,No internet service,No internet service,No internet service,No internet service,Month-to-month,Yes,Electronic check,45.17,888.1,No
4769-DPRZH,Male,0,No,No,56,Yes,No,Fiber optic,No,No,Yes,Yes,No,Yes,Month-to-month,Yes,Bank transfer (automatic),102.69,5737.07,No
2780-DKQBU,Male,0,Yes,Yes,16,No,No phone service,Fiber optic,Yes,No,Yes,No,No,No,One year,Yes,Bank transfer (automatic),78.61,1259.79,No
5140-VMDAP,Male,0,No,No,2,Yes,No,DSL,Yes,No,Yes,No,No,No,Two year,Yes,Electronic check,70.65,144.12,No
5854-VXDHE,Female,0,No,No,9,No,No phone service,DSL,No,Yes,Yes,No,No,Yes,Month-to-month,Yes,Mailed check,62.68,560.31,Yes
1960-ABNDE,Male,0,No,No,29,Yes,No,No,No internet service,No internet service,No internet service,No internet service,No internet service,No internet service,Two year,Yes,Electronic check,34.44,951.03,No
2060-TRZCF,Female,0,Yes,No,9,Yes,No,Fiber optic,No,No,Yes,No,Yes,Yes,Month-to-month,Yes,Mailed check,110.71,1033.7,Yes
5100-RDFLA,Male,0,No,No,56,Yes,No,Fiber optic,No,No,No,No,No,Yes,Month-to-month,No,Electronic check,96.44,5405.97,No
4557-UNLMY,Male,0,Yes,No,6,Yes,Yes,No,No internet service,No internet service,No internet service,No internet service,No internet service,No internet service,Month-to-month,Yes,Electronic check,44.77,268.82,No
5683-NYDCL,Male,0,Yes,No,70,Yes,Yes,DSL,No,No,No,No,No,No,Month-to-month,No,Credit card (automatic),66.6,4659.56,Yes
3866-ECXQS,Male,0,Yes,No,25,Yes,No,No,No internet service,No internet service,No internet service,No internet service,No internet service,No internet service,One year,No,Mailed check,45.99,1155.29,No
2062-JQNSS,Male,0,Yes,No,33,Yes,Yes,DSL,No,No,No,No,Yes,No,Two year,No,Electronic check,71.78,2367.73,No
4719-UGBXA,Female,0,Yes,No,54,Yes,No,Fiber optic,Yes,Yes,No,Yes,Yes,No,Month-to-month,Yes,Electronic check,116.92,6330.15,No
3552-CFKDM,Female,0,Yes,Yes,51,Yes,Yes,DSL,No,No,Yes,No,No,Yes,Month-to-month,No,Electronic check,68.61,3502.31,No
9344-DYKQL,Female,0,Yes,No,61,Yes,Yes,No,No internet service,No internet service,No internet service,No internet service,No internet service,No internet service,One year,No,Electronic check,35.36,2155.4,No
3849-CQXNQ,Female,1,Yes,Yes,72,Yes,No,Fiber optic,No,Yes,Yes,No,No,Yes,One year,Yes,Electronic check,113.54,8189.22,No
6793-KCNWH,Female,0,Yes,Yes,22,No,No phone service,Fiber optic,No,No,Yes,No,Yes,No,Month-to-month,No,Electronic check,83.2,1819.7,Yes
8842-WFPTM,Male,0,No,No,45,Yes,No,Fiber optic,No,Yes,No,No,No,Yes,One year,Yes,Mailed check,103.52,4667.49,No
7293-XRWVV,Male,0,No,No,48,No,No phone service,No,No internet service,No internet service,No internet service,No internet service,No internet service,No internet service,Month-to-month,Yes,Bank transfer (automatic),19.88,953.4,No
8670-FADFS,Male,1,Yes,No,56,Yes,Yes,DSL,No,No,Yes,No,No,Yes,Month-to-month,Yes,Credit card (automatic),76.53,4280.06,No
5588-MASJU,Female,1,No,No,21,Yes,No,No,No internet service,No internet service,No internet service,No internet service,No internet service,No internet service,Two year,Yes,Electronic check,45.9,947.46,No
2014-HBGYM,Female,0,No,No,70,Yes,No,No,No internet service,No internet service,No internet service,No internet service,No internet service,No internet service,Two year,No,Electronic check,36.67,2563.35,No
4955-GGSZT,Male,0,No,No,17,Yes,Yes,Fiber optic,No,No,No,Yes,No,No,Two year,No,Electronic check,96.42,1643.42,No
7632-MCTVN,Male,0,Yes,No,51,No,No phone service,DSL,No,No,No,No,Yes,Yes,Two year,No,Mailed check,57.66,2925.7,No
1823-TYFDT,Female,0,No,No,64,Yes,Yes,DSL,No,No,Yes,Yes,Yes,Yes,One year,Yes,Electronic check,90.32,5781.03,No
3986-TSGBP,Female,0,Yes,No,9,Yes,No,Fiber optic,Yes,No,No,No,No,No,Month-to-month,No,Electronic check,103.25,938.4,Yes
4669-WJFWT,Male,0,Yes,Yes,39,Yes,No,No,No internet service,No internet service,No internet service,No internet service,No internet service,No internet service,Month-to-month,Yes,Credit card (automatic),39.96,1531.63,No
6564-YUWVK,Male,0,No,No,71,No,No phone service,No,No internet service,No internet service,No internet service,No internet service,No internet service,No internet service,Two year,Yes,Bank transfer (automatic),18.42,1324.26,No
1561-QUZSP,Female,0,Yes,Yes,10,No,No phone service,Fiber optic,No,Yes,No,No,Yes,No,Month-to-month,Yes,Credit card (automatic),82.0,799.93,Yes
6180-CABXU,Female,0,Yes,Yes,58,Yes,Yes,DSL,No,No,No,No,Yes,No,Two year,Yes,Mailed check,65.05,3774.26,No
3341-LMFLJ,Male,0,Yes,No,61,Yes,Yes,Fiber optic,No,No,Yes,No,Yes,Yes,Month-to-month,No,Credit card (automatic),105.98,6467.0,No
7252-UCMZW,Male,0,No,Yes,19,Yes,Yes,DSL,Yes,No,Yes,No,No,No,One year,Yes,Mailed check,74.25,1412.99,No
8143-TAZTX,Female,0,Yes,Yes,51,Yes,No,Fiber optic,No,No,No,No,No,Yes,Month-to-month,Yes,Electronic check,89.66,4584.69,No
9179-GARMA,Female,0,Yes,Yes,72,Yes,Yes,Fiber optic,No,No,No,No,No,No,Two year,Yes,Mailed check,92.31,6640.61,No
3437-ZJGRR,Male,1,Yes,No,28,Yes,Yes,Fiber optic,No,Yes,Yes,No,No,Yes,One year,Yes,Credit card (automatic),106.02,2969.33,No
3988-WPDHW,Female,0,Yes,Yes,5,Yes,Yes,DSL,No,No,No,No,No,No,Month-to-month,Yes,Credit card (automatic),62.53,325.95,No
1803-ARLGM,Female,0,Yes,No,18,Yes,Yes,DSL,No,No,Yes,No,No,Yes,Month-to-month,No,Electronic check,74.92,1324.45,No
2652-JFQSX,Male,0,Yes,No,68,No,No phone service,DSL,No,No,No,No,Yes,No,Month-to-month,No,Credit card (automatic),49.34,3362.73,No
1609-HGPNX,Male,0,Yes,No,67,Yes,Yes,No,No internet service,No internet service,No internet service,No internet service,No internet service,No internet service,Month-to-month,No,Mailed check,41.96,2807.57,No
9270-UEAXY,Male,0,Yes,No,61,Yes,No,No,No internet service,No internet service,No internet service,No internet service,No internet service,No internet service,Month-to-month,No,Mailed check,41.83,2554.27,No
3253-BSQXP,Female,0,No,No,42,Yes,No,No,No internet service,No internet service,No internet service,No internet service,No internet service,No internet service,Month-to-month,No,Electronic check,42.01,1764.26,No
7842-UADUE,Female,0,No,No,20,Yes,No,Fiber optic,No,No,No,No,No,Yes,Two year,Yes,Bank transfer (automatic),94.46,1858.44,No
2854-UEDAM,Male,0,Yes,No,45,Yes,Yes,Fiber optic,Yes,No,No,No,No,No,Month-to-month,Yes,Bank transfer (automatic),97.74,4402.76,No
6730-TXRUF,Male,0,Yes,No,62,No,No phone service,DSL,No,No,Yes,No,Yes,No,Month-to-month,No,Credit card (automatic),53.51,3321.71,No
4063-HBZFL,Female,0,No,No,59,Yes,Yes,Fiber optic,No,No,No,No,No,Yes,Month-to-month,No,Credit card (automatic),96.72,5687.04,No
4212-BXFCJ,Female,0,No,No,4,Yes,No,DSL,Yes,No,No,No,No,No,One year,Yes,Bank transfer (automatic),74.74,309.74,No
2293-ZEHGA,Female,0,Yes,No,51,Yes,Yes,Fiber optic,No,No,No,No,No,Yes,Month-to-month,Yes,Electronic check,97.2,4962.42,Yes
1116-NFCGG,Male,1,Yes,Yes,69,Yes,No,Fiber optic,Yes,No,No,No,Yes,No,Month-to-month,Yes,Electronic check,101.17,7001.92,No
4816-ZHSUB,Male,0,No,No,9,Yes,No,DSL,Yes,No,No,Yes,No,No,Month-to-month,Yes,Mailed check,73.8,649.56,No
5511-LNEMC,Male,0,Yes,Yes,44,Yes,No,Fiber optic,Yes,No,No,Yes,Yes,Yes,Month-to-month,No,Electronic check,110.32,4869.66,No
9511-QANYT,Male,0,Yes,Yes,45,Yes,Yes,No,No internet service,No internet service,No internet service,No internet service,No internet service,No internet service,One year,Yes,Bank transfer (automatic),45.39,2043.74,No
3456-XEFDY,Female,0,Yes,No,38,Yes,Yes,Fiber optic,Yes,Yes,No,Yes,Yes,No,Two year,Yes,Electronic check,109.72,4184.77,Yes
7451-NSGBW,Male,0,No,No,54,Yes,No,DSL,No,No,No,Yes,No,No,Two year,Yes,Electronic check,74.4,4005.44,No
9676-ABPBT,Female,0,Yes,Yes,72,Yes,No,Fiber optic,No,No,No,No,No,No,Month-to-month,No,Electronic check,83.75,6025.94,No
9507-GHWJF,Male,0,Yes,Yes,47,Yes,Yes,Fiber optic,Yes,Yes,No,No,Yes,Yes,Month-to-month,No,Credit card (automatic),108.79,5127.95,Yes
1758-WYBVD,Female,0,Yes,No,1,Yes,No,Fiber optic,No,No,No,No,No,Yes,Month-to-month,Yes,Bank transfer (automatic),95.12,98.86,Yes
2249-KLWSD,Female,0,No,No,37,No,No phone service,No,No internet service,No internet service,No internet service,No internet service,No internet service,No internet service,One year,Yes,Mailed check,21.35,809.39,No
6256-XRFDL,Male,1,No,No,37,Yes,Yes,DSL,No,No,Yes,Yes,No,Yes,Two year,Yes,Mailed check,86.8,3224.21,No
5249-JCCNY,Male,0,No,No,19,Yes,Yes,DSL,Yes,No,No,Yes,No,Yes,Two year,No,Electronic check,84.14,1622.21,No
6380-LYSTP,Male,0,No,No,53,Yes,No,Fiber optic,No,No,Yes,No,Yes,No,Two year,Yes,Credit card (automatic),102.76,5446.41,No
7865-NQQUX,Male,0,No,No,41,Yes,No,DSL,No,No,No,Yes,No,Yes,One year,Yes,Electronic check,78.48,3215.75,No
3648-SANXR,Male,0,Yes,Yes,8,Yes,No,DSL,Yes,Yes,No,No,No,Yes,Month-to-month,Yes,Electronic check,89.34,730.71,Yes
3409-QJLFQ,Male,0,No,No,56,Yes,No,Fiber optic,No,No,No,Yes,No,No,Two year,No,Mailed check,98.72,5557.65,No
2784-LYUKZ,Male,0,No,No,1,Yes,Yes,Fiber optic,No,No,No,No,Yes,Yes,Month-to-month,No,Electronic check,96.22,90.24,Yes
1125-ZJVYQ,Male,0,Yes,Yes,63,Yes,No,Fiber optic,No,Yes,Yes,No,No,No,Month-to-month,Yes,Mailed check,104.12,6540.27,No
6493-TFEJM,Male,0,No,No,44,Yes,No,Fiber optic,No,No,Yes,No,No,No,Two year,Yes,Credit card (automatic),99.31,4376.25,No
7685-GPAAZ,Male,0,Yes,No,72,Yes,No,No,No internet service,No internet service,No internet service,No internet service,No internet service,No internet service,Month-to-month,Yes,Bank transfer (automatic),44.08,3195.11,No
8651-WHNSG,Female,1,Yes,No,24,Yes,No,No,No internet service,No internet service,No internet service,No internet service,No internet service,No internet service,Month-to-month,Yes,Electronic check,34.82,818.78,No
7699-SKLHV,Female,0,Yes,No,16,Yes,No,Fiber optic,No,No,Yes,No,Yes,Yes,Month-to-month,Yes,Electronic check,109.0,1733.52,Yes
9881-ZUJUF,Male,0,No,No,35,Yes,Yes,Fiber optic,No,No,No,Yes,Yes,Yes,Two year,Yes,Mailed check,102.07,3575.55,No
9068-GKCBK,Male,0,No,No,58,Yes,Yes,Fiber optic,No,Yes,No,No,No,Yes,Month-to-month,No,Electronic check,98.72,5706.8,No
5951-AWCZG,Male,0,No,No,45,Yes,Yes,Fiber optic,No,No,No,No,Yes,Yes,Month-to-month,No,Electronic check,102.95,4634.62,No
4410-DVTBC,Female,0,No,No,32,Yes,No,Fiber optic,No,Yes,Yes,No,Yes,No,Month-to-month,Yes,Electronic check,113.69,3641.88,No
6481-WCFPC,Female,1,Yes,No,28,Yes,Yes,DSL,No,Yes,Yes,No,Yes,No,Month-to-month,No,Electronic check,87.86,2484.17,Yes
3740-AMTKG,Female,0,No,No,57,No,No phone service,Fiber optic,No,No,No,No,No,No,Month-to-month,Yes,Electronic check,70.86,4031.55,No
4818-NDCEZ,Male,0,Yes,Yes,15,Yes,Yes,No,No internet service,No internet service,No internet service,No internet service,No internet service,No internet service,One year,Yes,Mailed check,36.19,509.0,No
7505-DHKEW,Male,0,No,No,2,No,No phone service,DSL,Yes,Yes,Yes,No,No,No,Month-to-month,Yes,Credit card (automatic),66.95,162.02,Yes
9464-FAGPV,Male,0,Yes,No,17,Yes,Yes,Fiber optic,No,No,No,No,No,Yes,Month-to-month,Yes,Bank transfer (automatic),102.96,1758.27,Yes
4055-GFAAL,Female,1,Yes,Yes,15,Yes,No,DSL,No,Yes,No,No,Yes,Yes,Two year,No,Electronic check,74.35,1126.93,No
6557-AEXZR,Male,0,No,No,13,Yes,Yes,Fiber optic,No,Yes,Yes,No,No,No,Month-to-month,Yes,Mailed check,104.98,1364.05,No
5694-PJEKS,Female,1,Yes,Yes,22,Yes,Yes,Fiber optic,Yes,Yes,Yes,No,No,No,One year,Yes,Electronic check,103.57,2294.93,No
6962-SQBRX,Male,1,Yes,No,52,Yes,No,Fiber optic,No,No,No,Yes,No,No,Month-to-month,No,Electronic check,95.06,4957.62,No
6839-PFVLG,Female,0,No,No,18,Yes,Yes,No,No internet service,No internet service,No internet service,No internet service,No internet service,No internet service,Month-to-month,Yes,Mailed check,41.66,744.17,No
5408-CYSHV,Female,0,No,Yes,9,Yes,Yes,DSL,Yes,No,No,No,No,Yes,One year,Yes,Electronic check,72.82,666.54,No
1487-KRATV,Male,0,Yes,Yes,29,Yes,No,Fiber optic,No,Yes,No,Yes,No,Yes,Two year,No,Bank transfer (automatic),104.45,3012.96,No
6346-ETJTR,Male,0,No,No,70,Yes,Yes,DSL,No,Yes,Yes,No,No,No,Two year,Yes,Electronic check,76.35,5289.44,No
1840-CABHA,Female,0,No,No,68,Yes,No,No,No internet service,No internet service,No internet service,No internet service,No internet service,No internet service,Two year,No,Electronic check,41.48,2829.24,No
9445-XEHTR,Female,0,Yes,No,0,Yes,No,Fiber optic,No,No,Yes,No,No,No,Month-to-month,No,Bank transfer (automatic),96.56, ,Yes
6233-ZRSNN,Male,0,Yes,No,0,Yes,Yes,DSL,No,No,No,No,No,Yes,Month-to-month,No,Bank transfer (automatic),73.41, ,Yes
3619-NYKDQ,Male,0,No,No,22,Yes,No,Fiber optic,No,Yes,Yes,Yes,No,Yes,Two year,Yes,Credit card (automatic),118.14,2615.08,No
8065-ZPUGL,Female,0,No,No,10,No,No phone service,Fiber optic,No,No,No,No,Yes,Yes,Two year,No,Electronic check,83.6,826.77,No
4770-HTXHD,Female,0,Yes,No,58,Yes,Yes,Fiber optic,No,No,Yes,No,Yes,Yes,Month-to-month,Yes,Credit card (automatic),108.75,6324.04,No
8428-WYGTT,Male,0,No,No,10,Yes,No,No,No internet service,No internet service,No internet service,No internet service,No internet service,No internet service,Month-to-month,Yes,Mailed check,48.14,473.17,No
8109-VYMBE,Female,0,No,No,6,Yes,Yes,No,No internet service,No internet service,No internet service,No internet service,No internet service,No internet service,Month-to-month,No,Credit card (automatic),38.97,236.49,No
8978-WAJFH,Male,0,No,No,16,Yes,Yes,Fiber optic,No,Yes,Yes,No,Yes,No,One year,No,Electronic check,108.15,1710.15,Yes
6748-NMLRS,Male,0,No,No,42,Yes,No,Fiber optic,Yes,No,Yes,No,No,No,One year,No,Credit card (automatic),99.93,4186.55,No
1391-DJLZX,Female,0,No,No,12,Yes,No,DSL,No,No,Yes,No,No,No,Month-to-month,No,Credit card (automatic),64.98,774.02,No
6838-ACLQR,Female,0,Yes,No,21,Yes,Yes,DSL,No,No,No,No,No,No,Month-to-month,No,Electronic check,58.49,1196.03,Yes
2277-XMQAV,Male,0,No,No,36,Yes,Yes,No,No internet service,No internet service,No internet service,No internet service,No internet service,No internet service,Two year,Yes,Electronic check,36.41,1334.9,No
5886-FHJAY,Female,0,No,No,70,Yes,No,DSL,No,No,Yes,Yes,Yes,No,Month-to-month,Yes,Bank transfer (automatic),82.18,5731.95,No
8226-XJPLM,Male,0,No,No,63,Yes,Yes,DSL,Yes,No,No,No,No,No,Two year,No,Electronic check,75.07,4717.0,No
6299-LUBEX,Female,0,No,No,15,Yes,Yes,Fiber optic,No,No,No,No,No,Yes,Two year,Yes,Electronic check,98.8,1500.41,No
8940-VJLAG,Female,0,Yes,No,21,Yes,No,Fiber optic,No,No,Yes,No,No,Yes,Two year,Yes,Credit card (automatic),105.14,2213.74,No
7537-JMCMT,Female,0,No,No,5,Yes,No,No,No internet service,No internet service,No internet service,No internet service,No internet service,No internet service,Month-to-month,No,Bank transfer (automatic),35.96,193.61,No
6148-PXFHQ,Male,0,No,No,21,Yes,No,No,No internet service,No internet service,No internet service,No internet service,No internet service,No internet service,One year,Yes,Credit card (automatic),42.04,900.15,No
5321-ZBCJM,Male,1,Yes,Yes,44,Yes,No,Fiber optic,No,Yes,Yes,No,Yes,Yes,One year,No,Credit card (automatic),114.44,5048.01,No
9013-MLELN,Male,0,Yes,Yes,37,Yes,Yes,No,No internet service,No internet service,No internet service,No internet service,No internet service,No internet service,Month-to-month,Yes,Bank transfer (automatic),46.65,1733.22,No
6253-QLDDD,Female,0,No,No,27,Yes,No,Fiber optic,Yes,Yes,No,Yes,No,No,Month-to-month,No,Bank transfer (automatic),109.05,2939.47,Yes
6566-WXHBR,Male,0,Yes,No,1,Yes,Yes,Fiber optic,No,No,No,No,No,Yes,Month-to-month,Yes,Bank transfer (automatic),88.29,79.47,Yes
1345-RKWRT,Female,0,No,No,65,Yes,Yes,Fiber optic,No,No,No,No,Yes,No,Month-to-month,No,Mailed check,97.33,6355.69,Yes
4651-WNRJL,Female,0,Yes,Yes,28,Yes,Yes,No,No internet service,No internet service,No internet service,No internet service,No internet service,No internet service,Month-to-month,No,Electronic check,39.53,1116.51,No
8560-KAKKL,Male,0,No,No,66,Yes,Yes,DSL,No,No,No,No,No,No,Month-to-month,No,Bank transfer (automatic),69.96,4626.8,No
1635-DHLAK,Female,0,Yes,No,53,Yes,No,Fiber optic,No,Yes,No,No,No,No,Two year,Yes,Credit card (automatic),98.03,5195.85,No
3880-AGGDU,Male,0,No,No,58,Yes,Yes,Fiber optic,No,No,No,Yes,No,No,Two year,Yes,Electronic check,103.2,6003.43,No
1651-PRVPP,Female,1,No,No,30,Yes,Yes,Fiber optic,Yes,No,No,No,Yes,No,One year,Yes,Electronic check,101.51,3064.6,Yes
7846-WFVMC,Male,0,Yes,No,9,Yes,No,Fiber optic,Yes,No,No,No,No,No,Two year,Yes,Credit card (automatic),98.46,875.58,No
6511-ZDAXQ,Female,0,No,No,16,No,No phone service,DSL,No,Yes,Yes,No,No,No,Month-to-month,Yes,Electronic check,54.99,904.43,No
2971-VKHGQ,Male,0,Yes,No,48,No,No phone service,Fiber optic,Yes,No,Yes,Yes,Yes,No,One year,Yes,Mailed check,91.78,4426.75,No
2210-JHBUA,Female,0,Yes,Yes,42,Yes,Yes,No,No internet service,No internet service,No internet service,No internet service,No internet service,No internet service,Month-to-month,No,Bank transfer (automatic),46.71,1927.27,No
9636-CJCJQ,Female,0,No,No,6,Yes,Yes,Fiber optic,No,No,Yes,No,Yes,No,Month-to-month,No,Electronic check,100.67,618.31,Yes
1787-NULCS,Female,0,No,Yes,62,Yes,Yes,Fiber optic,Yes,No,No,Yes,No,No,One year,No,Mailed check,103.35,6429.12,No
2678-ALGAU,Female,0,No,No,1,Yes,Yes,DSL,Yes,No,No,No,No,No,Two year,No,Bank transfer (automatic),74.96,62.5,No
6396-XMLWB,Female,0,No,No,34,Yes,No,Fiber optic,No,Yes,No,No,Yes,No,Month-to-month,Yes,Electronic check,104.07,3561.75,Yes
4254-VHXGK,Female,0,No,Yes,14,Yes,No,Fiber optic,No,No,Yes,No,No,No,One year,No,Mailed check,94.79,1315.48,No
9075-FZBGQ,Female,0,Yes,No,12,Yes,No,Fiber optic,Yes,Yes,Yes,Yes,No,No,Month-to-month,Yes,Mailed check,116.07,1385.4,Yes
6346-XZSRH,Male,0,Yes,Yes,36,Yes,No,No,No internet service,No internet service,No internet service,No internet service,No internet service,No internet service,One year,Yes,Mailed check,45.19,1632.59,No
8250-RAVJM,Female,0,No,No,23,Yes,Yes,Fiber optic,Yes,Yes,No,No,No,No,Month-to-month,No,Electronic check,94.7,2178.67,Yes
5374-VGKAJ,Male,0,Yes,Yes,32,Yes,No,Fiber optic,No,Yes,No,No,No,No,Month-to-month,Yes,Credit card (automatic),96.55,3091.55,No
1795-PXMXZ,Male,1,No,No,69,Yes,No,No,No internet service,No internet service,No internet service,No internet service,No internet service,No internet service,Month-to-month,No,Credit card (automatic),38.52,2651.62,No
1484-NNKVK,Female,0,No,No,56,Yes,No,Fiber optic,No,No,No,No,No,No,Month-to-month,Yes,Credit card (automatic),90.15,5028.5,No
1496-PEJNT,Male,0,No,No,23,Yes,Yes,Fiber optic,No,No,No,Yes,Yes,No,One year,Yes,Mailed check,100.55,2312.35,No
3503-KBKPQ,Male,1,Yes,Yes,38,Yes,Yes,Fiber optic,Yes,Yes,Yes,No,No,Yes,One year,Yes,Bank transfer (automatic),110.97,4230.66,No
3638-BPRCN,Male,1,No,No,27,Yes,Yes,DSL,No,No,Yes,No,No,Yes,Two year,No,Credit card (automatic),74.28,1986.61,No
1855-LRTTU,Male,0,Yes,No,19,Yes,Yes,DSL,No,No,Yes,No,No,Yes,Two year,No,Credit card (automatic),75.05,1425.52,No
3170-WJJUH,Female,1,No,No,33,Yes,No,DSL,No,No,Yes,No,No,No,Month-to-month,No,Credit card (automatic),78.76,2597.84,No
1673-TRPDR,Female,0,No,No,10,Yes,No,Fiber optic,No,No,No,No,No,No,One year,Yes,Electronic check,91.17,901.83,No
2785-PNUZE,Female,0,No,Yes,17,Yes,No,Fiber optic,No,No,Yes,Yes,No,No,Month-to-month,No,Electronic check,101.46,1730.61,No
2032-PYDMK,Female,0,Yes,Yes,41,Yes,No,No,No internet service,No internet service,No internet service,No internet service,No internet service,No internet service,Month-to-month,Yes,Mailed check,42.31,1741.27,No
3862-RHMWK,Female,0,Yes,Yes,53,Yes,No,DSL,No,No,No,Yes,Yes,No,Two year,Yes,Bank transfer (automatic),77.07,4070.99,No
1189-XGUUN,Male,1,Yes,Yes,49,Yes,Yes,Fiber optic,No,No,Yes,Yes,No,Yes,Two year,No,Credit card (automatic),113.95,5584.19,No
1790-YSLWU,Female,0,No,No,72,Yes,No,DSL,No,Yes,No,Yes,No,Yes,Month-to-month,No,Electronic check,83.82,6045.35,No
7841-ERGBJ,Male,0,No,No,15,Yes,No,Fiber optic,No,Yes,Yes,No,No,Yes,Two year,No,Mailed check,109.64,1663.96,No
1936-CTNKE,Female,0,No,No,8,Yes,Yes,No,No internet service,No internet service,No internet service,No internet service,No internet service,No internet service,Two year,No,Mailed check,33.41,237.72,No
7937-RQECC,Male,1,Yes,No,46,Yes,No,Fiber optic,No,No,No,No,No,Yes,Month-to-month,Yes,Bank transfer (automatic),96.25,4442.37,No
1225-ZJRZY,Female,0,Yes,No,41,Yes,No,Fiber optic,No,Yes,No,No,Yes,No,One year,No,Mailed check,106.54,4385.79,No
3884-MMAUP,Female,0,No,No,62,Yes,No,Fiber optic,Yes,No,Yes,No,No,No,Month-to-month,Yes,Credit card (automatic),104.53,6477.13,No
4342-PTARW,Female,0,No,No,9,Yes,Yes,DSL,No,Yes,Yes,Yes,No,No,Month-to-month,No,Bank transfer (automatic),82.83,752.42,No
7536-QCTUM,Male,0,No,No,17,Yes,No,DSL,Yes,No,No,No,Yes,No,Month-to-month,Yes,Mailed check,74.67,1258.11,No
6243-QCGVZ,Male,1,Yes,No,30,Yes,Yes,Fiber optic,No,No,No,Yes,No,No,Two year,Yes,Electronic check,92.91,2790.9,No
3430-KXDGB,Female,1,Yes,No,59,Yes,Yes,Fiber optic,No,No,No,Yes,Yes,No,Two year,No,Bank transfer (automatic),103.03,6092.69,No
3112-RJZXX,Male,0,No,No,14,Yes,Yes,No,No internet service,No internet service,No internet service,No internet service,No internet service,No internet service,Month-to-month,No,Electronic check,38.27,562.36,No
7536-SNZCT,Female,0,No,No,69,Yes,Yes,No,No internet service,No internet service,No internet service,No internet service,No internet service,No internet service,Month-to-month,No,Bank transfer (automatic),35.98,2501.48,No
2262-JGQUB,Male,1,No,No,8,Yes,No,Fiber optic,Yes,No,No,No,Yes,No,Month-to-month,Yes,Electronic check,98.49,789.73,Yes
6414-FBLPE,Female,0,No,No,68,Yes,No,No,No internet service,No internet service,No internet service,No internet service,No internet service,No internet service,Month-to-month,Yes,Electronic check,42.75,2917.87,No
4507-YJZWJ,Male,0,No,No,49,Yes,No,Fiber optic,No,No,Yes,No,No,Yes,Month-to-month,Yes,Mailed check,100.28,4887.75,Yes
6190-TMKHD,Male,0,No,No,10,Yes,Yes,DSL,No,No,No,No,Yes,No,One year,Yes,Mailed check,75.62,757.53,No
1224-JVFEH,Male,0,No,No,72,Yes,No,Fiber optic,No,Yes,No,No,Yes,No,Month-to-month,No,Credit card (automatic),107.68,7766.68,No
6389-FFCHF,Female,0,Yes,No,3,Yes,Yes,No,No internet service,No internet service,No internet service,No internet service,No internet service,No internet service,One year,No,Bank transfer (automatic),41.23,127.29,No
8480-XJCCH,Male,0,Yes,No,28,Yes,Yes,Fiber optic,No,Yes,No,No,No,Yes,One year,Yes,Mailed check,98.41,2747.32,No
5170-NHJGN,Male,0,No,Yes,53,Yes,No,Fiber optic,No,No,No,No,Yes,No,Month-to-month,Yes,Credit card (automatic),94.87,5011.42,Yes
7271-BMRSP,Male,0,No,No,25,Yes,Yes,DSL,Yes,No,No,No,No,No,Two year,No,Electronic check,66.94,1669.65,No
5725-SKPHL,Female,0,No,Yes,27,Yes,No,Fiber optic,No,Yes,No,Yes,No,Yes,Two year,Yes,Electronic check,109.99,2950.7,No
2116-JDFLN,Male,0,Yes,No,20,Yes,Yes,Fiber optic,No,No,No,Yes,No,Yes,Month-to-month,Yes,Electronic check,104.3,2111.74,No
9476-AXHTS,Female,0,No,No,12,No,No phone service,No,No internet service,No internet service,No internet service,No internet service,No internet service,No internet service,Month-to-month,Yes,Mailed check,20.52,214.77,No
9736-CZBXR,Female,0,Yes,Yes,42,Yes,Yes,Fiber optic,No,Yes,No,No,No,Yes,Two year,Yes,Bank transfer (automatic),103.31,4328.4,No
5336-KCVTY,Female,0,Yes,No,32,Yes,Yes,Fiber optic,No,Yes,No,Yes,Yes,Yes,One year,Yes,Credit card (automatic),118.68,3806.49,No
7573-YXLSG,Male,0,No,Yes,59,No,No phone service,DSL,No,No,Yes,No,No,No,Two year,Yes,Bank transfer (automatic),43.08,2524.16,No
8156-QLRGQ,Female,0,No,No,39,Yes,No,DSL,No,No,No,No,Yes,No,Month-to-month,No,Electronic check,67.12,2641.51,Yes
5272-HZBUF,Female,0,Yes,Yes,37,Yes,Yes,DSL,No,No,Yes,No,No,Yes,Two year,Yes,Credit card (automatic),84.39,3121.22,No
3002-DCCVY,Male,0,No,No,11,Yes,Yes,No,No internet service,No internet service,No internet service,No internet service,No internet service,No internet service,Month-to-month,Yes,Electronic check,42.74,481.99,No
6262-AWQNY,Male,1,No,No,18,Yes,No,Fiber optic,No,Yes,No,No,Yes,No,One year,No,Bank transfer (automatic),93.55,1666.43,Yes
4687-JUNTS,Male,0,Yes,No,2,Yes,No,DSL,No,No,Yes,Yes,No,Yes,Month-to-month,Yes,Mailed check,82.4,177.43,Yes
8554-HBMRV,Female,0,Yes,Yes,71,Yes,Yes,No,No internet service,No internet service,No internet service,No internet service,No internet service,No internet service,One year,No,Mailed check,34.85,2485.26,No
3403-TVVVZ,Male,0,No,No,57,Yes,Yes,Fiber optic,No,Yes,No,No,No,Yes,Month-to-month,Yes,Bank transfer (automatic),112.06,6398.97,No
6949-JLTFQ,Female,0,No,No,19,Yes,No,Fiber optic,No,Yes,Yes,No,No,No,Month-to-month,Yes,Electronic check,107.61,2048.91,Yes
6154-RLTBT,Female,0,No,No,33,Yes,No,DSL,No,No,No,No,Yes,No,Two year,Yes,Mailed check,65.23,2153.27,No
8306-XYJBR,Female,0,Yes,No,41,Yes,Yes,DSL,No,Yes,No,Yes,No,Yes,Month-to-month,No,Credit card (automatic),78.14,3199.91,No
1811-GSQQU,Female,0,No,No,17,No,No phone service,Fiber optic,No,No,Yes,No,No,No,Month-to-month,Yes,Electronic check,73.3,1238.21,No
2482-UQLMN,Female,1,No,No,9,No,No phone service,No,No internet service,No internet service,No internet service,No internet service,No internet service,No internet service,Month-to-month,No,Credit card (automatic),20.03,196.38,No
5952-JFEJG,Female,0,Yes,Yes,69,Yes,No,Fiber optic,No,No,No,No,Yes,Yes,One year,Yes,Bank transfer (automatic),103.6,7155.63,No
5644-XCHBZ,Female,0,No,No,26,Yes,No,DSL,No,No,Yes,No,No,No,Month-to-month,No,Credit card (automatic),72.9,1873.53,No
7306-FKTYP,Female,0,Yes,No,55,Yes,Yes,DSL,No,No,Yes,No,Yes,Yes,Two year,Yes,Electronic check,76.39,4187.46,No
3437-SSRBS,Male,0,No,No,46,Yes,Yes,Fiber optic,Yes,No,No,Yes,No,No,One year,No,Credit card (automatic),100.4,4637.53,No
1176-XXPRB,Female,0,Yes,Yes,29,Yes,No,Fiber optic,No,No,No,No,No,No,Two year,Yes,Mailed check,91.75,2673.1,No
8868-GGSYM,Male,0,Yes,No,44,Yes,Yes,Fiber optic,Yes,No,No,Yes,Yes,No,Month-to-month,Yes,Electronic check,103.96,4587.25,No
5567-PGQZK,Male,0,Yes,No,19,Yes,No,No,No internet service,No internet service,No internet service,No internet service,No internet service,No internet service,One year,No,Mailed check,33.22,618.89,No
7956-UWTYT,Female,0,Yes,No,18,Yes,Yes,Fiber optic,Yes,No,No,No,No,Yes,Two year,Yes,Credit card (automatic),107.72,1965.83,No
9784-TWXZQ,Female,0,Yes,No,53,Yes,Yes,Fiber optic,Yes,No,No,Yes,No,No,Two year,No,Mailed check,92.17,4883.54,No
7391-ZKCXR,Male,0,Yes,Yes,56,Yes,Yes,No,No internet service,No internet service,No internet service,No internet service,No internet service,No internet service,One year,No,Electronic check,37.97,2129.89,No
4855-TAMGG,Male,0,No,No,52,Yes,No,Fiber optic,No,No,No,No,Yes,No,Two year,No,Electronic check,92.21,4795.97,No
9722-PDJFX,Male,0,Yes,No,51,Yes,Yes,Fiber optic,No,No,Yes,No,Yes,No,Month-to-month,No,Electronic check,102.15,5194.88,Yes
3621-JJEUP,Female,0,Yes,Yes,64,No,No phone service,No,No internet service,No internet service,No internet service,No internet service,No internet service,No internet service,Month-to-month,Yes,Electronic check,18.25,1174.41,No
4932-KSCYP,Female,1,Yes,Yes,22,No,No phone service,No,No internet service,No internet service,No internet service,No internet service,No internet service,No internet service,Month-to-month,Yes,Mailed check,21.34,460.92,No
3048-NWENQ,Male,0,No,No,0,Yes,No,Fiber optic,Yes,No,Yes,No,Yes,Yes,Month-to-month,No,Mailed check,111.12, ,Yes
8289-PTUXJ,Male,0,Yes,No,20,Yes,No,DSL,No,No,Yes,Yes,Yes,Yes,Two year,Yes,Credit card (automatic),87.58,1777.38,No
7334-FWYHP,Female,0,No,No,45,Yes,No,DSL,No,No,Yes,No,No,Yes,Month-to-month,No,Bank transfer (automatic),79.69,3565.8,No
8400-ASVWE,Female,0,Yes,No,43,Yes,Yes,No,No internet service,No internet service,No internet service,No internet service,No internet service,No internet service,Month-to-month,No,Mailed check,49.15,2092.1,No
7813-UASRZ,Female,0,Yes,Yes,20,Yes,No,Fiber optic,Yes,No,No,No,Yes,No,Month-to-month,No,Electronic check,101.52,2008.81,Yes
1387-ZPGKU,Male,0,No,No,56,Yes,Yes,Fiber optic,No,No,No,No,Yes,No,One year,Yes,Mailed check,92.34,5192.73,No
9963-HZREQ,Female,0,No,No,71,Yes,Yes,DSL,Yes,No,No,No,Yes,No,Month-to-month,No,Bank transfer (automatic),77.73,5505.39,No
8215-BBAPB,Male,0,No,No,8,Yes,Yes,Fiber optic,No,No,No,Yes,Yes,No,Two year,Yes,Electronic check,92.38,754.92,No
9388-DBGUX,Male,0,Yes,Yes,1,Yes,Yes,DSL,No,No,No,Yes,No,Yes,Two year,No,Credit card (automatic),74.68,78.72,No
3258-NUVDW,Male,0,Yes,No,50,Yes,No,DSL,Yes,No,Yes,Yes,No,Yes,Month-to-month,Yes,Bank transfer (automatic),87.94,4406.1,No
8804-TNKXW,Male,0,Yes,Yes,35,Yes,Yes,No,No internet service,No internet service,No internet service,No internet service,No internet service,No internet service,Month-to-month,No,Credit card (automatic),47.95,1680.61,No
5663-TKTCX,Male,1,Yes,No,48,Yes,No,Fiber optic,No,No,No,No,No,No,Month-to-month,Yes,Bank transfer (automatic),93.3,4458.46,No
5639-QENAX,Female,0,No,No,51,Yes,No,Fiber optic,Yes,No,No,No,No,No,Month-to-month,Yes,Mailed check,93.26,4756.0,No
7739-LWVCB,Female,0,Yes,No,2,Yes,Yes,Fiber optic,No,No,No,Yes,No,Yes,Month-to-month,Yes,Mailed check,92.02,185.5,Yes
3281-APNNB,Female,0,Yes,No,54,Yes,No,Fiber optic,No,No,No,Yes,Yes,No,Month-to-month,No,Electronic check,102.55,5553.26,No
9262-ZQAKT,Female,1,Yes,No,12,Yes,Yes,No,No internet service,No internet service,No internet service,No internet service,No internet service,No internet service,Month-to-month,No,Electronic check,38.47,449.86,No
7737-FVZNK,Female,0,Yes,Yes,46,Yes,No,No,No internet service,No internet service,No internet service,No internet service,No internet service,No internet service,Month-to-month,Yes,Electronic check,40.57,1880.93,No
5734-ANAAP,Male,0,Yes,Yes,71,Yes,No,DSL,No,Yes,No,No,No,No,Two year,No,Mailed check,70.94,5044.5,No
5596-ZNZVJ,Male,0,Yes,No,34,No,No phone service,DSL,No,Yes,Yes,Yes,No,Yes,One year,No,Electronic check,67.92,2321.14,Yes
9334-MQCFN,Male,0,No,No,25,Yes,Yes,DSL,Yes,No,Yes,No,No,No,One year,No,Mailed check,71.22,1772.87,No
3440-QBGRQ,Female,0,No,No,66,Yes,No,No,No internet service,No internet service,No internet service,No internet service,No internet service,No internet service,One year,No,Mailed check,43.45,2855.52,No
9851-XVAQF,Female,0,Yes,No,30,Yes,No,No,No internet service,No internet service,No internet service,No internet service,No internet service,No internet service,Two year,No,Mailed check,38.29,1157.23,No
3401-FLCND,Female,1,Yes,No,42,Yes,No,No,No internet service,No internet service,No internet service,No internet service,No internet service,No internet service,One year,No,Mailed check,39.17,1675.12,No
5503-RECVT,Male,0,No,No,14,Yes,No,DSL,Yes,No,Yes,Yes,No,No,Month-to-month,Yes,Credit card (automatic),85.05,1203.89,No
3352-XFYCR,Female,0,Yes,Yes,38,No,No phone service,Fiber optic,No,No,No,No,No,No,Month-to-month,Yes,Mailed check,73.08,2776.34,Yes
1172-EKCLF,Male,0,No,No,5,Yes,Yes,DSL,No,Yes,Yes,No,No,No,Month-to-month,Yes,Credit card (automatic),76.01,403.26,No
1890-ZZZDK,Male,1,No,No,62,Yes,No,DSL,No,Yes,Yes,Yes,No,No,Month-to-month,Yes,Bank transfer (automatic),83.42,5183.09,No
3946-HKNMH,Male,0,No,No,44,Yes,Yes,No,No internet service,No internet service,No internet service,No internet service,No internet service,No internet service,Two year,Yes,Mailed check,44.36,1939.99,No
9817-ZHFNJ,Female,0,No,No,32,Yes,No,Fiber optic,No,Yes,No,No,No,Yes,Month-to-month,No,Electronic check,99.61,3160.32,Yes
9883-LADBK,Female,0,Yes,No,54,Yes,No,Fiber optic,No,No,No,No,No,No,Two year,No,Electronic check,90.07,4854.71,No
3848-WXDYQ,Female,0,Yes,No,44,Yes,No,DSL,No,No,No,Yes,No,No,Two year,No,Electronic check,71.23,3134.75,No
3760-KLEWA,Male,0,No,No,30,Yes,Yes,DSL,No,Yes,No,Yes,No,No,Month-to-month,Yes,Electronic check,76.98,2308.07,Yes
1627-GDBKK,Female,0,Yes,No,24,No,No phone service,Fiber optic,No,No,No,No,No,No,Month-to-month,Yes,Credit card (automatic),74.89,1796.94,No
2129-VXTNY,Male,0,Yes,Yes,4,Yes,Yes,Fiber optic,Yes,No,No,No,Yes,Yes,Month-to-month,No,Electronic check,99.76,398.58,Yes
4154-LASCR,Male,0,No,No,15,Yes,No,DSL,Yes,No,No,Yes,No,Yes,Two year,Yes,Credit card (automatic),85.5,1286.66,No
8041-FQHKN,Female,0,No,No,29,Yes,No,DSL,No,No,No,No,No,No,Two year,Yes,Mailed check,65.3,1885.63,No
3245-VKMVF,Female,0,Yes,No,33,Yes,Yes,Fiber optic,No,No,No,Yes,No,No,Two year,No,Bank transfer (automatic),91.05,2993.91,No
5069-ZKCGY,Female,0,No,No,72,Yes,Yes,Fiber optic,Yes,No,No,No,Yes,No,Month-to-month,No,Electronic check,105.87,7617.97,No
7831-VGWKV,Male,0,Yes,No,24,No,No phone service,Fiber optic,No,No,Yes,No,No,Yes,One year,Yes,Credit card (automatic),79.44,1900.75,No
8927-EYRTU,Female,0,No,No,35,Yes,No,Fiber optic,No,No,No,No,Yes,No,One year,Yes,Electronic check,100.49,3528.29,Yes
2515-TFGCE,Male,0,Yes,No,2,Yes,No,No,No internet service,No internet service,No internet service,No internet service,No internet service,No internet service,Month-to-month,Yes,Mailed check,40.24,84.73,No
9809-HKMTP,Female,0,No,No,6,Yes,No,DSL,Yes,Yes,Yes,Yes,Yes,No,Two year,No,Electronic check,96.05,573.79,No
5824-WMUXS,Male,0,No,No,35,Yes,No,DSL,No,No,No,Yes,No,No,Two year,Yes,Credit card (automatic),80.33,2801.61,No
1317-GQMGJ,Female,1,Yes,No,25,Yes,No,DSL,No,Yes,No,No,No,No,One year,Yes,Bank transfer (automatic),72.02,1792.4,No
1705-FUAWJ,Male,0,No,No,47,Yes,No,DSL,No,No,Yes,No,Yes,Yes,Month-to-month,No,Mailed check,80.31,3794.67,No
8270-GVPWB,Female,1,Yes,No,61,Yes,Yes,DSL,No,No,Yes,No,No,No,Month-to-month,No,Electronic check,63.32,3848.06,No
8176-GJBYR,Female,0,No,No,3,Yes,No,DSL,No,No,No,No,No,Yes,Month-to-month,Yes,Mailed check,65.94,209.5,Yes
9827-PDJLD,Female,0,Yes,No,12,Yes,No,DSL,No,No,No,No,Yes,No,Month-to-month,No,Electronic check,70.47,837.08,No
9382-YPQSS,Male,1,Yes,Yes,41,Yes,No,DSL,Yes,Yes,Yes,Yes,No,No,Two year,Yes,Mailed check,93.38,3818.47,No
1563-NUVQX,Male,1,Yes,No,7,Yes,No,Fiber optic,No,No,No,No,No,Yes,Month-to-month,Yes,Electronic check,97.93,698.65,Yes
6275-KLSXF,Male,0,Yes,Yes,22,Yes,No,Fiber optic,No,Yes,No,No,Yes,No,Month-to-month,No,Credit card (automatic),101.81,2225.86,No
3641-RUKRA,Male,1,No,No,51,Yes,No,DSL,No,Yes,No,Yes,No,Yes,Month-to-month,No,Electronic check,83.65,4296.85,Yes
3625-YPWFG,Female,1,No,No,2,No,No phone service,DSL,No,No,No,Yes,No,Yes,Month-to-month,No,Mailed check,56.28,128.47,Yes
9773-ZXHVM,Female,0,No,No,45,Yes,No,Fiber optic,Yes,No,No,No,No,No,Month-to-month,Yes,Electronic check,94.16,4278.92,Yes
8594-WLHZL,Male,0,No,No,7,No,No phone service,DSL,No,Yes,No,Yes,No,Yes,Month-to-month,No,Bank transfer (automatic),63.56,428.16,No
4884-RYDZL,Female,0,No,No,55,Yes,No,No,No internet service,No internet service,No internet service,No internet service,No internet service,No internet service,One year,Yes,Electronic check,46.76,2573.03,No
1230-HMSPD,Female,0,Yes,Yes,52,Yes,Yes,DSL,No,Yes,No,No,Yes,Yes,Month-to-month,Yes,Credit card (automatic),84.63,4391.39,No
5393-FGTVD,Male,0,No,No,3,No,No phone service,Fiber optic,Yes,No,No,No,Yes,Yes,Month-to-month,Yes,Electronic check,87.26,265.09,No
6420-LJTFU,Female,0,No,No,39,Yes,No,DSL,Yes,No,No,No,No,Yes,Month-to-month,Yes,Bank transfer (automatic),73.31,2832.11,Yes
4606-CVWPT,Female,0,Yes,No,34,Yes,No,Fiber optic,No,Yes,No,No,No,No,Month-to-month,Yes,Credit card (automatic),92.56,3156.16,No
2327-JJUJT,Male,1,Yes,No,69,Yes,Yes,DSL,No,No,No,Yes,No,Yes,Month-to-month,Yes,Bank transfer (automatic),79.62,5505.18,No
3761-QFPBT,Female,0,Yes,Yes,2,No,No phone service,DSL,No,No,Yes,No,Yes,Yes,Two year,Yes,Mailed check,64.49,142.13,No
1261-ZWPXV,Female,0,Yes,Yes,49,Yes,No,DSL,No,Yes,No,No,No,Yes,Month-to-month,Yes,Credit card (automatic),83.3,4075.84,Yes
2284-TKWWY,Male,0,No,Yes,39,No,No phone service,Fiber optic,No,Yes,No,No,Yes,No,Two year,No,Electronic check,80.06,3130.5,No
5058-EDDZQ,Male,0,Yes,No,70,Yes,Yes,DSL,No,No,No,No,Yes,No,Two year,Yes,Bank transfer (automatic),73.06,5084.81,No
4165-LEPLV,Female,0,No,No,53,Yes,Yes,DSL,No,No,Yes,No,No,Yes,Two year,Yes,Bank transfer (automatic),80.54,4239.88,No
1190-YBLJT,Female,0,Yes,Yes,20,Yes,No,DSL,No,No,Yes,No,No,No,Two year,No,Mailed check,73.7,1488.01,No
6923-EMNMA,Male,1,Yes,Yes,7,Yes,No,Fiber optic,No,No,Yes,Yes,No,No,Two year,No,Credit card (automatic),99.19,701.32,No
2602-NGPDT,Male,0,Yes,No,42,No,No phone service,DSL,No,Yes,No,Yes,No,No,Month-to-month,Yes,Mailed check,52.92,2241.27,No
2695-RWJDA,Female,0,Yes,Yes,61,Yes,No,Fiber optic,No,Yes,Yes,No,No,No,Month-to-month,Yes,Credit card (automatic),103.82,6328.88,No
4244-CXZZY,Male,0,No,No,40,Yes,No,Fiber optic,No,No,No,No,No,Yes,One year,Yes,Electronic check,95.47,3819.21,No
6279-HLGWL,Female,0,No,No,42,Yes,No,DSL,No,No,No,Yes,No,No,Month-to-month,No,Credit card (automatic),67.72,2833.26,Yes
4465-SJJFB,Male,0,Yes,No,38,No,No phone service,Fiber optic,No,Yes,No,No,No,No,One year,No,Mailed check,76.12,2911.29,No
1341-KZGRH,Female,0,Yes,No,27,Yes,No,DSL,No,No,Yes,No,No,No,Month-to-month,No,Mailed check,71.03,1914.65,No
3724-DPRJN,Male,0,No,No,65,Yes,Yes,DSL,No,No,No,No,No,No,Month-to-month,Yes,Electronic check,58.36,3791.08,Yes
5284-GSPBM,Female,1,No,Yes,12,Yes,Yes,DSL,No,Yes,No,Yes,No,Yes,One year,Yes,Electronic check,85.46,1029.21,No
4504-VHYQD,Male,0,No,No,38,Yes,No,No,No internet service,No internet service,No internet service,No internet service,No internet service,No internet service,One year,No,Electronic check,38.33,1471.9,No
4629-XGSUS,Female,0,Yes,Yes,63,No,No phone service,DSL,No,Yes,Yes,No,No,No,Month-to-month,Yes,Mailed check,48.79,3074.12,Yes
1813-JJJXA,Male,0,No,No,19,Yes,Yes,No,No internet service,No internet service,No internet service,No internet service,No internet service,No internet service,Month-to-month,Yes,Bank transfer (automatic),39.45,752.4,No
5850-ZXQZK,Male,0,Yes,No,30,Yes,No,Fiber optic,No,No,No,No,No,No,Two year,Yes,Bank transfer (automatic),93.13,2840.34,No
6501-PBAXE,Male,0,Yes,No,51,Yes,No,No,No internet service,No internet service,No internet service,No internet service,No internet service,No internet service,Two year,No,Electronic check,40.9,2062.85,No
4193-QPNZU,Female,0,No,No,9,Yes,No,No,No internet service,No internet service,No internet service,No internet service,No internet service,No internet service,Month-to-month,Yes,Credit card (automatic),35.98,320.36,No
9475-RZQPV,Female,0,Yes,No,19,Yes,Yes,DSL,No,Yes,No,No,No,Yes,One year,Yes,Electronic check,82.7,1579.09,No
8818-BXSXT,Male,0,Yes,Yes,52,Yes,Yes,Fiber optic,No,No,No,Yes,No,Yes,Month-to-month,Yes,Bank transfer (automatic),99.02,5164.71,No
9341-GEEGF,Male,0,Yes,No,6,Yes,No,DSL,No,No,No,No,Yes,Yes,Month-to-month,Yes,Credit card (automatic),75.77,432.93,Yes
4974-EDNVD,Female,0,Yes,Yes,27,Yes,No,Fiber optic,No,No,No,No,No,No,Month-to-month,No,Mailed check,88.91,2427.23,Yes
5601-RSCTA,Female,0,No,No,42,Yes,No,No,No internet service,No internet service,No internet service,No internet service,No internet service,No internet service,Month-to-month,Yes,Mailed check,41.97,1752.3,No
3132-HWEUZ,Female,0,Yes,Yes,62,Yes,No,Fiber optic,No,No,No,No,Yes,No,Month-to-month,No,Electronic check,98.55,6099.37,No
9638-HCFUE,Male,0,No,No,10,Yes,No,DSL,No,No,No,Yes,No,Yes,Month-to-month,Yes,Mailed check,76.84,782.27,Yes
6809-JUQQU,Female,0,No,No,39,Yes,Yes,Fiber optic,No,No,No,No,No,Yes,One year,No,Credit card (automatic),97.64,3825.27,No
9592-JNRVM,Male,1,Yes,Yes,52,Yes,Yes,Fiber optic,No,No,No,No,No,No,Month-to-month,Yes,Mailed check,93.3,4851.59,Yes
4370-WYPCG,Male,1,Yes,No,28,Yes,Yes,DSL,No,Yes,Yes,Yes,Yes,Yes,One year,Yes,Credit card (automatic),95.41,2686.11,No
5166-SSVAM,Male,0,Yes,No,31,Yes,No,Fiber optic,No,Yes,No,No,No,No,Month-to-month,Yes,Bank transfer (automatic),104.72,3252.69,Yes
7308-ZDXAE,Male,0,Yes,Yes,33,No,No phone service,No,No internet service,No internet service,No internet service,No internet service,No internet service,No internet service,Two year,Yes,Credit card (automatic),21.99,712.99,No
8622-UZQQN,Male,0,Yes,Yes,63,Yes,No,DSL,No,No,No,No,No,No,One year,No,Electronic check,61.13,3852.73,No
5604-NHWJQ,Male,0,No,No,44,Yes,Yes,No,No internet service,No internet service,No internet service,No internet service,No internet service,No internet service,Two year,No,Bank transfer (automatic),40.41,1759.56,No
7022-NQBHL,Female,0,Yes,Yes,29,Yes,Yes,Fiber optic,No,Yes,Yes,No,Yes,No,Month-to-month,Yes,Electronic check,111.59,3254.42,Yes
4547-XXTJB,Male,0,No,No,0,Yes,Yes,Fiber optic,No,Yes,No,No,No,No,Month-to-month,Yes,Mailed check,92.44, ,Yes
7795-XMVYP,Female,1,No,No,28,Yes,Yes,No,No internet service,No internet service,No internet service,No internet service,No internet service,No internet service,Month-to-month,Yes,Bank transfer (automatic),42.35,1207.99,No
2885-AUPDB,Male,0,Yes,No,59,Yes,Yes,Fiber optic,No,No,No,Yes,No,No,Two year,Yes,Electronic check,97.29,5754.73,No
9724-HHRJX,Female,0,Yes,Yes,31,Yes,Yes,Fiber optic,No,No,No,No,Yes,No,One year,Yes,Credit card (automatic),100.26,3133.09,No
7127-JGWQY,Male,1,Yes,Yes,28,Yes,Yes,No,No internet service,No internet service,No internet service,No internet service,No internet service,No internet service,Two year,Yes,Mailed check,33.57,952.73,No
4105-AXFWT,Male,0,Yes,No,52,Yes,No,Fiber optic,Yes,Yes,No,Yes,No,Yes,One year,No,Mailed check,113.31,5892.28,No
3085-UBKJR,Female,1,Yes,Yes,70,No,No phone service,DSL,No,Yes,No,No,No,Yes,Month-to-month,No,Credit card (automatic),53.33,3708.1,No
5810-QMTDT,Female,0,No,No,11,Yes,Yes,DSL,Yes,Yes,No,No,Yes,No,Month-to-month,Yes,Credit card (automatic),83.69,922.42,Yes
1450-CTDUD,Male,0,Yes,Yes,68,Yes,Yes,Fiber optic,No,Yes,No,No,No,Yes,Month-to-month,Yes,Credit card (automatic),103.43,7061.71,No
2320-YEXJV,Female,0,Yes,No,24,Yes,No,Fiber optic,No,Yes,No,No,No,No,Month-to-month,No,Bank transfer (automatic),88.43,2111.87,No
9453-CHPWE,Female,0,Yes,No,42,Yes,No,DSL,No,No,No,Yes,No,Yes,One year,Yes,Bank transfer (automatic),71.89,3022.65,No
2680-JEGDV,Male,0,No,No,19,Yes,Yes,Fiber optic,Yes,Yes,No,Yes,No,No,One year,Yes,Electronic check,112.66,2123.21,No
8169-DNRRZ,Male,0,Yes,No,1,No,No phone service,Fiber optic,No,No,Yes,Yes,No,No,One year,Yes,Bank transfer (automatic),81.92,87.46,No
6770-SABQX,Male,0,No,No,28,Yes,No,DSL,Yes,No,Yes,No,Yes,No,Month-to-month,Yes,Bank transfer (automatic),77.76,2176.74,Yes
4590-RFLUR,Female,0,No,No,64,Yes,No,Fiber optic,No,Yes,Yes,No,No,Yes,Month-to-month,Yes,Mailed check,113.05,7233.21,Yes
2027-XYMJN,Female,0,Yes,No,66,No,No phone service,No,No internet service,No internet service,No internet service,No internet service,No internet service,No internet service,Month-to-month,Yes,Credit card (automatic),19.35,1277.34,No
8211-LABVU,Female,1,No,No,27,Yes,No,DSL,No,Yes,Yes,No,Yes,No,Month-to-month,Yes,Mailed check,82.43,2250.9,No
7947-DEKFK,Male,0,Yes,Yes,46,Yes,No,Fiber optic,No,Yes,No,No,No,Yes,Month-to-month,No,Bank transfer (automatic),106.98,4910.93,No
6025-GCKTQ,Female,0,No,No,56,Yes,No,DSL,No,No,Yes,No,No,Yes,Month-to-month,Yes,Bank transfer (automatic),69.11,3861.46,No
3892-HQEWW,Female,0,Yes,Yes,36,Yes,No,DSL,No,Yes,No,No,Yes,No,Two year,No,Electronic check,70.36,2535.28,No
1228-ZAMSH,Female,0,No,No,59,Yes,No,DSL,Yes,No,No,No,No,Yes,Month-to-month,Yes,Mailed check,70.71,4184.13,No
2832-BTAMK,Male,0,No,No,9,Yes,Yes,DSL,No,No,Yes,No,No,No,One year,Yes,Bank transfer (automatic),73.64,683.37,No
9708-YVTPJ,Female,1,No,No,68,Yes,No,DSL,Yes,Yes,Yes,No,No,Yes,One year,Yes,Credit card (automatic),91.73,6241.06,No
2499-ZKLDG,Female,0,No,No,42,No,No phone service,Fiber optic,Yes,Yes,No,Yes,Yes,No,One year,No,Electronic check,99.41,4153.15,No
6710-LQFBX,Male,0,Yes,Yes,11,No,No phone service,No,No internet service,No internet service,No internet service,No internet service,No internet service,No internet service,One year,Yes,Bank transfer (automatic),20.43,225.82,No
4887-JGRPK,Female,1,No,No,58,Yes,No,DSL,No,No,No,No,No,No,One year,Yes,Mailed check,61.59,3565.9,No
9377-XERZM,Female,0,Yes,No,67,Yes,No,DSL,Yes,No,No,Yes,No,Yes,Two year,No,Mailed check,82.37,5517.38,No
1271-DSXDP,Female,0,Yes,No,26,Yes,No,DSL,No,No,No,Yes,No,Yes,Month-to-month,Yes,Electronic check,79.98,2078.8,No
5471-GRXFB,Male,1,Yes,Yes,34,Yes,Yes,Fiber optic,No,No,No,No,No,No,Month-to-month,Yes,Mailed check,84.25,2859.58,No
4230-HTNAJ,Female,0,No,No,65,Yes,No,Fiber optic,Yes,Yes,No,Yes,No,Yes,One year,Yes,Electronic check,112.13,7293.47,No
7615-MPGHD,Female,0,No,No,39,No,No phone service,No,No internet service,No internet service,No internet service,No internet service,No internet service,No internet service,Month-to-month,Yes,Mailed check,20.96,812.03,No
1734-AQDPY,Female,0,No,No,25,Yes,No,DSL,Yes,No,Yes,No,No,No,Month-to-month,Yes,Mailed check,79.3,1969.5,Yes
7274-PCMXK,Female,0,No,No,46,Yes,Yes,Fiber optic,Yes,No,No,No,Yes,No,Month-to-month,Yes,Electronic check,96.28,4420.46,No
8434-TGDAG,Female,1,No,No,11,Yes,No,No,No internet service,No internet service,No internet service,No internet service,No internet service,No internet service,One year,Yes,Credit card (automatic),38.04,408.13,No
3995-RPMTU,Male,0,No,No,24,Yes,Yes,Fiber optic,No,No,No,No,No,Yes,Two year,No,Bank transfer (automatic),88.68,2135.49,No
7420-XJVLE,Female,0,Yes,Yes,60,No,No phone service,Fiber optic,No,No,No,No,Yes,No,Month-to-month,Yes,Credit card (automatic),81.37,4898.02,Yes
2311-CYEWU,Female,0,No,No,6,No,No phone service,Fiber optic,No,No,Yes,No,No,No,Month-to-month,Yes,Bank transfer (automatic),76.17,459.35,No
4952-XXYMH,Female,0,Yes,Yes,41,Yes,Yes,No,No internet service,No internet service,No internet service,No internet service,No internet service,No internet service,Month-to-month,No,Mailed check,38.39,1564.69,No
1394-WWNBV,Male,1,Yes,No,49,Yes,No,Fiber optic,No,Yes,Yes,No,Yes,Yes,Two year,Yes,Bank transfer (automatic),116.66,5692.26,No
3684-PRDBB,Male,0,No,No,37,Yes,No,Fiber optic,No,No,No,No,No,No,Month-to-month,No,Electronic check,88.78,3277.03,Yes
9630-YLLKJ,Female,1,Yes,Yes,28,Yes,No,DSL,No,No,Yes,Yes,No,No,Month-to-month,Yes,Electronic check,91.32,2578.98,Yes
5893-JQKRY,Female,0,No,No,67,Yes,No,No,No internet service,No internet service,No internet service,No internet service,No internet service,No internet service,Month-to-month,Yes,Mailed check,40.97,2748.13,No
2852-BNCFU,Female,0,No,No,59,Yes,No,No,No internet service,No internet service,No internet service,No internet service,No internet service,No internet service,Month-to-month,No,Electronic check,46.81,2776.14,No
4760-PUDMA,Female,0,No,Yes,60,Yes,No,Fiber optic,Yes,No,No,No,Yes,Yes,One year,Yes,Bank transfer (automatic),111.23,6659.19,No
5491-FXGEA,Female,0,No,No,7,No,No phone service,Fiber optic,No,Yes,No,No,No,Yes,Month-to-month,Yes,Electronic check,82.4,578.17,Yes
2199-FFTXW,Male,0,No,No,72,Yes,No,Fiber optic,No,No,No,No,No,No,Month-to-month,No,Electronic check,89.38,6429.12,No
9606-XLKRH,Female,0,Yes,Yes,36,Yes,No,DSL,No,No,Yes,No,Yes,Yes,Month-to-month,No,Bank transfer (automatic),89.64,3233.43,Yes
6432-ZEUYN,Male,0,Yes,Yes,50,Yes,Yes,Fiber optic,No,Yes,No,Yes,No,Yes,One year,Yes,Mailed check,112.43,5644.15,No
4203-GEHTN,Male,0,No,No,27,Yes,Yes,Fiber optic,No,No,No,Yes,Yes,No,Month-to-month,No,Electronic check,100.46,2722.93,Yes
2992-PVAAZ,Female,0,Yes,Yes,42,Yes,Yes,Fiber optic,No,No,Yes,No,Yes,Yes,Month-to-month,No,Electronic check,113.02,4764.13,Yes
7733-PXQNF,Female,0,No,No,51,Yes,Yes,DSL,No,No,Yes,No,No,No,Two year,Yes,Bank transfer (automatic),77.31,3933.53,No
8295-UHTTC,Female,0,No,No,39,Yes,Yes,DSL,Yes,Yes,No,Yes,No,No,Two year,Yes,Bank transfer (automatic),74.61,2904.67,No
2443-QQRJW,Female,0,Yes,Yes,41,Yes,No,DSL,No,No,No,No,No,No,Month-to-month,Yes,Electronic check,65.57,2673.62,Yes
5010-ECXSM,Male,0,No,Yes,25,Yes,Yes,Fiber optic,No,Yes,No,Yes,Yes,No,One year,No,Bank transfer (automatic),108.29,2704.04,No
2883-CDCNE,Male,0,Yes,Yes,72,Yes,Yes,Fiber optic,No,Yes,No,No,No,No,One year,No,Bank transfer (automatic),89.66,6469.86,No
2150-GSMDT,Male,0,Yes,Yes,13,Yes,No,No,No internet service,No internet service,No internet service,No internet service,No internet service,No internet service,Two year,Yes,Bank transfer (automatic),43.99,547.14,No
5405-ESZND,Male,0,No,No,27,Yes,No,No,No internet service,No internet service,No internet service,No internet service,No internet service,No internet service,Month-to-month,Yes,Electronic check,43.65,1201.1,No
3785-QZYYV,Male,0,Yes,Yes,60,Yes,Yes,Fiber optic,No,No,No,No,No,No,One year,No,Credit card (automatic),87.89,5271.15,No
6172-RTTRD,Male,1,No,No,34,Yes,No,DSL,No,No,Yes,No,No,No,Two year,Yes,Bank transfer (automatic),71.11,2396.22,No
8916-ALLZC,Female,0,Yes,No,0,Yes,No,Fiber optic,Yes,No,Yes,No,Yes,No,Month-to-month,No,Electronic check,110.89, ,Yes
5281-JCFLX,Female,0,Yes,No,7,Yes,Yes,DSL,No,No,No,No,No,No,Month-to-month,Yes,Credit card (automatic),64.46,449.95,Yes
4493-XTVWT,Male,0,No,No,64,Yes,No,Fiber optic,No,Yes,No,No,Yes,No,Month-to-month,Yes,Bank transfer (automatic),103.72,6657.14,No
7600-DTBTR,Female,0,No,No,72,Yes,No,DSL,No,Yes,No,Yes,Yes,No,Two year,Yes,Electronic check,86.76,6229.42,No
7811-RJJQM,Male,0,No,No,19,Yes,No,DSL,No,Yes,No,No,Yes,No,Month-to-month,No,Credit card (automatic),80.56,1501.56,No
4064-MNFRH,Male,0,Yes,No,15,Yes,No,No,No internet service,No internet service,No internet service,No internet service,No internet service,No internet service,One year,Yes,Bank transfer (automatic),36.48,526.67,No
3409-LCQTY,Female,1,No,No,17,Yes,No,Fiber optic,Yes,No,No,No,No,Yes,One year,Yes,Electronic check,100.88,1707.29,No
3552-NNTQV,Male,0,No,No,66,Yes,No,No,No internet service,No internet service,No internet service,No internet service,No internet service,No internet service,Month-to-month,Yes,Mailed check,40.71,2685.4,No
8654-CJRPM,Male,0,No,Yes,0,Yes,No,DSL,No,No,No,No,Yes,No,Month-to-month,No,Mailed check,64.96, ,No
2558-PTAQX,Male,0,Yes,Yes,7,Yes,No,DSL,No,No,No,No,No,Yes,Month-to-month,No,Electronic check,70.72,484.25,Yes
6163-YJASF,Female,0,No,No,26,Yes,Yes,DSL,No,No,No,No,No,No,Month-to-month,Yes,Mailed check,68.8,1777.01,No
1087-EYUGQ,Male,0,No,No,71,Yes,No,Fiber optic,No,Yes,Yes,No,Yes,Yes,Two year,Yes,Electronic check,109.63,7796.99,No
4053-EZVJJ,Female,0,No,No,6,No,No phone service,No,No internet service,No internet service,No internet service,No internet service,No internet service,No internet service,Month-to-month,Yes,Electronic check,19.78,137.25,No
8339-MKKLN,Male,0,No,No,24,Yes,No,No,No internet service,No internet service,No internet service,No internet service,No internet service,No internet service,Two year,No,Electronic check,45.33,1089.5,No
1360-MLGJL,Female,0,Yes,Yes,13,Yes,No,DSL,No,Yes,Yes,No,Yes,Yes,Two year,Yes,Electronic check,80.0,1061.42,No
4294-XNNGX,Female,1,Yes,No,23,Yes,No,DSL,No,Yes,Yes,Yes,No,No,Two year,No,Bank transfer (automatic),80.19,1840.28,No
1208-PEUKH,Male,0,No,No,50,No,No phone service,Fiber optic,No,Yes,No,Yes,No,No,Month-to-month,No,Mailed check,81.55,4054.68,No
1521-UKGWA,Male,1,No,No,14,Yes,No,Fiber optic,Yes,Yes,No,No,Yes,No,Month-to-month,No,Electronic check,111.12,1542.24,Yes
5219-DDAEY,Male,0,No,No,30,Yes,No,Fiber optic,Yes,No,Yes,No,No,Yes,One year,No,Electronic check,113.8,3401.77,No
5009-ZGUCC,Female,1,No,No,11,No,No phone service,Fiber optic,No,No,Yes,Yes,No,No,Month-to-month,Yes,Bank transfer (automatic),84.76,939.8,Yes
1147-XSTYH,Female,0,Yes,No,0,Yes,Yes,Fiber optic,No,No,No,Yes,Yes,No,Two year,Yes,Mailed check,98.85, ,No
7502-NPRMA,Male,0,No,No,36,Yes,No,No,No internet service,No internet service,No internet service,No internet service,No internet service,No internet service,One year,Yes,Bank transfer (automatic),30.24,1072.35,No
1675-NPTPE,Female,0,Yes,Yes,23,Yes,No,No,No internet service,No internet service,No internet service,No internet service,No internet service,No internet service,Two year,Yes,Electronic check,36.01,820.3,No
4301-LZNRT,Female,0,No,No,54,Yes,Yes,Fiber optic,No,Yes,Yes,No,No,No,Two year,Yes,Bank transfer (automatic),96.0,5179.86,No
4259-ZSWTQ,Female,0,Yes,Yes,0,Yes,No,DSL,No,No,No,Yes,Yes,No,Two year,No,Credit card (automatic),77.99, ,No
1277-QDQSP,Male,0,Yes,Yes,3,Yes,No,No,No internet service,No internet service,No internet service,No internet service,No internet service,No internet service,Month-to-month,Yes,Bank transfer (automatic),43.31,138.31,Yes
3775-BSSMT,Male,1,No,No,66,Yes,No,DSL,Yes,No,No,No,No,No,Two year,Yes,Bank transfer (automatic),72.19,4780.84,No
8011-NBWMS,Male,0,Yes,No,31,No,No phone service,Fiber optic,No,No,No,Yes,No,No,Month-to-month,Yes,Electronic check,74.46,2306.5,Yes
9197-JQAXB,Female,0,Yes,No,62,No,No phone service,DSL,No,Yes,Yes,Yes,Yes,No,Two year,Yes,Mailed check,67.63,4227.17,No
5869-JAMYE,Male,0,No,No,7,Yes,Yes,DSL,Yes,Yes,Yes,No,No,Yes,One year,Yes,Electronic check,93.78,685.92,No
3630-ECFPU,Male,0,Yes,No,25,Yes,Yes,Fiber optic,Yes,No,Yes,Yes,Yes,Yes,Month-to-month,No,Bank transfer (automatic),118.75,2972.69,No
7212-UTKXE,Female,0,No,Yes,50,Yes,No,DSL,Yes,Yes,Yes,Yes,No,No,Month-to-month,No,Bank transfer (automatic),87.59,4377.88,No
7297-CUCFK,Female,0,Yes,No,17,Yes,Yes,Fiber optic,No,No,No,No,Yes,No,One year,Yes,Electronic check,99.1,1706.49,Yes
7249-BGJTZ,Female,0,Yes,No,16,Yes,Yes,DSL,No,No,No,No,Yes,Yes,Month-to-month,No,Bank transfer (automatic),80.99,1291.88,No
6526-NJVCD,Male,0,Yes,No,7,Yes,No,No,No internet service,No internet service,No internet service,No internet service,No internet service,No internet service,One year,Yes,Bank transfer (automatic),40.61,290.18,No
2810-GMYRK,Male,0,No,No,25,Yes,No,Fiber optic,Yes,No,Yes,No,No,No,Month-to-month,No,Credit card (automatic),106.08,2635.37,Yes
2903-RGZMP,Male,0,Yes,No,51,Yes,Yes,DSL,No,No,No,No,Yes,No,Month-to-month,Yes,Credit card (automatic),67.85,3452.52,No
9130-HMNGB,Female,0,Yes,Yes,21,Yes,Yes,Fiber optic,Yes,Yes,Yes,No,Yes,No,One year,No,Electronic check,116.89,2465.51,No
3553-CSAHX,Female,1,Yes,Yes,8,Yes,Yes,No,No internet service,No internet service,No internet service,No internet service,No internet service,No internet service,Month-to-month,Yes,Credit card (automatic),51.39,411.39,No
6116-SSHRF,Female,0,Yes,No,45,Yes,Yes,DSL,Yes,Yes,No,No,No,No,One year,Yes,Electronic check,68.27,3078.33,No
6718-SXYAH,Female,0,No,Yes,48,Yes,No,Fiber optic,No,No,No,No,Yes,Yes,Month-to-month,Yes,Mailed check,101.92,4889.66,Yes
5923-HQWGX,Male,0,Yes,No,29,Yes,No,No,No internet service,No internet service,No internet service,No internet service,No internet service,No internet service,Two year,Yes,Mailed check,32.38,925.22,No
8937-XBHCC,Female,0,Yes,No,18,Yes,Yes,DSL,No,Yes,Yes,No,Yes,Yes,Two year,No,Electronic check,94.56,1699.38,No
1478-LCHZX,Female,1,Yes,No,53,Yes,No,No,No internet service,No internet service,No internet service,No internet service,No internet service,No internet service,One year,Yes,Bank transfer (automatic),38.89,2080.13,No
9432-ARRDX,Female,0,No,No,53,Yes,No,DSL,No,Yes,No,No,No,Yes,Month-to-month,No,Mailed check,75.6,4008.3,No
4638-ZCRDY,Male,0,Yes,Yes,43,Yes,No,DSL,No,No,No,No,Yes,No,Month-to-month,No,Bank transfer (automatic),70.28,3017.58,No
6467-BFJAA,Female,0,No,No,28,Yes,No,Fiber optic,Yes,Yes,No,No,No,Yes,Month-to-month,Yes,Bank transfer (automatic),110.47,3074.63,No
9328-ZNXRA,Female,0,Yes,Yes,36,Yes,No,DSL,No,Yes,No,No,Yes,Yes,Two year,No,Mailed check,83.12,3002.28,No
7429-AVJDG,Male,0,No,No,9,Yes,No,No,No internet service,No internet service,No internet service,No internet service,No internet service,No internet service,Month-to-month,Yes,Electronic check,41.27,377.43,No
7149-WPDXU,Female,0,Yes,No,0,Yes,Yes,Fiber optic,Yes,No,Yes,No,Yes,Yes,Month-to-month,Yes,Electronic check,118.1, ,Yes
4688-PZKAD,Female,0,No,No,20,Yes,No,No,No internet service,No internet service,No internet service,No internet service,No internet service,No internet service,Month-to-month,No,Electronic check,42.34,844.56,No
6402-ZTQHL,Male,0,Yes,No,37,Yes,No,DSL,Yes,No,No,No,No,No,Month-to-month,Yes,Bank transfer (automatic),68.27,2535.52,No
1345-JQXYV,Male,0,No,No,50,Yes,Yes,DSL,No,Yes,No,No,Yes,Yes,Two year,Yes,Electronic check,83.85,4177.51,No
1193-VFQYX,Female,0,Yes,Yes,17,Yes,Yes,Fiber optic,No,Yes,Yes,No,Yes,No,Month-to-month,Yes,Mailed check,114.17,1919.29,Yes
6979-HNSNK,Female,1,No,No,50,No,No phone service,Fiber optic,Yes,No,Yes,No,No,No,Month-to-month,No,Mailed check,82.27,4110.71,No
4625-QAZCZ,Male,0,Yes,No,22,Yes,No,Fiber optic,No,Yes,No,No,No,Yes,Month-to-month,Yes,Credit card (automatic),108.05,2372.04,Yes
1318-NLPLX,Female,1,No,No,43,Yes,No,DSL,Yes,No,No,No,No,No,Month-to-month,No,Credit card (automatic),68.39,2936.36,No
1149-ZSUDB,Female,0,No,No,8,Yes,No,DSL,No,Yes,No,No,No,No,Month-to-month,No,Electronic check,69.62,545.24,No
4572-HUXLU,Female,0,Yes,No,23,Yes,Yes,Fiber optic,Yes,No,No,Yes,No,No,One year,No,Mailed check,102.34,2354.94,No
1535-TCSKK,Female,0,No,No,14,Yes,No,DSL,Yes,Yes,No,Yes,No,No,Two year,No,Electronic check,80.87,1126.76,No
3486-KWVJH,Male,0,No,No,46,Yes,Yes,DSL,No,No,Yes,No,No,No,One year,Yes,Credit card (automatic),73.91,3409.48,No
5581-SETYW,Female,0,No,Yes,51,Yes,Yes,DSL,No,Yes,Yes,No,No,No,Month-to-month,Yes,Mailed check,71.3,3621.05,No
5933-HHTLC,Female,0,Yes,No,3,Yes,Yes,Fiber optic,No,No,No,Yes,No,No,One year,No,Electronic check,96.96,290.75,Yes
7098-DZLJB,Male,0,Yes,Yes,29,Yes,Yes,No,No internet service,No internet service,No internet service,No internet service,No internet service,No internet service,Month-to-month,Yes,Electronic check,39.06,1119.69,No
2509-YNXYB,Male,0,No,No,44,Yes,Yes,DSL,No,No,Yes,No,No,No,One year,No,Credit card (automatic),65.04,2861.09,No
4426-WMNPS,Male,0,Yes,No,53,Yes,Yes,Fiber optic,No,Yes,No,No,No,Yes,Two year,No,Mailed check,101.56,5383.92,No
9447-XRPJC,Female,1,No,No,57,Yes,No,Fiber optic,No,No,Yes,No,Yes,No,Two year,No,Credit card (automatic),106.69,6085.93,No
7380-ASMUY,Female,0,Yes,Yes,56,Yes,Yes,No,No internet service,No internet service,No internet service,No internet service,No internet service,No internet service,Two year,Yes,Bank transfer (automatic),41.75,2329.01,No
5976-PMJCA,Female,0,No,No,10,Yes,No,DSL,No,No,Yes,Yes,Yes,Yes,Month-to-month,Yes,Mailed check,96.37,966.03,No
7506-XBHQS,Female,1,No,No,46,Yes,No,No,No internet service,No internet service,No internet service,No internet service,No internet service,No internet service,Two year,No,Credit card (automatic),32.74,1522.02,No
7616-SCGMB,Female,0,Yes,Yes,59,No,No phone service,Fiber optic,No,No,No,No,No,No,Month-to-month,Yes,Bank transfer (automatic),69.1,4079.18,Yes
4088-KZHZS,Female,0,No,No,40,Yes,Yes,Fiber optic,Yes,No,No,No,Yes,No,Month-to-month,No,Bank transfer (automatic),100.7,4026.79,No
7229-VWFLN,Male,0,No,No,66,Yes,No,Fiber optic,No,No,No,No,No,Yes,One year,Yes,Electronic check,103.22,6805.81,No
9789-AMFEU,Male,0,Yes,No,59,Yes,Yes,Fiber optic,No,Yes,No,No,No,Yes,One year,Yes,Credit card (automatic),103.44,6105.51,No
2816-VZUED,Male,0,Yes,Yes,70,Yes,Yes,Fiber optic,No,No,Yes,No,No,No,Two year,No,Credit card (automatic),96.26,6707.93,No
4933-PULEZ,Female,1,Yes,No,69,No,No phone service,Fiber optic,Yes,No,No,Yes,No,Yes,Two year,No,Credit card (automatic),87.96,6067.52,No
9140-RSYMD,Female,0,Yes,No,2,Yes,No,No,No internet service,No internet service,No internet service,No internet service,No internet service,No internet service,Two year,Yes,Electronic check,38.44,82.39,No
6453-LVUMJ,Female,0,Yes,Yes,29,Yes,Yes,No,No internet service,No internet service,No internet service,No internet service,No internet service,No internet service,One year,No,Credit card (automatic),44.55,1289.23,No
4798-RRNNZ,Male,0,Yes,No,65,No,No phone service,DSL,No,Yes,No,No,No,Yes,One year,Yes,Mailed check,57.02,3688.02,No
3283-EVYQK,Female,0,Yes,Yes,5,Yes,Yes,DSL,Yes,No,No,No,No,Yes,Month-to-month,Yes,Electronic check,75.2,398.39,No
4136-MBNGG,Male,0,Yes,Yes,4,Yes,No,DSL,No,Yes,No,No,No,No,Month-to-month,No,Bank transfer (automatic),73.53,270.91,Yes
6042-ZEXNZ,Male,0,Yes,No,20,Yes,Yes,DSL,Yes,Yes,No,No,Yes,No,Month-to-month,No,Bank transfer (automatic),83.96,1690.53,Yes
4439-ZRSPL,Male,0,Yes,No,27,Yes,No,Fiber optic,Yes,No,Yes,Yes,Yes,Yes,Month-to-month,No,Electronic check,118.75,3218.03,No
5725-WVASW,Male,0,No,No,45,Yes,No,DSL,No,Yes,No,Yes,No,No,Two year,Yes,Electronic check,75.4,3403.78,No
7696-MJSRJ,Male,0,Yes,No,40,Yes,No,Fiber optic,Yes,No,No,Yes,Yes,No,One year,Yes,Mailed check,111.16,4456.31,No
4656-JBABL,Male,1,Yes,Yes,53,Yes,No,Fiber optic,Yes,Yes,No,No,No,No,One year,No,Credit card (automatic),106.38,5646.21,No
5593-KYFKF,Male,0,No,No,16,Yes,Yes,DSL,No,No,No,No,Yes,No,Month-to-month,Yes,Electronic check,69.51,1131.06,No
3697-QHHSV,Female,0,No,No,35,Yes,No,DSL,No,Yes,No,No,No,No,One year,No,Bank transfer (automatic),61.43,2152.64,Yes
2912-CFPZD,Male,0,No,No,25,Yes,No,DSL,Yes,No,No,No,No,No,One year,Yes,Credit card (automatic),79.03,1966.82,No
1384-NZPYR,Female,0,No,No,65,Yes,Yes,DSL,No,Yes,No,No,Yes,Yes,Month-to-month,No,Credit card (automatic),75.84,4954.69,No
1284-LUNEE,Male,0,No,No,66,Yes,No,Fiber optic,No,No,Yes,No,Yes,No,Month-to-month,Yes,Electronic check,96.27,6341.14,No
6971-MPJJR,Female,0,No,No,60,Yes,No,DSL,No,No,Yes,Yes,No,Yes,One year,No,Bank transfer (automatic),88.66,5300.83,No
1069-LJUTL,Female,0,Yes,Yes,12,Yes,No,DSL,No,No,No,Yes,No,No,Month-to-month,Yes,Mailed check,69.35,822.49,No
3364-FFGUB,Male,0,No,No,6,Yes,No,DSL,No,No,No,Yes,No,Yes,One year,Yes,Bank transfer (automatic),79.68,482.44,No
1235-NFVUU,Female,0,No,No,39,Yes,No,DSL,Yes,No,Yes,No,Yes,No,Two year,Yes,Mailed check,89.98,3511.91,No
5112-LLEPW,Female,0,No,Yes,51,Yes,Yes,Fiber optic,No,Yes,Yes,No,No,Yes,Month-to-month,Yes,Credit card (automatic),113.08,5757.72,No
3309-BPKVW,Female,0,Yes,Yes,60,Yes,Yes,Fiber optic,No,No,No,No,Yes,Yes,Month-to-month,Yes,Bank transfer (automatic),98.49,5923.57,No
9554-KXCJG,Female,0,No,No,58,Yes,Yes,DSL,No,Yes,No,No,Yes,Yes,Month-to-month,Yes,Mailed check,83.64,4849.28,No
9306-QJDUR,Female,0,Yes,No,17,Yes,No,DSL,No,Yes,No,No,Yes,No,Month-to-month,Yes,Credit card (automatic),79.53,1349.43,No
8675-LDJQF,Male,0,No,No,25,Yes,Yes,DSL,No,No,No,Yes,Yes,Yes,One year,Yes,Credit card (automatic),76.97,1924.58,Yes
1636-VNKPT,Male,0,No,No,68,Yes,Yes,Fiber optic,Yes,No,Yes,No,Yes,No,Month-to-month,Yes,Electronic check,109.56,7471.55,No
1012-LGCAL,Male,0,No,No,51,Yes,No,DSL,Yes,Yes,No,Yes,No,No,Month-to-month,Yes,Bank transfer (automatic),81.12,4148.9,No
5895-NULQV,Male,0,Yes,Yes,71,Yes,No,Fiber optic,No,Yes,Yes,No,No,Yes,Month-to-month,Yes,Credit card (automatic),102.67,7289.49,No
6914-XFUSP,Male,1,Yes,No,15,Yes,No,Fiber optic,No,Yes,Yes,Yes,No,No,Two year,Yes,Credit card (automatic),97.89,1475.08,Yes
1033-NWRAG,Female,0,No,No,19,Yes,Yes,Fiber optic,No,Yes,Yes,No,No,No,Month-to-month,Yes,Credit card (automatic),101.49,1924.68,Yes
6123-VLWVG,Female,0,No,No,47,Yes,Yes,DSL,No,No,Yes,No,Yes,Yes,Month-to-month,Yes,Bank transfer (automatic),82.06,3847.57,No
2754-XQWYL,Male,0,Yes,No,34,No,No phone service,Fiber optic,No,No,Yes,No,Yes,No,Month-to-month,Yes,Electronic check,83.39,2823.87,No
1411-XQCNA,Male,0,No,Yes,71,No,No phone service,No,No internet service,No internet service,No internet service,No internet service,No internet service,No internet service,Month-to-month,No,Electronic check,18.25,1300.39,No
3607-JLPWJ,Male,0,No,No,0,Yes,No,DSL,No,No,Yes,No,No,No,Month-to-month,Yes,Electronic check,76.1, ,Yes
7617-YTGSG,Male,0,Yes,No,45,Yes,No,Fiber optic,No,Yes,No,Yes,Yes,No,Month-to-month,Yes,Bank transfer (automatic),101.59,4550.45,No
5300-RHAWT,Male,0,Yes,Yes,70,Yes,Yes,DSL,No,No,No,Yes,No,No,Two year,Yes,Credit card (automatic),66.53,4660.25,No
2108-KGZYS,Female,0,No,No,38,Yes,No,DSL,No,No,Yes,Yes,No,No,Two year,Yes,Mailed check,85.47,3223.95,No
4966-BFCUC,Male,0,No,No,10,Yes,No,Fiber optic,No,Yes,No,No,No,Yes,One year,No,Bank transfer (automatic),98.23,985.67,No
7096-YHSXL,Female,0,No,No,4,Yes,No,Fiber optic,Yes,Yes,No,Yes,Yes,No,Two year,Yes,Mailed check,116.46,476.4,No
5039-ELWRE,Female,0,No,No,31,Yes,No,DSL,No,No,No,Yes,No,No,Month-to-month,Yes,Electronic check,70.11,2159.83,No
5738-SBUEH,Female,0,Yes,No,55,Yes,Yes,DSL,No,No,No,No,No,No,Two year,No,Electronic check,67.27,3702.75,No
4746-NXFGK,Female,0,No,No,49,Yes,No,Fiber optic,No,No,Yes,No,Yes,No,Two year,Yes,Mailed check,107.71,5291.44,No
8714-ZLSYW,Female,0,No,No,7,Yes,Yes,No,No internet service,No internet service,No internet service,No internet service,No internet service,No internet service,One year,Yes,Bank transfer (automatic),45.51,296.71,No
7130-NZFJT,Female,0,Yes,No,47,Yes,Yes,No,No internet service,No internet service,No internet service,No internet service,No internet service,No internet service,Month-to-month,No,Bank transfer (automatic),41.31,1962.36,No
1188-NWEVK,Female,0,Yes,Yes,66,No,No phone service,DSL,No,No,No,No,No,Yes,Two year,Yes,Mailed check,46.1,3032.01,No
8743-RDTBF,Male,0,No,Yes,47,Yes,Yes,Fiber optic,No,Yes,No,No,No,No,Two year,Yes,Credit card (automatic),93.44,4399.0,No
8994-XBKCG,Female,0,Yes,No,18,Yes,No,Fiber optic,No,No,No,No,No,No,Month-to-month,Yes,Electronic check,89.29,1600.86,No
9706-ERVXJ,Male,0,No,No,1,Yes,No,Fiber optic,No,No,No,No,Yes,No,Month-to-month,No,Bank transfer (automatic),97.55,99.55,Yes
7271-MCFTS,Female,0,Yes,No,41,Yes,No,No,No internet service,No internet service,No internet service,No internet service,No internet service,No internet service,Month-to-month,Yes,Electronic check,37.19,1519.62,No
5689-USJHY,Male,1,Yes,No,53,Yes,No,DSL,Yes,Yes,No,Yes,No,No,One year,Yes,Mailed check,79.93,4230.29,No
9745-AUDWQ,Male,0,No,Yes,63,Yes,No,Fiber optic,No,No,No,No,No,No,Two year,Yes,Bank transfer (automatic),92.88,5858.91,No
7189-SQGVP,Male,0,Yes,No,54,Yes,No,DSL,No,No,No,No,Yes,Yes,Month-to-month,Yes,Mailed check,76.84,4141.67,No
5904-HAPJR,Female,0,Yes,Yes,34,Yes,No,Fiber optic,No,Yes,No,Yes,No,No,Month-to-month,Yes,Bank transfer (automatic),99.18,3375.55,Yes
4280-ZSLSR,Male,0,Yes,No,39,No,No phone service,Fiber optic,Yes,No,No,No,Yes,No,Month-to-month,Yes,Mailed check,84.99,3293.83,No
6584-PYHLG,Female,0,No,No,14,No,No phone service,DSL,No,Yes,No,No,No,No,Two year,Yes,Electronic check,53.69,756.4,No
6124-ZQEYU,Male,1,No,No,53,Yes,No,DSL,No,No,Yes,No,Yes,Yes,Month-to-month,Yes,Credit card (automatic),77.78,4117.19,Yes
4960-DKVPE,Female,0,Yes,Yes,48,Yes,Yes,Fiber optic,No,Yes,No,Yes,No,Yes,Two year,Yes,Bank transfer (automatic),106.42,5121.78,No
2426-ZLSJC,Female,0,No,No,0,Yes,No,DSL,No,No,No,Yes,Yes,Yes,Month-to-month,Yes,Bank transfer (automatic),78.75, ,Yes
4707-SJQLJ,Male,0,No,No,22,Yes,No,Fiber optic,Yes,Yes,Yes,No,No,No,Month-to-month,No,Credit card (automatic),104.76,2294.28,No
3294-GGTJT,Male,0,Yes,No,12,Yes,Yes,Fiber optic,No,No,Yes,Yes,Yes,Yes,Month-to-month,Yes,Bank transfer (automatic),110.67,1331.36,Yes
3799-HYXKG,Male,0,Yes,Yes,71,Yes,No,Fiber optic,Yes,No,No,No,Yes,No,Month-to-month,No,Electronic check,98.25,6966.54,Yes
7439-BLQSC,Female,0,No,No,5,Yes,No,Fiber optic,Yes,No,No,No,No,No,Two year,Yes,Bank transfer (automatic),101.78,491.72,No
1026-GCNYG,Male,0,Yes,No,37,No,No phone service,DSL,No,No,No,No,No,No,Month-to-month,Yes,Mailed check,41.09,1508.1,Yes
5082-FBSGP,Female,0,No,No,22,Yes,Yes,Fiber optic,Yes,Yes,No,No,Yes,Yes,One year,Yes,Electronic check,108.11,2369.23,No
7147-WEPXM,Male,1,Yes,No,67,Yes,No,DSL,No,Yes,Yes,No,No,No,Two year,Yes,Bank transfer (automatic),76.05,5072.6,No
1365-GVVHE,Male,0,No,Yes,14,Yes,No,No,No internet service,No internet service,No internet service,No internet service,No internet service,No internet service,Two year,Yes,Bank transfer (automatic),40.81,560.2,No
3625-FTWBT,Male,0,Yes,No,69,Yes,Yes,DSL,Yes,No,No,Yes,Yes,Yes,Two year,Yes,Mailed check,87.34,6067.65,No
7771-QWASD,Female,0,Yes,Yes,13,Yes,No,DSL,Yes,Yes,No,No,Yes,No,Month-to-month,Yes,Electronic check,88.35,1148.71,Yes
9072-MCTTM,Male,0,Yes,No,2,Yes,No,DSL,No,No,Yes,No,No,No,One year,Yes,Bank transfer (automatic),73.81,149.74,Yes
3793-AXEWQ,Male,0,No,No,30,Yes,No,No,No internet service,No internet service,No internet service,No internet service,No internet service,No internet service,Month-to-month,Yes,Electronic check,48.5,1452.07,No
7166-SWAZB,Male,0,Yes,No,36,Yes,No,Fiber optic,No,Yes,Yes,No,Yes,No,Two year,No,Electronic check,113.82,4113.95,Yes
9990-GWCMP,Female,0,Yes,No,45,Yes,No,Fiber optic,No,No,No,No,No,No,One year,Yes,Credit card (automatic),92.41,4157.43,No
9587-CARBU,Female,0,Yes,No,38,No,No phone service,DSL,Yes,Yes,No,No,Yes,No,Two year,Yes,Mailed check,70.45,2668.13,No
1344-ZNYDG,Male,0,Yes,Yes,39,Yes,No,DSL,No,No,No,Yes,Yes,No,Month-to-month,Yes,Bank transfer (automatic),68.98,2687.78,No
5093-ACHTT,Female,0,No,No,22,Yes,No,Fiber optic,No,No,No,No,No,Yes,One year,No,Electronic check,102.52,2271.39,No
1781-BRJVH,Male,0,Yes,Yes,61,Yes,No,Fiber optic,No,No,No,Yes,Yes,Yes,Two year,No,Mailed check,106.59,6513.69,No
4265-FGSMR,Female,0,No,No,39,Yes,No,Fiber optic,Yes,No,No,Yes,No,No,Month-to-month,No,Electronic check,105.77,4094.9,No
1707-NMXLC,Female,0,No,No,28,Yes,No,Fiber optic,No,No,No,No,No,No,Month-to-month,No,Electronic check,79.83,2234.12,No
7273-DXKUR,Male,0,No,No,5,Yes,No,Fiber optic,No,Yes,Yes,No,No,Yes,Month-to-month,No,Credit card (automatic),117.43,594.26,Yes
5183-QEBUZ,Female,0,No,No,29,Yes,Yes,DSL,No,No,Yes,Yes,No,No,Two year,No,Electronic check,75.29,2183.53,Yes
8756-HJJSQ,Male,0,Yes,No,32,Yes,Yes,DSL,Yes,No,No,No,No,Yes,Month-to-month,Yes,Credit card (automatic),80.75,2624.96,No
8167-YKRNY,Female,0,No,No,0,Yes,No,Fiber optic,Yes,No,No,Yes,Yes,No,Month-to-month,No,Mailed check,104.33, ,Yes
4185-EKQYV,Male,0,No,No,58,No,No phone service,No,No internet service,No internet service,No internet service,No internet service,No internet service,No internet service,Two year,Yes,Electronic check,18.25,1069.08,No
1165-NDJYZ,Female,0,No,No,55,Yes,No,No,No internet service,No internet service,No internet service,No internet service,No internet service,No internet service,Month-to-month,No,Electronic check,43.51,2371.88,No
2382-DSKLW,Female,0,No,No,17,Yes,No,Fiber optic,No,No,No,No,No,No,Two year,Yes,Electronic check,86.96,1456.41,Yes
9284-XUZTX,Female,0,No,No,43,Yes,Yes,Fiber optic,No,Yes,No,Yes,No,No,Two year,No,Mailed check,98.57,4226.59,No
5862-BVYHL,Male,0,Yes,Yes,9,Yes,No,DSL,No,Yes,No,Yes,Yes,Yes,Month-to-month,Yes,Electronic check,90.52,795.06,No
6148-RSKWV,Female,0,Yes,Yes,9,Yes,No,No,No internet service,No internet service,No internet service,No internet service,No internet service,No internet service,Month-to-month,Yes,Credit card (automatic),37.24,338.27,No
9479-PBWBE,Female,0,No,No,49,Yes,Yes,Fiber optic,No,Yes,No,No,No,No,Month-to-month,No,Electronic check,94.28,4606.98,No
3566-ETLFA,Female,0,No,No,13,Yes,Yes,DSL,No,No,Yes,Yes,Yes,No,Month-to-month,Yes,Mailed check,82.09,1040.69,No
2947-SVHBP,Male,0,Yes,No,67,Yes,No,Fiber optic,No,No,Yes,No,No,No,Month-to-month,No,Electronic check,98.27,6598.24,No
8045-BVEGQ,Male,0,No,No,12,Yes,No,DSL,No,No,No,No,Yes,Yes,One year,Yes,Bank transfer (automatic),73.21,879.4,Yes
1462-HDFUF,Male,0,Yes,No,47,Yes,Yes,No,No internet service,No internet service,No internet service,No internet service,No internet service,No internet service,Month-to-month,Yes,Electronic check,36.49,1715.62,No
1391-FCQZE,Male,0,Yes,No,29,Yes,No,Fiber optic,No,No,No,No,No,Yes,Two year,No,Bank transfer (automatic),100.12,2891.99,Yes
7558-JBSFN,Male,0,Yes,No,5,Yes,No,No,No internet service,No internet service,No internet service,No internet service,No internet service,No internet service,One year,Yes,Bank transfer (automatic),33.85,173.26,No
5563-QDGTY,Male,0,Yes,No,2,Yes,Yes,Fiber optic,Yes,No,Yes,No,No,No,Month-to-month,Yes,Credit card (automatic),102.05,206.88,Yes
1105-KXGLX,Male,0,No,No,10,Yes,Yes,Fiber optic,Yes,Yes,Yes,No,No,Yes,One year,Yes,Electronic check,113.41,1140.05,No
9719-RSQGX,Female,0,Yes,Yes,56,Yes,No,No,No internet service,No internet service,No internet service,No internet service,No internet service,No internet service,Month-to-month,No,Bank transfer (automatic),32.55,1813.86,No
1306-BQWVS,Male,0,No,No,72,Yes,Yes,DSL,No,No,Yes,No,No,Yes,Month-to-month,Yes,Electronic check,80.91,5817.32,No
4386-JLGLC,Male,0,No,No,23,Yes,No,DSL,No,Yes,Yes,No,Yes,No,Month-to-month,Yes,Electronic check,82.47,1885.69,Yes
3878-YSDGG,Female,0,No,No,19,Yes,Yes,Fiber optic,No,No,No,Yes,No,No,Month-to-month,Yes,Credit card (automatic),99.47,1874.48,Yes
3534-SXTMD,Male,0,Yes,Yes,67,Yes,Yes,No,No internet service,No internet service,No internet service,No internet service,No internet service,No internet service,One year,Yes,Credit card (automatic),39.07,2645.46,No
2285-VSNPW,Male,0,Yes,No,29,Yes,No,DSL,Yes,No,Yes,No,Yes,No,Month-to-month,Yes,Electronic check,80.78,2300.36,No
8323-CKBKR,Female,0,No,No,19,Yes,No,DSL,Yes,No,Yes,No,No,No,Month-to-month,No,Bank transfer (automatic),84.1,1577.3,Yes
2875-DMNTA,Male,0,No,No,40,Yes,Yes,Fiber optic,No,Yes,No,No,No,Yes,Two year,No,Bank transfer (automatic),101.28,4050.59,No
3231-USXVW,Male,0,Yes,No,26,Yes,No,No,No internet service,No internet service,No internet service,No internet service,No internet service,No internet service,Month-to-month,No,Electronic check,36.82,942.05,No
5595-ZKXKL,Male,0,Yes,Yes,21,Yes,No,No,No internet service,No internet service,No internet service,No internet service,No internet service,No internet service,Month-to-month,No,Electronic check,42.13,884.12,Yes
7170-KDXLY,Male,0,No,No,67,No,No phone service,No,No internet service,No internet service,No internet service,No internet service,No internet service,No internet service,Month-to-month,No,Credit card (automatic),18.25,1198.35,No
4591-ZQUUE,Female,1,Yes,Yes,53,Yes,No,Fiber optic,No,No,Yes,No,No,No,Two year,Yes,Mailed check,95.94,5052.03,No
8338-YRYWR,Female,1,Yes,No,12,Yes,No,Fiber optic,No,No,No,Yes,No,Yes,One year,No,Electronic check,97.8,1165.43,Yes
5294-WEPVY,Female,1,No,No,43,Yes,No,DSL,No,No,No,Yes,Yes,No,Month-to-month,Yes,Electronic check,83.62,3610.19,No
3403-CJWNB,Female,0,No,No,61,Yes,Yes,Fiber optic,No,No,Yes,No,Yes,No,Month-to-month,Yes,Credit card (automatic),101.66,6203.26,No
2074-JJDMM,Female,0,Yes,No,35,No,No phone service,No,No internet service,No internet service,No internet service,No internet service,No internet service,No internet service,One year,Yes,Mailed check,19.83,,No
2793-FRYZP,Female,1,No,No,11,Yes,Yes,Fiber optic,No,No,No,No,Yes,No,Month-to-month,No,Mailed check,97.77,1093.41,Yes
1346-XYGKA,Female,0,Yes,No,35,No,No phone service,Fiber optic,Yes,Yes,No,No,No,No,Month-to-month,No,Electronic check,82.58,2899.36,No
8210-UASKP,Male,0,No,No,36,No,No phone service,No,No internet service,No internet service,No internet service,No internet service,No internet service,No internet service,One year,Yes,Electronic check,23.09,817.02,No
2964-VKWDQ,Female,0,No,No,14,Yes,No,Fiber optic,Yes,No,Yes,No,No,Yes,Month-to-month,No,Mailed check,112.74,1570.25,Yes
3791-ZPTCS,Female,0,No,No,63,Yes,Yes,Fiber optic,No,No,No,No,No,No,Month-to-month,No,Electronic check,94.34,5925.01,No
1909-JFAQF,Male,0,No,No,2,Yes,No,DSL,No,No,No,No,Yes,No,One year,No,Electronic check,63.96,120.88,No
5612-UETHH,Male,1,No,No,11,Yes,No,Fiber optic,Yes,No,Yes,No,No,No,Month-to-month,No,Electronic check,101.55,1104.05,Yes
6192-RREPG,Female,1,Yes,No,7,Yes,No,Fiber optic,No,No,No,No,No,No,Month-to-month,No,Bank transfer (automatic),91.76,644.99,Yes
3492-YCKLF,Male,0,No,No,2,Yes,No,Fiber optic,No,Yes,No,No,No,No,Two year,Yes,Electronic check,101.54,185.79,Yes
8067-MTKXT,Female,0,No,No,21,Yes,Yes,DSL,No,No,Yes,No,No,Yes,Month-to-month,Yes,Credit card (automatic),69.17,1444.09,Yes
3998-ZWQAQ,Female,0,No,No,17,Yes,No,Fiber optic,No,No,No,Yes,No,No,One year,Yes,Credit card (automatic),104.93,1797.86,Yes
7216-JDPVH,Male,0,Yes,Yes,59,Yes,Yes,No,No internet service,No internet service,No internet service,No internet service,No internet service,No internet service,Month-to-month,No,Mailed check,37.92,2251.1,No
5106-ASWUL,Female,0,Yes,Yes,19,Yes,No,DSL,No,No,No,No,No,No,Two year,Yes,Credit card (automatic),63.01,1204.11,No
1405-MYCFW,Male,0,No,No,17,Yes,No,DSL,No,Yes,No,No,No,No,One year,Yes,Electronic check,66.91,1117.9,Yes
6113-EAKQW,Male,0,Yes,No,29,Yes,No,No,No internet service,No internet service,No internet service,No internet service,No internet service,No internet service,Month-to-month,Yes,Mailed check,36.82,1113.26,No
8953-LLYUF,Female,0,No,No,6,Yes,Yes,DSL,No,No,Yes,No,No,No,Month-to-month,Yes,Mailed check,74.93,441.87,No
7130-TFZHP,Female,1,No,Yes,54,Yes,Yes,DSL,No,No,No,No,No,No,Month-to-month,Yes,Credit card (automatic),62.55,3381.33,Yes
5443-SXKKU,Male,0,Yes,No,59,Yes,Yes,DSL,Yes,Yes,No,No,No,Yes,Two year,No,Mailed check,77.3,4553.48,No
9569-XUSUY,Male,0,Yes,No,3,Yes,Yes,Fiber optic,Yes,No,No,No,No,No,One year,No,Electronic check,97.92,289.94,Yes
1095-QAPKH,Male,0,Yes,No,46,Yes,No,DSL,No,No,No,No,No,No,One year,No,Bank transfer (automatic),63.51,2881.64,No
9018-TPXCR,Female,0,Yes,No,41,Yes,No,Fiber optic,No,Yes,No,No,No,Yes,Two year,No,Bank transfer (automatic),110.0,4515.23,No
2406-FEPRU,Male,0,No,No,71,Yes,Yes,DSL,No,Yes,Yes,No,No,No,Month-to-month,No,Electronic check,85.51,6053.88,No
4965-YJDAD,Male,0,Yes,No,52,Yes,No,Fiber optic,No,Yes,No,No,No,Yes,Month-to-month,Yes,Bank transfer (automatic),105.23,5490.12,No
5005-KWDGZ,Male,0,Yes,Yes,66,Yes,No,Fiber optic,Yes,No,No,No,Yes,No,Two year,Yes,Bank transfer (automatic),100.1,6611.86,No
1257-LENZF,Female,0,No,No,58,Yes,Yes,DSL,Yes,No,Yes,No,Yes,No,Two year,No,Electronic check,87.79,5114.11,No
4332-LVZCM,Female,0,No,No,44,Yes,Yes,Fiber optic,No,Yes,Yes,No,Yes,No,Month-to-month,No,Electronic check,114.54,5029.65,Yes
7772-AVFNZ,Female,1,Yes,No,70,Yes,No,DSL,No,No,No,Yes,No,No,Month-to-month,Yes,Bank transfer (automatic),77.7,5424.26,No
6715-ZQFSQ,Male,1,Yes,Yes,44,Yes,No,No,No internet service,No internet service,No internet service,No internet service,No internet service,No internet service,Month-to-month,Yes,Bank transfer (automatic),43.42,1924.43,No
3796-BRPUD,Female,0,No,No,60,Yes,Yes,No,No internet service,No internet service,No internet service,No internet service,No internet service,No internet service,One year,Yes,Electronic check,43.51,2616.96,No
5848-VXYFE,Female,1,No,No,32,Yes,No,Fiber optic,Yes,No,Yes,Yes,Yes,No,One year,No,Electronic check,113.95,3655.79,No
6183-MFCDJ,Female,0,No,No,7,Yes,Yes,DSL,No,No,No,No,Yes,No,One year,Yes,Electronic check,70.02,486.71,No
7654-BCGWZ,Male,1,Yes,No,48,Yes,Yes,DSL,Yes,No,No,No,No,Yes,Two year,Yes,Credit card (automatic),84.66,4046.15,No
4961-BAWLB,Female,1,No,No,12,No,No phone service,No,No internet service,No internet service,No internet service,No internet service,No internet service,No internet service,Month-to-month,No,Mailed check,18.25,204.61,No
8500-NJLFY,Male,0,No,No,37,Yes,Yes,DSL,Yes,No,No,No,No,Yes,Two year,No,Mailed check,75.98,2822.97,No
8089-ETELT,Female,0,No,No,52,Yes,No,DSL,Yes,No,No,No,No,Yes,Month-to-month,Yes,Electronic check,74.07,3859.62,No
1327-TFSMA,Male,0,No,No,63,Yes,No,No,No internet service,No internet service,No internet service,No internet service,No internet service,No internet service,Month-to-month,Yes,Mailed check,44.7,2824.28,No
7856-GYWEQ,Female,0,No,No,15,Yes,No,Fiber optic,No,No,Yes,No,No,Yes,Two year,Yes,Credit card (automatic),106.64,1592.64,No
4257-QPHRG,Female,0,Yes,Yes,65,Yes,Yes,Fiber optic,No,No,No,No,Yes,Yes,Two year,Yes,Credit card (automatic),101.25,6562.26,No
9165-YDTYD,Male,0,No,No,18,Yes,Yes,No,No internet service,No internet service,No internet service,No internet service,No internet service,No internet service,Two year,Yes,Mailed check,39.8,707.71,No
7655-YFPVJ,Male,0,No,No,57,Yes,Yes,Fiber optic,No,No,No,No,No,Yes,Two year,Yes,Credit card (automatic),98.41,5597.31,No
3140-KJTJK,Female,0,Yes,No,61,Yes,Yes,Fiber optic,No,Yes,No,Yes,Yes,Yes,Month-to-month,No,Mailed check,110.0,6734.2,No
9499-PYTXE,Female,0,Yes,No,47,Yes,Yes,DSL,No,No,No,Yes,No,Yes,Month-to-month,Yes,Bank transfer (automatic),81.71,3857.3,No
9442-YAJKL,Male,0,Yes,No,33,Yes,No,Fiber optic,No,No,No,Yes,No,No,Month-to-month,No,Mailed check,100.05,3292.67,No
8004-SFQZL,Female,0,No,No,42,Yes,No,Fiber optic,No,No,Yes,No,No,Yes,Month-to-month,Yes,Bank transfer (automatic),105.66,4469.38,Yes
9352-RYXAV,Female,0,No,No,28,Yes,Yes,DSL,No,No,No,No,No,No,Two year,Yes,Bank transfer (automatic),68.8,1932.41,No
2701-VVGBL,Female,1,No,No,7,No,No phone service,No,No internet service,No internet service,No internet service,No internet service,No internet service,No internet service,Month-to-month,Yes,Electronic check,22.08,152.55,No
3726-PBBLU,Female,1,No,Yes,34,Yes,No,Fiber optic,Yes,Yes,No,No,No,No,Month-to-month,Yes,Credit card (automatic),105.46,3580.45,No
3834-HDGHG,Male,0,No,No,1,Yes,No,Fiber optic,Yes,No,No,No,Yes,Yes,Two year,Yes,Electronic check,106.37,120.36,Yes
4092-GSJUQ,Female,0,No,No,18,Yes,Yes,No,No internet service,No internet service,No internet service,No internet service,No internet service,No internet service,One year,Yes,Bank transfer (automatic),35.89,637.36,No
6763-QYGZE,Male,1,Yes,No,72,Yes,No,DSL,No,No,Yes,Yes,Yes,No,Month-to-month,Yes,Credit card (automatic),83.71,6044.24,Yes
2243-VXCQN,Female,1,Yes,No,6,No,No phone service,Fiber optic,No,Yes,No,No,No,Yes,Two year,Yes,Electronic check,83.48,494.63,Yes
2980-NSPNX,Female,0,No,No,4,No,No phone service,Fiber optic,No,No,No,Yes,Yes,Yes,One year,Yes,Credit card (automatic),89.17,364.87,Yes
3029-QHZGW,Female,1,No,No,71,Yes,Yes,Fiber optic,No,Yes,Yes,No,No,Yes,One year,Yes,Bank transfer (automatic),106.25,7557.22,No
6688-FUFGJ,Female,0,No,No,52,Yes,No,DSL,Yes,Yes,No,No,No,Yes,Month-to-month,No,Bank transfer (automatic),84.29,4371.56,No
7134-KPPEF,Male,0,No,No,21,Yes,Yes,DSL,Yes,No,No,Yes,No,Yes,One year,No,Electronic check,83.23,1754.73,No
3761-FYKKS,Female,0,No,No,8,Yes,No,DSL,No,Yes,No,Yes,Yes,Yes,Month-to-month,Yes,Mailed check,89.04,731.19,Yes
8091-SPZXE,Male,0,Yes,Yes,37,Yes,No,No,No internet service,No internet service,No internet service,No internet service,No internet service,No internet service,One year,No,Mailed check,39.05,1429.43,No
2440-KWZSS,Female,1,Yes,No,68,Yes,Yes,DSL,No,No,Yes,No,Yes,No,Month-to-month,Yes,Credit card (automatic),79.75,5423.96,No
3103-QENEB,Female,0,Yes,No,4,Yes,No,Fiber optic,No,No,No,No,No,No,Month-to-month,No,Mailed check,95.75,406.35,Yes
9704-XSRFP,Male,0,No,No,72,Yes,Yes,DSL,No,Yes,Yes,No,No,No,Month-to-month,Yes,Mailed check,71.22,5134.72,No
7732-NGKWG,Female,0,No,No,10,No,No phone service,Fiber optic,Yes,No,Yes,Yes,Yes,No,Two year,Yes,Mailed check,90.79,908.48,No
9651-UXNFA,Female,1,Yes,No,71,Yes,No,DSL,No,No,No,No,No,No,Month-to-month,Yes,Credit card (automatic),64.56,4597.19,No
5813-KCYZJ,Female,0,No,Yes,7,Yes,Yes,Fiber optic,Yes,No,No,No,No,No,Month-to-month,Yes,Bank transfer (automatic),94.99,691.04,No
7011-KMQKV,Female,0,No,No,19,Yes,Yes,Fiber optic,Yes,No,Yes,No,No,Yes,One year,No,Mailed check,112.64,2150.73,No
2703-SZWBC,Male,1,Yes,No,3,Yes,Yes,No,No internet service,No internet service,No internet service,No internet service,No internet service,No internet service,Two year,Yes,Bank transfer (automatic),45.28,161.22,No
6657-YWXDN,Female,0,No,No,32,Yes,No,Fiber optic,Yes,No,No,No,No,Yes,Two year,No,Electronic check,101.43,3245.68,No
7532-QUFLL,Female,1,Yes,No,47,Yes,Yes,No,No internet service,No internet service,No internet service,No internet service,No internet service,No internet service,Two year,Yes,Credit card (automatic),39.63,1880.91,No
9457-EHADZ,Female,0,No,No,10,Yes,Yes,No,No internet service,No internet service,No internet service,No internet service,No internet service,No internet service,Two year,Yes,Bank transfer (automatic),37.68,366.69,No
8628-GSQXH,Male,0,No,No,1,Yes,Yes,DSL,No,No,No,No,Yes,No,Two year,Yes,Electronic check,69.58,97.91,No
9948-JTKSJ,Male,1,Yes,Yes,9,Yes,No,Fiber optic,Yes,Yes,Yes,Yes,No,No,Month-to-month,No,Electronic check,107.9,973.7,No
8588-RGZTL,Female,0,No,No,33,Yes,No,Fiber optic,Yes,No,No,No,Yes,Yes,Month-to-month,Yes,Mailed check,106.33,3511.73,No
2222-ZUSVQ,Female,1,No,No,37,No,No phone service,Fiber optic,No,No,Yes,No,No,No,Month-to-month,Yes,Bank transfer (automatic),79.47,2962.41,Yes
3087-FBBTW,Female,0,Yes,No,48,Yes,Yes,Fiber optic,No,Yes,No,No,No,No,Two year,No,Electronic check,100.96,4848.78,No
2475-PCKUV,Female,0,No,No,69,Yes,Yes,Fiber optic,No,No,Yes,No,No,No,Two year,Yes,Credit card (automatic),95.6,6594.58,No
9537-HYUJH,Female,0,No,No,26,Yes,No,No,No internet service,No internet service,No internet service,No internet service,No internet service,No internet service,Month-to-month,Yes,Mailed check,34.59,891.92,No
1967-YEGKD,Male,0,No,No,42,Yes,No,Fiber optic,No,Yes,Yes,No,No,No,One year,Yes,Credit card (automatic),111.81,4702.83,No
8252-SDDAY,Female,1,Yes,Yes,10,Yes,No,DSL,No,Yes,No,Yes,Yes,No,Month-to-month,No,Electronic check,87.72,874.58,Yes
4921-RDFNF,Female,0,Yes,Yes,24,Yes,No,No,No internet service,No internet service,No internet service,No internet service,No internet service,No internet service,Two year,No,Mailed check,43.1,1031.04,No
6515-YHQXX,Female,0,Yes,Yes,16,Yes,No,Fiber optic,Yes,Yes,Yes,No,Yes,No,Month-to-month,Yes,Credit card (automatic),112.15,1810.42,Yes
1069-CZYHN,Male,1,Yes,No,13,Yes,No,DSL,No,No,No,No,No,Yes,One year,No,Mailed check,63.71,841.18,No
6154-SUJXB,Male,0,No,No,11,Yes,No,No,No internet service,No internet service,No internet service,No internet service,No internet service,No internet service,Month-to-month,Yes,Bank transfer (automatic),34.29,362.47,No
1291-YEZGJ,Male,0,No,No,3,Yes,No,Fiber optic,Yes,Yes,No,No,No,Yes,Month-to-month,No,Bank transfer (automatic),108.31,309.92,Yes
1251-YJEMD,Female,1,Yes,No,21,Yes,Yes,DSL,Yes,Yes,Yes,No,Yes,Yes,Two year,Yes,Mailed check,94.13,1948.06,No
8107-BMKAB,Female,0,No,No,3,Yes,Yes,No,No internet service,No internet service,No internet service,No internet service,No internet service,No internet service,Month-to-month,Yes,Credit card (automatic),39.62,97.78,No
5667-KDDVT,Male,0,No,No,26,Yes,No,Fiber optic,No,No,No,Yes,No,Yes,Month-to-month,No,Mailed check,106.18,2791.83,Yes
6469-WBSUE,Male,0,No,No,4,Yes,Yes,DSL,Yes,No,No,Yes,No,No,Month-to-month,Yes,Mailed check,78.11,309.14,No
5826-UQFRU,Female,0,No,No,28,Yes,Yes,DSL,No,Yes,Yes,No,No,Yes,Month-to-month,No,Bank transfer (automatic),79.11,2225.67,No
1087-PNJBC,Female,0,Yes,Yes,59,Yes,Yes,No,No internet service,No internet service,No internet service,No internet service,No internet service,No internet service,Month-to-month,No,Electronic check,38.26,2258.22,No
7750-VLYYR,Male,0,No,No,16,Yes,No,DSL,Yes,Yes,No,No,No,Yes,One year,Yes,Credit card (automatic),82.51,1333.54,No
6227-ZQYZE,Male,0,Yes,No,6,Yes,No,Fiber optic,No,No,No,No,No,No,One year,Yes,Electronic check,92.24,567.41,Yes
6945-TVJWM,Male,0,Yes,Yes,17,Yes,Yes,DSL,No,No,No,Yes,Yes,Yes,Month-to-month,No,Credit card (automatic),80.56,1342.48,No
4481-DHZTT,Female,0,No,No,31,Yes,No,No,No internet service,No internet service,No internet service,No internet service,No internet service,No internet service,Two year,Yes,Mailed check,46.0,1425.72,No
9059-GRJWL,Female,1,Yes,No,46,Yes,No,DSL,No,No,No,No,Yes,Yes,Month-to-month,Yes,Bank transfer (automatic),76.81,3535.13,No
8693-TUYUH,Female,0,Yes,No,45,Yes,Yes,Fiber optic,No,Yes,Yes,No,Yes,No,One year,Yes,Credit card (automatic),116.82,5265.34,No
5693-MBQLK,Female,0,Yes,Yes,1,Yes,Yes,No,No internet service,No internet service,No internet service,No internet service,No internet service,No internet service,Two year,Yes,Credit card (automatic),38.75,31.21,No
1986-NPCRE,Female,1,Yes,No,67,No,No phone service,Fiber optic,Yes,No,Yes,Yes,No,No,Two year,Yes,Credit card (automatic),87.9,5894.68,No
2304-KKXBJ,Female,0,Yes,No,32,Yes,Yes,Fiber optic,No,No,Yes,Yes,No,No,One year,No,Bank transfer (automatic),95.74,3056.89,No
7609-FZTYY,Male,1,Yes,Yes,23,Yes,Yes,Fiber optic,No,No,No,No,Yes,Yes,Month-to-month,Yes,Mailed check,99.36,2271.43,Yes
1982-MTALS,Male,1,Yes,No,67,Yes,Yes,No,No internet service,No internet service,No internet service,No internet service,No internet service,No internet service,Month-to-month,No,Electronic check,40.81,2729.61,No
8135-KWSBG,Female,0,No,No,13,Yes,Yes,Fiber optic,No,No,Yes,No,Yes,No,One year,Yes,Mailed check,100.66,1293.99,Yes
9440-ACJZS,Male,0,No,Yes,55,Yes,No,No,No internet service,No internet service,No internet service,No internet service,No internet service,No internet service,One year,Yes,Bank transfer (automatic),41.24,2283.08,No
2328-KYFPM,Male,0,No,No,71,Yes,No,DSL,Yes,Yes,No,Yes,Yes,No,One year,No,Electronic check,86.62,6149.37,No
7843-UVCLS,Female,0,No,No,24,Yes,Yes,No,No internet service,No internet service,No internet service,No internet service,No internet service,No internet service,Two year,No,Bank transfer (automatic),41.62,985.81,No
4770-SRJCZ,Female,0,No,No,31,No,No phone service,DSL,No,Yes,Yes,No,Yes,Yes,One year,No,Mailed check,72.14,,No
8433-XHHHA,Female,0,No,No,40,Yes,No,Fiber optic,No,No,No,Yes,No,Yes,Two year,Yes,Bank transfer (automatic),102.07,4083.6,Yes
2527-HZENP,Male,0,Yes,No,60,Yes,No,Fiber optic,No,No,No,No,No,Yes,Two year,Yes,Bank transfer (automatic),100.81,6032.96,No
4237-YCWTH,Female,0,Yes,Yes,71,Yes,No,No,No internet service,No internet service,No internet service,No internet service,No internet service,No internet service,Two year,Yes,Credit card (automatic),39.07,2786.21,No
7908-LZAAP,Male,0,No,No,41,Yes,Yes,Fiber optic,No,No,No,No,Yes,No,Month-to-month,No,Mailed check,89.37,3662.38,No
9382-BUYMW,Male,0,No,No,52,Yes,No,DSL,No,Yes,No,No,Yes,No,Two year,No,Bank transfer (automatic),84.83,4418.08,No
7811-FWSAP,Female,0,No,No,62,Yes,No,DSL,Yes,Yes,Yes,No,No,No,Two year,Yes,Bank transfer (automatic),79.83,4944.34,No
6888-VUMHE,Male,0,No,No,43,Yes,Yes,No,No internet service,No internet service,No internet service,No internet service,No internet service,No internet service,One year,Yes,Mailed check,36.64,1562.93,No
1800-RZBSQ,Male,0,Yes,Yes,57,Yes,No,DSL,No,No,Yes,No,No,No,Month-to-month,No,Bank transfer (automatic),61.27,3476.63,No
2546-FGSHV,Male,0,Yes,No,40,Yes,Yes,Fiber optic,No,Yes,Yes,No,No,Yes,Month-to-month,Yes,Electronic check,106.97,4291.09,Yes
4327-CCKKT,Male,0,No,No,40,Yes,Yes,Fiber optic,No,Yes,No,No,No,Yes,One year,Yes,Bank transfer (automatic),101.43,4070.7,No
5306-DFPJS,Female,0,Yes,Yes,65,Yes,Yes,Fiber optic,No,No,No,No,No,No,One year,Yes,Credit card (automatic),83.75,5433.93,No
9306-JPVFN,Male,0,Yes,Yes,26,No,No phone service,DSL,Yes,No,No,No,No,Yes,Two year,Yes,Electronic check,54.08,1395.44,No
3746-RTDEA,Female,1,No,No,14,Yes,No,Fiber optic,Yes,Yes,Yes,No,No,No,Month-to-month,Yes,Bank transfer (automatic),109.39,1509.99,Yes
1108-BSXKX,Male,0,No,No,52,Yes,No,No,No internet service,No internet service,No internet service,No internet service,No internet service,No internet service,Month-to-month,Yes,Credit card (automatic),38.83,2031.86,No
7566-VTENN,Female,0,No,No,42,Yes,No,No,No internet service,No internet service,No internet service,No internet service,No internet service,No internet service,One year,Yes,Bank transfer (automatic),40.48,1706.37,No
6773-VCSVC,Female,0,Yes,No,40,Yes,No,Fiber optic,No,No,No,No,No,No,Two year,Yes,Mailed check,101.2,4032.36,No
4734-XADVE,Male,0,Yes,Yes,25,Yes,Yes,DSL,Yes,Yes,No,Yes,No,No,Month-to-month,Yes,Bank transfer (automatic),80.22,2034.86,Yes
7317-XMMLJ,Female,0,No,No,52,Yes,Yes,Fiber optic,No,Yes,Yes,No,No,No,Month-to-month,No,Mailed check,98.67,5137.55,Yes
4420-PXZWC,Female,0,No,No,34,Yes,No,Fiber optic,Yes,Yes,Yes,No,Yes,Yes,Two year,Yes,Mailed check,117.35,3983.68,No
3760-UPJHC,Male,0,No,Yes,47,Yes,Yes,DSL,No,No,Yes,No,Yes,Yes,Month-to-month,Yes,Credit card (automatic),85.12,4011.99,No
3991-LKPGE,Female,0,Yes,Yes,2,Yes,Yes,Fiber optic,No,No,No,No,Yes,Yes,Month-to-month,Yes,Mailed check,101.24,200.39,Yes
8986-KGRPP,Female,0,Yes,No,68,Yes,No,No,No internet service,No internet service,No internet service,No internet service,No internet service,No internet service,Two year,Yes,Credit card (automatic),39.33,2654.63,No
2993-TEWLK,Female,1,Yes,Yes,57,Yes,Yes,Fiber optic,No,No,No,No,No,No,Two year,Yes,Bank transfer (automatic),90.86,5166.31,No
4496-LRMDP,Female,0,No,No,36,Yes,Yes,Fiber optic,Yes,No,No,No,No,No,Month-to-month,No,Mailed check,92.07,3316.55,No
3402-CWHQE,Female,1,Yes,No,13,Yes,Yes,Fiber optic,Yes,No,No,No,No,Yes,Two year,No,Credit card (automatic),102.96,1339.99,No
4053-KDZHP,Female,0,Yes,Yes,71,Yes,No,Fiber optic,No,Yes,Yes,No,No,No,Two year,Yes,Electronic check,95.44,6772.12,No
6089-LQPBS,Female,0,Yes,No,41,Yes,Yes,Fiber optic,No,No,No,No,No,No,Two year,Yes,Credit card (automatic),82.43,3394.19,No
2027-LJLBS,Female,0,Yes,No,33,Yes,No,Fiber optic,No,No,No,No,No,Yes,Month-to-month,Yes,Bank transfer (automatic),91.37,2996.33,Yes
4766-BANRP,Female,0,No,No,67,Yes,Yes,Fiber optic,No,No,No,No,Yes,No,One year,Yes,Mailed check,104.49,6998.6,No
7483-UWZXV,Male,0,Yes,Yes,66,Yes,Yes,No,No internet service,No internet service,No internet service,No internet service,No internet service,No internet service,Month-to-month,Yes,Mailed check,37.3,2455.78,No
4878-NQESQ,Female,0,No,No,18,Yes,No,No,No internet service,No internet service,No internet service,No internet service,No internet service,No internet service,Month-to-month,Yes,Credit card (automatic),37.8,698.34,No
5681-WSYZV,Male,0,No,No,49,Yes,Yes,Fiber optic,No,Yes,Yes,No,Yes,Yes,One year,Yes,Credit card (automatic),117.74,5761.07,No
3680-EHTWX,Male,0,Yes,No,23,No,No phone service,Fiber optic,No,Yes,No,No,No,No,Month-to-month,Yes,Mailed check,73.25,1695.77,Yes
7155-SYSDN,Female,0,Yes,Yes,2,No,No phone service,Fiber optic,No,No,No,Yes,No,Yes,Month-to-month,Yes,Credit card (automatic),80.97,183.91,No
4227-RRHHC,Male,1,Yes,No,29,Yes,Yes,No,No internet service,No internet service,No internet service,No internet service,No internet service,No internet service,Month-to-month,No,Mailed check,33.41,971.54,No
3638-VRYYW,Female,0,Yes,No,17,Yes,No,No,No internet service,No internet service,No internet service,No internet service,No internet service,No internet service,Month-to-month,Yes,Bank transfer (automatic),43.35,749.12,No
2616-JBCFG,Male,1,No,Yes,39,Yes,No,Fiber optic,No,Yes,Yes,No,No,No,Two year,No,Bank transfer (automatic),103.45,4046.6,No
1138-WNRRZ,Female,0,No,No,32,Yes,No,Fiber optic,No,Yes,No,No,No,Yes,Two year,No,Electronic check,103.65,3329.92,No
2325-JHPNU,Female,0,Yes,No,16,Yes,Yes,Fiber optic,No,No,No,No,No,Yes,Month-to-month,No,Electronic check,101.17,1604.16,No
6045-FPZPQ,Male,0,Yes,No,33,Yes,Yes,No,No internet service,No internet service,No internet service,No internet service,No internet service,No internet service,One year,No,Bank transfer (automatic),45.87,1515.49,No
2583-AFALX,Male,0,No,No,53,Yes,No,DSL,Yes,No,No,No,Yes,No,Two year,No,Electronic check,76.08,4016.21,No
5020-RWURU,Female,0,No,No,45,Yes,Yes,Fiber optic,Yes,No,No,Yes,Yes,Yes,Month-to-month,Yes,Credit card (automatic),109.53,4944.93,No
3524-LKVKY,Male,0,Yes,Yes,45,No,No phone service,DSL,No,Yes,No,No,No,Yes,One year,Yes,Mailed check,57.45,2559.8,No
2679-ETUSH,Male,1,Yes,Yes,9,Yes,Yes,Fiber optic,No,No,No,No,Yes,No,Month-to-month,Yes,Electronic check,92.81,843.0,Yes
1082-HMKYW,Male,0,Yes,No,6,Yes,No,Fiber optic,No,Yes,No,No,No,No,Two year,No,Bank transfer (automatic),105.53,631.47,No
7974-ADLQS,Female,0,Yes,No,46,Yes,No,Fiber optic,Yes,No,No,No,Yes,Yes,Month-to-month,Yes,Bank transfer (automatic),105.65,4854.97,No
3666-CHVZY,Male,0,No,No,37,Yes,No,DSL,Yes,Yes,Yes,No,No,No,Two year,Yes,Bank transfer (automatic),74.78,2739.99,No
6338-CZDGZ,Male,0,No,No,45,Yes,No,No,No internet service,No internet service,No internet service,No internet service,No internet service,No internet service,Month-to-month,Yes,Credit card (automatic),35.5,1596.36,No
5534-ENBHY,Male,0,Yes,No,26,Yes,Yes,Fiber optic,Yes,Yes,No,Yes,No,No,One year,Yes,Bank transfer (automatic),107.16,2765.78,No
3686-XPRSP,Female,0,No,No,7,Yes,Yes,DSL,No,No,No,Yes,No,Yes,One year,No,Bank transfer (automatic),75.93,525.92,No
1308-YMRPR,Male,0,Yes,Yes,25,Yes,Yes,No,No internet service,No internet service,No internet service,No internet service,No internet service,No internet service,Month-to-month,No,Mailed check,42.53,1064.8,No
4191-WFRPN,Female,0,Yes,Yes,47,Yes,No,Fiber optic,No,Yes,Yes,No,Yes,Yes,Two year,Yes,Bank transfer (automatic),109.67,5155.33,No
1197-KBNSN,Female,0,No,Yes,71,Yes,No,Fiber optic,No,No,No,No,No,No,Month-to-month,No,Mailed check,95.47,6772.75,No
7812-JHLFV,Male,0,No,Yes,41,Yes,Yes,DSL,No,No,No,No,No,Yes,Month-to-month,No,Mailed check,65.89,2683.6,No
8286-KVADG,Male,0,No,No,29,Yes,No,DSL,No,Yes,Yes,No,Yes,No,Two year,No,Bank transfer (automatic),83.69,2423.94,No
4490-FNVLL,Female,0,Yes,No,26,Yes,No,DSL,No,No,No,Yes,No,Yes,Month-to-month,No,Bank transfer (automatic),79.35,2087.07,No
1539-GVVCA,Male,0,Yes,Yes,1,Yes,No,Fiber optic,No,No,Yes,No,No,No,Month-to-month,No,Electronic check,94.74,83.17,Yes
8478-EPVUP,Female,0,No,No,14,Yes,No,Fiber optic,No,No,Yes,No,No,Yes,Month-to-month,No,Mailed check,97.34,1361.39,Yes
4389-USWNY,Male,0,Yes,No,25,No,No phone service,No,No internet service,No internet service,No internet service,No internet service,No internet service,No internet service,Month-to-month,Yes,Electronic check,24.33,621.98,No
7926-BHVCT,Male,1,No,No,44,Yes,No,Fiber optic,No,No,No,Yes,Yes,Yes,Two year,No,Mailed check,101.06,4450.81,No
4064-ENYXK,Female,0,No,No,43,Yes,Yes,DSL,No,No,No,No,No,No,One year,Yes,Mailed check,55.0,2361.72,No
1033-XXQRN,Male,0,Yes,No,24,Yes,Yes,No,No internet service,No internet service,No internet service,No internet service,No internet service,No internet service,Month-to-month,No,Electronic check,42.91,1000.92,No
1112-DDXBP,Female,0,No,No,38,Yes,Yes,DSL,Yes,Yes,Yes,No,No,Yes,Month-to-month,No,Mailed check,92.19,3493.0,No
4264-AYAWU,Female,0,No,No,16,No,No phone service,Fiber optic,Yes,No,No,No,No,No,One year,Yes,Electronic check,81.48,1304.56,No
8142-DXQKS,Female,1,No,No,5,Yes,Yes,DSL,Yes,No,Yes,No,No,Yes,Two year,Yes,Credit card (automatic),73.87,368.43,No
4072-GGPQF,Male,0,Yes,No,21,Yes,No,DSL,No,Yes,Yes,No,No,Yes,One year,Yes,Mailed check,85.08,1794.23,Yes
3210-YNWHG,Male,0,No,No,12,Yes,No,No,No internet service,No internet service,No internet service,No internet service,No internet service,No internet service,Month-to-month,Yes,Electronic check,47.88,545.68,Yes
3543-NUNHZ,Male,0,Yes,No,39,Yes,No,Fiber optic,No,Yes,Yes,Yes,No,No,Two year,No,Mailed check,108.27,4198.8,No
6151-KAPQY,Female,1,Yes,Yes,56,Yes,No,Fiber optic,No,Yes,No,Yes,No,Yes,Month-to-month,Yes,Bank transfer (automatic),111.62,6254.55,No
3076-DZPAC,Female,0,No,Yes,12,Yes,No,DSL,Yes,Yes,No,Yes,Yes,No,Two year,No,Credit card (automatic),92.06,1082.59,No
5278-QFJTZ,Female,0,No,No,0,Yes,Yes,Fiber optic,No,No,No,No,Yes,No,Month-to-month,No,Credit card (automatic),94.47, ,Yes
5419-KJDBW,Female,0,Yes,Yes,4,Yes,Yes,No,No internet service,No internet service,No internet service,No internet service,No internet service,No internet service,Month-to-month,No,Mailed check,38.83,149.12,Yes
1334-VFSYT,Male,0,No,No,16,Yes,No,No,No internet service,No internet service,No internet service,No internet service,No internet service,No internet service,Month-to-month,No,Bank transfer (automatic),46.64,745.71,No
7564-GQRLA,Female,0,No,No,12,Yes,No,DSL,Yes,No,Yes,Yes,No,No,Two year,Yes,Credit card (automatic),85.98,1036.4,No
9210-EZYAT,Female,0,No,No,71,Yes,Yes,DSL,Yes,Yes,No,No,Yes,No,Month-to-month,Yes,Electronic check,78.78,5634.63,No
6706-FVCFY,Female,0,Yes,Yes,17,Yes,No,DSL,No,Yes,Yes,Yes,Yes,No,Two year,Yes,Credit card (automatic),89.56,1529.0,No
7684-CDGBE,Male,0,Yes,No,47,Yes,Yes,DSL,No,Yes,No,No,No,Yes,Two year,Yes,Credit card (automatic),82.58,3880.89,No
6145-AGHZZ,Female,0,No,No,50,Yes,No,DSL,No,No,No,Yes,No,No,Month-to-month,Yes,Credit card (automatic),72.21,3604.9,No
8608-JNNWT,Female,0,No,No,17,Yes,No,DSL,No,No,No,No,No,Yes,Month-to-month,Yes,Credit card (automatic),73.76,1271.06,Yes
9158-PYTTR,Female,0,Yes,No,10,Yes,No,Fiber optic,No,No,No,Yes,No,No,Two year,No,Electronic check,91.24,887.4,No
4020-QJRGV,Male,0,Yes,Yes,14,Yes,Yes,Fiber optic,No,No,No,No,Yes,No,One year,No,Mailed check,100.7,1399.21,No
6141-TFVVD,Male,0,No,No,64,Yes,Yes,DSL,No,No,No,No,No,Yes,Two year,Yes,Electronic check,70.51,4505.03,No
4149-SWTMH,Female,0,No,No,30,Yes,No,No,No internet service,No internet service,No internet service,No internet service,No internet service,No internet service,One year,Yes,Electronic check,43.04,1290.53,No
9188-WXHLF,Male,0,No,No,0,Yes,No,Fiber optic,Yes,No,No,No,No,Yes,Two year,Yes,Credit card (automatic),102.43, ,No
9589-WEFPK,Male,1,No,No,47,Yes,No,Fiber optic,No,No,No,No,Yes,Yes,Month-to-month,Yes,Credit card (automatic),100.72,4729.09,No
5138-JSXYL,Female,0,No,No,31,Yes,Yes,DSL,No,No,No,No,No,No,One year,Yes,Mailed check,63.0,1953.93,No
8450-SEVJR,Male,0,No,No,12,Yes,Yes,Fiber optic,No,No,No,No,No,No,Two year,No,Bank transfer (automatic),89.88,1088.24,No
7484-YYVNK,Female,0,No,No,11,No,No phone service,No,No internet service,No internet service,No internet service,No internet service,No internet service,No internet service,One year,No,Electronic check,18.25,177.64,No
4970-YENSA,Female,0,No,No,54,Yes,Yes,DSL,Yes,No,No,No,No,Yes,Two year,No,Mailed check,79.58,4312.12,No
6713-GGQAD,Male,1,Yes,No,22,No,No phone service,DSL,Yes,No,No,No,No,No,Month-to-month,No,Electronic check,55.41,1192.88,No
5094-QCJHN,Male,0,Yes,Yes,3,Yes,No,DSL,No,No,No,No,No,No,Two year,Yes,Bank transfer (automatic),67.32,184.69,Yes
3705-ANWQJ,Female,1,Yes,Yes,55,Yes,No,Fiber optic,No,Yes,No,Yes,Yes,No,Month-to-month,Yes,Electronic check,108.33,5957.74,No
5340-DFLQM,Female,0,No,No,14,Yes,No,No,No internet service,No internet service,No internet service,No internet service,No internet service,No internet service,Month-to-month,Yes,Electronic check,34.5,475.49,No
9665-RANPB,Female,0,Yes,Yes,72,Yes,No,Fiber optic,No,No,No,No,No,No,One year,Yes,Mailed check,95.42,6876.96,No
4464-WJLFB,Male,0,Yes,Yes,43,Yes,Yes,No,No internet service,No internet service,No internet service,No internet service,No internet service,No internet service,One year,Yes,Mailed check,42.73,1856.07,No
3863-UZRVR,Male,0,No,No,40,No,No phone service,Fiber optic,No,No,No,Yes,No,Yes,Two year,No,Bank transfer (automatic),77.06,3058.82,No
6927-LBKWN,Male,0,No,No,51,Yes,No,No,No internet service,No internet service,No internet service,No internet service,No internet service,No internet service,One year,Yes,Mailed check,39.68,2016.94,No
7856-BEHJZ,Male,1,No,No,16,Yes,Yes,Fiber optic,No,No,No,Yes,No,No,Month-to-month,No,Electronic check,93.43,1458.86,Yes
5156-RRLZF,Female,0,No,No,49,Yes,Yes,No,No internet service,No internet service,No internet service,No internet service,No internet service,No internet service,Two year,Yes,Electronic check,41.94,2054.03,No
1310-TRGWD,Male,0,Yes,Yes,12,Yes,Yes,No,No internet service,No internet service,No internet service,No internet service,No internet service,No internet service,Month-to-month,No,Bank transfer (automatic),41.44,502.01,No
3258-DETSR,Female,0,Yes,No,19,Yes,No,DSL,Yes,No,Yes,No,No,No,One year,Yes,Electronic check,76.59,1445.1,Yes
8745-BQCYR,Female,0,No,No,41,Yes,No,Fiber optic,Yes,Yes,No,Yes,No,Yes,One year,No,Mailed check,118.75,4874.41,No
7838-PKSWE,Female,0,No,No,28,Yes,No,DSL,No,Yes,No,No,Yes,Yes,Month-to-month,Yes,Electronic check,75.73,2124.91,Yes
8845-TCYEQ,Male,1,Yes,Yes,65,Yes,No,No,No internet service,No internet service,No internet service,No internet service,No internet service,No internet service,Month-to-month,Yes,Credit card (automatic),39.27,2543.97,No
2166-ERSSJ,Male,0,Yes,Yes,2,Yes,No,Fiber optic,Yes,No,No,Yes,No,No,One year,Yes,Bank transfer (automatic),98.65,203.17,No
8381-BWHQX,Male,0,Yes,No,7,Yes,No,No,No internet service,No internet service,No internet service,No internet service,No internet service,No internet service,Two year,Yes,Electronic check,36.28,237.47,No
3299-KVWFN,Female,1,No,No,0,Yes,No,No,No internet service,No internet service,No internet service,No internet service,No internet service,No internet service,Two year,Yes,Bank transfer (automatic),43.04, ,No
3999-NKAYR,Male,0,Yes,No,66,Yes,Yes,Fiber optic,No,No,No,No,Yes,No,Two year,Yes,Credit card (automatic),97.37,6431.55,No
5154-CBMRG,Female,1,Yes,Yes,30,Yes,No,Fiber optic,No,Yes,No,No,No,Yes,Month-to-month,No,Bank transfer (automatic),98.49,2958.09,Yes
7698-KANEA,Female,0,Yes,No,64,Yes,No,DSL,No,No,No,No,No,No,Month-to-month,No,Mailed check,67.98,4350.69,No
2170-GNZFB,Male,0,No,No,39,Yes,No,Fiber optic,Yes,Yes,No,No,Yes,Yes,Month-to-month,Yes,Electronic check,118.75,4634.3,No
2721-HEHZK,Male,0,No,No,62,Yes,Yes,Fiber optic,Yes,No,No,No,No,No,Two year,Yes,Bank transfer (automatic),94.74,5868.68,No
6711-SDFKM,Male,0,Yes,No,59,Yes,Yes,DSL,No,No,No,Yes,Yes,No,Month-to-month,Yes,Electronic check,67.72,3996.01,No
1118-RHHQY,Male,0,Yes,Yes,7,Yes,Yes,DSL,Yes,Yes,No,No,Yes,No,One year,Yes,Electronic check,77.4,531.03,No
8783-ZKCFJ,Female,0,Yes,No,70,Yes,Yes,No,No internet service,No internet service,No internet service,No internet service,No internet service,No internet service,Two year,Yes,Credit card (automatic),42.59,2988.19,No
3701-EDERM,Male,0,No,No,37,Yes,No,Fiber optic,No,No,No,Yes,No,Yes,One year,No,Bank transfer (automatic),103.71,3849.76,No
1338-PWLHG,Female,0,Yes,No,43,Yes,No,Fiber optic,No,No,No,Yes,Yes,Yes,Month-to-month,Yes,Electronic check,107.38,4610.17,Yes
4414-GYZJY,Male,0,No,No,17,Yes,No,No,No internet service,No internet service,No internet service,No internet service,No internet service,No internet service,Month-to-month,Yes,Bank transfer (automatic),42.98,730.01,No
8681-BMRLL,Female,0,Yes,Yes,59,Yes,No,Fiber optic,No,No,Yes,No,Yes,Yes,One year,No,Credit card (automatic),110.69,6518.88,No
5447-SHQFX,Male,0,No,No,6,Yes,Yes,Fiber optic,No,No,No,No,Yes,No,Month-to-month,No,Bank transfer (automatic),103.22,632.12,Yes
1761-BAJQZ,Female,0,Yes,No,9,Yes,Yes,DSL,No,Yes,Yes,No,No,No,Month-to-month,Yes,Bank transfer (automatic),79.93,736.34,Yes
5091-EJDMT,Female,0,No,No,16,Yes,Yes,Fiber optic,No,Yes,Yes,No,Yes,No,Month-to-month,Yes,Mailed check,108.96,1753.52,No
1319-UFSVU,Male,0,No,No,59,Yes,No,DSL,Yes,Yes,No,No,Yes,No,Two year,No,Bank transfer (automatic),78.04,4622.63,No
7028-SEDKQ,Female,0,Yes,No,59,Yes,Yes,Fiber optic,No,No,No,Yes,No,Yes,Two year,No,Credit card (automatic),96.0,5684.99,No
6562-UHWLF,Male,1,Yes,Yes,18,Yes,Yes,Fiber optic,No,Yes,Yes,Yes,No,No,One year,No,Electronic check,110.32,1997.79,No
7618-DKUUG,Male,0,Yes,No,40,Yes,No,DSL,No,Yes,No,No,No,Yes,Month-to-month,Yes,Bank transfer (automatic),74.81,3023.63,Yes
2498-ACVUN,Male,0,No,No,29,Yes,No,Fiber optic,Yes,No,Yes,Yes,Yes,No,Month-to-month,No,Bank transfer (automatic),117.58,3416.09,Yes
6130-HEASA,Female,0,No,No,40,Yes,No,DSL,Yes,No,No,No,No,Yes,Month-to-month,Yes,Electronic check,68.49,2723.73,No
1945-VPMFD,Male,0,No,No,1,Yes,Yes,Fiber optic,Yes,No,Yes,No,No,Yes,Two year,Yes,Electronic check,102.67,106.21,Yes
5198-JNDFC,Male,0,No,No,31,No,No phone service,DSL,Yes,Yes,Yes,Yes,No,Yes,Month-to-month,Yes,Credit card (automatic),76.15,2368.41,No
4819-GFPMF,Male,0,Yes,Yes,34,Yes,Yes,No,No internet service,No internet service,No internet service,No internet service,No internet service,No internet service,Month-to-month,Yes,Electronic check,36.26,1211.05,No
7290-JJMDL,Female,0,Yes,No,1,Yes,No,DSL,No,No,No,No,No,No,Two year,Yes,Mailed check,64.15,93.64,No
6240-DPAQA,Male,0,No,No,47,Yes,No,DSL,No,Yes,Yes,No,No,Yes,Two year,Yes,Electronic check,85.08,4007.62,No
2575-JQTMD,Male,0,Yes,No,27,Yes,No,DSL,Yes,No,No,No,Yes,No,Month-to-month,No,Mailed check,70.83,1908.79,No
4486-UCTKA,Male,0,Yes,Yes,18,No,No phone service,Fiber optic,No,Yes,No,No,No,No,One year,No,Electronic check,79.56,1443.89,No
7250-AJEQB,Female,0,Yes,Yes,57,Yes,No,Fiber optic,No,Yes,Yes,Yes,No,No,Two year,No,Mailed check,108.87,6208.84,No
1819-NZAMV,Female,0,Yes,Yes,59,Yes,Yes,DSL,No,No,No,No,No,No,Month-to-month,No,Mailed check,63.92,3778.61,No
3616-MWTHU,Female,0,No,No,18,Yes,No,Fiber optic,Yes,Yes,Yes,Yes,Yes,Yes,Two year,Yes,Credit card (automatic),118.75,2150.72,No
7081-NLYWZ,Female,0,Yes,No,67,Yes,No,DSL,Yes,No,No,Yes,Yes,Yes,Month-to-month,Yes,Electronic check,88.7,5954.33,No
7077-JCDYJ,Female,0,Yes,Yes,1,Yes,No,No,No internet service,No internet service,No internet service,No internet service,No internet service,No internet service,One year,Yes,Mailed check,38.91,53.79,No
1993-FANQK,Female,0,Yes,Yes,41,Yes,Yes,Fiber optic,No,No,No,No,No,No,Month-to-month,No,Mailed check,87.81,3608.84,Yes
7696-MZUBG,Male,0,Yes,Yes,51,Yes,No,Fiber optic,Yes,No,Yes,No,Yes,No,Month-to-month,Yes,Credit card (automatic),104.43,5329.74,No
7787-NUJAU,Male,0,Yes,No,17,Yes,No,Fiber optic,No,No,Yes,Yes,No,No,One year,No,Bank transfer (automatic),97.65,1650.61,No
8064-RKATR,Female,0,Yes,Yes,26,Yes,No,No,No internet service,No internet service,No internet service,No internet service,No internet service,No internet service,Month-to-month,Yes,Electronic check,47.04,1228.43,No
7008-ETTWP,Male,0,Yes,No,51,Yes,No,No,No internet service,No internet service,No internet service,No internet service,No internet service,No internet service,One year,No,Mailed check,40.48,2056.96,No
7583-KSSUW,Female,0,Yes,No,26,No,No phone service,DSL,No,No,No,Yes,No,No,Month-to-month,No,Electronic check,48.28,1253.05,No
1028-UVPNT,Female,0,No,No,21,No,No phone service,Fiber optic,No,No,Yes,No,No,No,Two year,Yes,Electronic check,75.73,1598.24,No
5097-KVUEV,Female,0,No,No,47,Yes,No,DSL,Yes,Yes,No,No,No,No,Month-to-month,No,Electronic check,73.42,3446.53,No
3938-DXFEG,Male,0,No,Yes,11,Yes,No,Fiber optic,No,Yes,Yes,Yes,Yes,No,One year,Yes,Bank transfer (automatic),116.71,1272.29,No
5423-DDKFE,Male,0,Yes,No,40,Yes,No,Fiber optic,No,No,Yes,Yes,No,No,Month-to-month,Yes,Credit card (automatic),96.52,3877.01,Yes
9208-QACVG,Male,0,Yes,Yes,20,No,No phone service,DSL,No,No,Yes,No,Yes,Yes,Two year,Yes,Credit card (automatic),68.9,1390.48,No
2371-RWKTL,Male,0,No,Yes,23,Yes,Yes,No,No internet service,No internet service,No internet service,No internet service,No internet service,No internet service,Month-to-month,Yes,Electronic check,41.05,926.02,No
1979-VYZCP,Male,0,Yes,Yes,32,Yes,Yes,No,No internet service,No internet service,No internet service,No internet service,No internet service,No internet service,Month-to-month,No,Electronic check,37.03,1180.84,No
6610-BYCGZ,Male,0,Yes,No,53,Yes,Yes,DSL,No,No,Yes,No,No,Yes,Month-to-month,Yes,Bank transfer (automatic),75.31,3984.54,Yes
6004-SMUBS,Male,0,Yes,Yes,16,Yes,No,DSL,No,No,No,No,Yes,Yes,Two year,Yes,Bank transfer (automatic),79.59,1256.08,No
1599-ENLDV,Male,0,Yes,No,49,Yes,No,DSL,No,Yes,Yes,No,No,No,Month-to-month,Yes,Mailed check,78.02,3814.88,No
3716-WAFHQ,Male,0,No,No,24,Yes,Yes,No,No internet service,No internet service,No internet service,No internet service,No internet service,No internet service,One year,No,Credit card (automatic),37.89,904.16,No
4608-DPYDG,Male,0,No,Yes,64,Yes,Yes,DSL,No,No,No,No,No,Yes,Month-to-month,Yes,Mailed check,69.97,4468.54,No
5305-TDFFQ,Male,0,Yes,No,28,Yes,No,Fiber optic,Yes,Yes,Yes,No,Yes,No,Two year,Yes,Electronic check,113.54,3168.91,No
1741-RLHWV,Female,1,Yes,No,30,Yes,No,DSL,No,No,Yes,Yes,Yes,No,Month-to-month,No,Mailed check,81.97,2468.97,No
8225-XFWEH,Female,0,Yes,Yes,55,Yes,No,Fiber optic,No,No,No,No,No,Yes,Month-to-month,No,Bank transfer (automatic),96.05,5266.14,No
5999-TPPKQ,Male,0,Yes,No,3,Yes,Yes,No,No internet service,No internet service,No internet service,No internet service,No internet service,No internet service,One year,No,Electronic check,32.26,100.94,No
5275-MQQHD,Female,0,No,No,62,No,No phone service,DSL,No,No,Yes,Yes,No,No,Month-to-month,Yes,Electronic check,58.79,3657.59,No
3695-KDEYG,Male,1,No,No,24,Yes,No,Fiber optic,No,No,Yes,No,No,No,Month-to-month,No,Credit card (automatic),98.29,2360.95,Yes
7650-DZFKU,Female,0,Yes,Yes,60,Yes,No,Fiber optic,No,No,No,No,No,No,Two year,Yes,Bank transfer (automatic),94.94,5697.86,No
2812-PUAAU,Male,0,Yes,No,26,Yes,No,DSL,No,Yes,No,Yes,No,No,Two year,No,Bank transfer (automatic),81.19,2099.09,No
3364-XYXZV,Male,0,No,No,14,Yes,No,No,No internet service,No internet service,No internet service,No internet service,No internet service,No internet service,Month-to-month,Yes,Electronic check,31.18,444.12,No
4450-ZJQAZ,Female,0,Yes,No,7,Yes,No,Fiber optic,No,No,No,Yes,Yes,No,Month-to-month,Yes,Credit card (automatic),100.3,676.85,No
6326-YJHNW,Male,0,No,No,59,Yes,No,DSL,Yes,No,No,Yes,No,No,Month-to-month,No,Mailed check,83.81,4951.73,No
5939-VFUTX,Female,0,No,No,1,Yes,No,DSL,Yes,No,Yes,No,No,No,Month-to-month,Yes,Electronic check,78.84,83.94,Yes
1518-KCKUR,Male,0,Yes,No,46,Yes,No,No,No internet service,No internet service,No internet service,No internet service,No internet service,No internet service,One year,Yes,Mailed check,39.6,1814.31,No
7776-TZXQX,Female,0,No,No,44,Yes,Yes,DSL,No,Yes,Yes,No,Yes,Yes,Month-to-month,No,Mailed check,95.12,4171.81,No
1431-TNYNE,Female,1,Yes,Yes,17,Yes,Yes,No,No internet service,No internet service,No internet service,No internet service,No internet service,No internet service,Two year,No,Electronic check,37.91,626.66,No
7516-YABRP,Female,1,Yes,No,55,No,No phone service,DSL,Yes,No,No,Yes,No,No,One year,Yes,Mailed check,57.55,3195.62,No
5936-CPPWK,Male,0,No,No,27,No,No phone service,No,No internet service,No internet service,No internet service,No internet service,No internet service,No internet service,One year,No,Electronic check,20.32,530.2,No
4130-BPRGT,Female,0,No,No,58,Yes,Yes,DSL,No,Yes,No,Yes,No,No,Month-to-month,No,Mailed check,70.65,4084.39,No
9441-EPSAE,Female,1,No,No,25,Yes,Yes,No,No internet service,No internet service,No internet service,No internet service,No internet service,No internet service,Month-to-month,No,Mailed check,49.87,1235.05,Yes
4560-DJDXQ,Male,0,No,No,56,Yes,Yes,No,No internet service,No internet service,No internet service,No internet service,No internet service,No internet service,Month-to-month,Yes,Electronic check,45.61,2562.29,No
3962-UAQSV,Male,1,Yes,Yes,31,Yes,No,DSL,No,Yes,No,Yes,Yes,No,Month-to-month,No,Electronic check,93.23,2888.69,Yes
3000-QUVEZ,Female,0,No,No,33,Yes,Yes,No,No internet service,No internet service,No internet service,No internet service,No internet service,No internet service,Month-to-month,Yes,Credit card (automatic),38.66,1275.58,Yes
3465-KEDGD,Female,0,No,No,61,No,No phone service,No,No internet service,No internet service,No internet service,No internet service,No internet service,No internet service,Two year,Yes,Electronic check,27.7,1689.69,No
7594-QKPQE,Male,0,No,No,7,Yes,No,No,No internet service,No internet service,No internet service,No internet service,No internet service,No internet service,Two year,Yes,Mailed check,39.54,269.0,No
3672-XAYZG,Female,0,Yes,Yes,30,Yes,Yes,DSL,No,Yes,No,No,No,Yes,Month-to-month,Yes,Bank transfer (automatic),72.52,2200.06,No
3886-EPFUK,Female,0,Yes,No,3,Yes,No,No,No internet service,No internet service,No internet service,No internet service,No internet service,No internet service,Month-to-month,Yes,Credit card (automatic),40.18,150.41,No
9705-WKQAB,Female,0,No,No,3,Yes,No,No,No internet service,No internet service,No internet service,No internet service,No internet service,No internet service,Two year,Yes,Bank transfer (automatic),34.11,132.48,No
5553-MKCWK,Male,0,Yes,Yes,9,Yes,No,DSL,Yes,No,Yes,No,Yes,No,One year,Yes,Electronic check,81.06,718.86,No
5229-KMRUP,Female,0,No,No,53,Yes,No,No,No internet service,No internet service,No internet service,No internet service,No internet service,No internet service,Month-to-month,No,Bank transfer (automatic),44.07,2327.36,No
2493-WGAAU,Female,0,Yes,No,57,Yes,No,DSL,Yes,No,No,Yes,No,Yes,Two year,Yes,Mailed check,83.13,4727.01,No
4482-AVHZX,Female,0,Yes,No,57,No,No phone service,DSL,Yes,No,No,No,Yes,No,One year,No,Bank transfer (automatic),54.45,3106.84,Yes
1433-SQEJM,Female,0,Yes,No,72,Yes,No,Fiber optic,No,Yes,Yes,No,No,No,Month-to-month,Yes,Mailed check,104.21,7508.24,No
2314-TGYVR,Female,0,No,No,41,Yes,Yes,No,No internet service,No internet service,No internet service,No internet service,No internet service,No internet service,One year,Yes,Electronic check,36.46,1472.26,No
2077-ADMUD,Male,0,Yes,No,14,Yes,No,Fiber optic,No,No,No,Yes,No,No,Two year,No,Mailed check,99.04,1384.19,No
7365-BGQVU,Male,0,Yes,No,34,Yes,No,No,No internet service,No internet service,No internet service,No internet service,No internet service,No internet service,One year,Yes,Electronic check,39.29,,No
5793-AHUBS,Female,0,No,No,40,Yes,Yes,Fiber optic,No,Yes,No,Yes,No,No,One year,Yes,Bank transfer (automatic),103.39,4151.66,No
7334-UFFEK,Male,0,Yes,No,56,Yes,No,Fiber optic,Yes,No,No,No,No,Yes,Month-to-month,No,Electronic check,99.78,5578.09,No
5715-CPFPH,Male,0,No,No,34,Yes,No,Fiber optic,Yes,No,No,Yes,No,Yes,One year,Yes,Credit card (automatic),104.74,3549.06,Yes
9590-HWECE,Female,0,Yes,Yes,1,Yes,No,DSL,No,Yes,Yes,Yes,Yes,No,One year,Yes,Mailed check,95.67,96.5,Yes
4773-XEUSJ,Male,0,No,No,61,Yes,No,DSL,No,No,No,Yes,Yes,No,Month-to-month,Yes,Electronic check,82.29,5014.65,Yes
4027-YTFXK,Female,0,No,No,42,Yes,No,DSL,Yes,Yes,Yes,No,Yes,Yes,Month-to-month,Yes,Bank transfer (automatic),95.71,4035.35,No
1717-VWLSF,Female,0,No,No,7,Yes,Yes,Fiber optic,No,Yes,No,Yes,No,Yes,One year,Yes,Credit card (automatic),111.93,798.24,No
8652-JGNGQ,Male,0,Yes,No,69,Yes,Yes,Fiber optic,No,Yes,No,No,No,No,One year,Yes,Electronic check,101.33,7012.69,No
7728-KULZG,Female,0,No,No,32,Yes,No,DSL,Yes,No,No,Yes,No,Yes,Two year,No,Bank transfer (automatic),83.61,2659.73,No
7341-NYFEW,Male,0,Yes,Yes,57,Yes,Yes,DSL,Yes,Yes,Yes,No,No,Yes,Two year,No,Bank transfer (automatic),89.37,5082.9,No
9108-TMKRT,Female,0,No,No,53,Yes,No,No,No internet service,No internet service,No internet service,No internet service,No internet service,No internet service,One year,Yes,Bank transfer (automatic),37.36,1980.43,No
3483-ABJSL,Male,0,Yes,No,20,Yes,No,DSL,No,No,No,No,Yes,No,Two year,No,Mailed check,70.93,1389.19,No
6564-MGTTZ,Male,0,No,No,65,Yes,No,Fiber optic,No,No,No,No,No,No,Month-to-month,No,Bank transfer (automatic),92.59,6028.12,No
8430-KSJWQ,Female,0,Yes,No,66,Yes,No,Fiber optic,Yes,Yes,Yes,No,No,Yes,Month-to-month,Yes,Mailed check,114.05,7531.81,No
8510-GADNZ,Male,0,No,No,68,Yes,No,DSL,No,Yes,Yes,No,Yes,No,Month-to-month,No,Mailed check,82.18,5609.78,No
6642-VMZYF,Female,0,Yes,No,14,No,No phone service,Fiber optic,No,No,No,Yes,Yes,No,Month-to-month,Yes,Electronic check,81.49,1154.25,Yes
8758-AQLHY,Male,0,No,No,10,Yes,No,No,No internet service,No internet service,No internet service,No internet service,No internet service,No internet service,Month-to-month,Yes,Mailed check,38.77,397.69,Yes
6960-DDCHB,Male,0,Yes,Yes,39,Yes,No,Fiber optic,No,Yes,No,No,No,No,Month-to-month,Yes,Bank transfer (automatic),93.81,3658.35,No
3377-UWUMS,Female,0,No,No,17,Yes,Yes,Fiber optic,No,Yes,Yes,No,No,No,Month-to-month,No,Electronic check,93.19,1592.15,Yes
9494-BXTKL,Male,1,No,No,45,Yes,No,DSL,No,Yes,No,No,No,No,Two year,No,Electronic check,75.54,3428.61,No
4946-DFHAN,Female,0,Yes,No,49,Yes,No,No,No internet service,No internet service,No internet service,No internet service,No internet service,No internet service,Two year,Yes,Electronic check,35.77,1757.44,No
5288-HEZSM,Male,1,Yes,No,2,Yes,Yes,No,No internet service,No internet service,No internet service,No internet service,No internet service,No internet service,Two year,Yes,Electronic check,37.29,66.48,No
7503-JFSUR,Male,0,No,No,55,Yes,Yes,No,No internet service,No internet service,No internet service,No internet service,No internet service,No internet service,Month-to-month,Yes,Mailed check,49.7,2735.4,No
6097-ARQKF,Female,0,Yes,No,9,Yes,Yes,Fiber optic,Yes,No,No,Yes,No,No,Month-to-month,No,Credit card (automatic),113.3,1035.29,No
9811-KGSMP,Male,0,Yes,Yes,41,No,No phone service,Fiber optic,Yes,Yes,Yes,No,Yes,Yes,Month-to-month,Yes,Electronic check,96.5,3968.59,No
6834-JDEYN,Female,1,Yes,Yes,39,No,No phone service,No,No internet service,No internet service,No internet service,No internet service,No internet service,No internet service,Month-to-month,Yes,Bank transfer (automatic),20.26,801.67,No
4752-HTXUN,Male,0,Yes,No,1,Yes,No,No,No internet service,No internet service,No internet service,No internet service,No internet service,No internet service,Month-to-month,Yes,Bank transfer (automatic),39.13,43.56,No
5278-WWKZV,Female,0,No,No,13,Yes,No,No,No internet service,No internet service,No internet service,No internet service,No internet service,No internet service,Month-to-month,Yes,Mailed check,45.07,590.86,No
8615-BDHUB,Male,0,Yes,No,39,Yes,No,DSL,No,No,No,No,Yes,Yes,Month-to-month,Yes,Electronic check,73.83,2899.27,Yes
1745-AEYTT,Female,1,No,No,30,Yes,No,Fiber optic,No,No,Yes,No,No,Yes,One year,No,Electronic check,103.41,3098.52,No
3632-RUNWP,Male,0,Yes,Yes,34,Yes,Yes,Fiber optic,No,No,Yes,No,Yes,No,Two year,No,Electronic check,106.22,3603.61,No
3920-RYVMQ,Male,0,Yes,No,51,Yes,No,No,No internet service,No internet service,No internet service,No internet service,No internet service,No internet service,Month-to-month,Yes,Electronic check,41.12,2089.22,No
9782-TNGXZ,Male,0,No,No,50,Yes,Yes,DSL,No,No,Yes,No,No,Yes,Month-to-month,No,Mailed check,80.17,4014.65,Yes
1636-ACKDX,Male,0,No,No,45,Yes,No,Fiber optic,No,No,No,No,No,Yes,Month-to-month,Yes,Mailed check,96.87,4345.99,No
9227-EVDUJ,Male,1,No,Yes,53,Yes,No,No,No internet service,No internet service,No internet service,No internet service,No internet service,No internet service,One year,Yes,Mailed check,38.6,2045.88,No
1362-LVYCW,Male,0,Yes,Yes,63,Yes,No,Fiber optic,Yes,Yes,No,Yes,No,No,Month-to-month,Yes,Credit card (automatic),113.42,7135.01,Yes
3638-MCZUR,Male,0,Yes,No,15,Yes,No,DSL,Yes,No,Yes,Yes,No,No,Month-to-month,Yes,Electronic check,80.56,1212.47,No
7542-WDFAM,Male,1,Yes,No,67,Yes,Yes,No,No internet service,No internet service,No internet service,No internet service,No internet service,No internet service,Month-to-month,Yes,Credit card (automatic),42.15,2797.86,No
5446-ARAVS,Male,0,No,No,34,Yes,Yes,DSL,No,No,Yes,Yes,No,Yes,Month-to-month,No,Electronic check,85.58,2903.12,No
8335-CWPWS,Female,0,No,No,67,Yes,Yes,No,No internet service,No internet service,No internet service,No internet service,No internet service,No internet service,Month-to-month,No,Mailed check,36.75,2470.77,No
6906-ASLWS,Female,0,No,No,46,Yes,No,DSL,No,No,Yes,No,No,No,One year,No,Bank transfer (automatic),69.4,3210.05,No
1669-XBHFZ,Female,0,No,No,28,Yes,Yes,Fiber optic,No,Yes,Yes,No,Yes,No,Two year,No,Bank transfer (automatic),103.03,2890.52,No
2378-WFRCK,Female,0,Yes,Yes,3,Yes,Yes,DSL,No,No,Yes,No,Yes,No,Two year,Yes,Bank transfer (automatic),76.33,207.67,No
6607-TWVNH,Male,0,No,Yes,8,Yes,No,No,No internet service,No internet service,No internet service,No internet service,No internet service,No internet service,Month-to-month,Yes,Bank transfer (automatic),42.74,328.36,Yes
3350-ZQXLM,Male,1,No,No,45,Yes,No,Fiber optic,No,No,No,No,No,No,Two year,No,Electronic check,84.23,3797.4,No
8430-TENFU,Female,0,Yes,No,48,Yes,Yes,DSL,No,No,No,No,Yes,No,Month-to-month,Yes,Mailed check,67.06,3221.5,No
1269-VYARB,Male,0,Yes,Yes,9,Yes,No,No,No internet service,No internet service,No internet service,No internet service,No internet service,No internet service,Month-to-month,Yes,Mailed check,37.62,357.47,No
4241-JNYMK,Male,0,No,Yes,67,Yes,No,No,No internet service,No internet service,No internet service,No internet service,No internet service,No internet service,Month-to-month,No,Credit card (automatic),40.77,2760.07,No
1834-XHMCG,Female,1,Yes,No,23,Yes,No,No,No internet service,No internet service,No internet service,No internet service,No internet service,No internet service,Month-to-month,No,Credit card (automatic),39.92,923.52,No
5979-XHPXJ,Female,0,Yes,No,56,Yes,Yes,DSL,No,No,Yes,No,No,No,Two year,Yes,Electronic check,77.7,4338.26,No
3653-BXCFD,Male,0,Yes,Yes,56,No,No phone service,No,No internet service,No internet service,No internet service,No internet service,No internet service,No internet service,Two year,No,Bank transfer (automatic),25.85,1467.45,No
7366-JSQAH,Female,1,No,No,50,Yes,Yes,No,No internet service,No internet service,No internet service,No internet service,No internet service,No internet service,Month-to-month,Yes,Electronic check,42.49,2106.15,Yes
1036-BMGCK,Male,0,No,No,66,Yes,No,No,No internet service,No internet service,No internet service,No internet service,No internet service,No internet service,Two year,No,Bank transfer (automatic),38.79,2553.36,No
5066-ZRKMC,Male,1,No,No,58,Yes,No,No,No internet service,No internet service,No internet service,No internet service,No internet service,No internet service,Month-to-month,No,Electronic check,43.64,2533.34,No
4479-PAYNU,Male,0,No,No,11,No,No phone service,No,No internet service,No internet service,No internet service,No internet service,No internet service,No internet service,One year,Yes,Bank transfer (automatic),19.2,211.37,No
3480-WJYNR,Male,0,Yes,No,29,Yes,Yes,No,No internet service,No internet service,No internet service,No internet service,No internet service,No internet service,Month-to-month,No,Electronic check,40.04,1166.07,No
2833-ZEALW,Male,0,No,No,41,Yes,No,DSL,No,No,Yes,Yes,No,No,Month-to-month,Yes,Bank transfer (automatic),84.87,3485.12,Yes
9289-WPYMM,Male,1,Yes,No,36,Yes,No,No,No internet service,No internet service,No internet service,No internet service,No internet service,No internet service,Two year,No,Mailed check,39.25,1409.96,No
2626-UHEJQ,Female,0,No,Yes,38,Yes,No,Fiber optic,No,No,No,No,No,Yes,Month-to-month,Yes,Bank transfer (automatic),90.52,3432.51,Yes
3429-JHQTS,Male,0,No,No,14,Yes,No,DSL,No,No,No,No,No,Yes,Month-to-month,No,Electronic check,72.27,995.47,No
2270-JRFBH,Female,0,No,No,70,Yes,Yes,Fiber optic,No,No,Yes,No,No,No,Two year,No,Credit card (automatic),84.66,5953.78,No
7107-RDSET,Male,0,No,Yes,49,Yes,Yes,DSL,No,Yes,No,Yes,Yes,Yes,Month-to-month,Yes,Bank transfer (automatic),93.79,4587.63,No
6098-DJVLS,Male,0,Yes,No,58,Yes,Yes,Fiber optic,Yes,No,Yes,Yes,No,No,Month-to-month,Yes,Mailed check,101.29,5864.6,No
7733-AYJVM,Male,1,Yes,Yes,25,Yes,Yes,DSL,Yes,No,No,No,Yes,No,Month-to-month,No,Mailed check,80.67,2001.06,No
6192-JWCXE,Male,0,No,No,48,Yes,Yes,DSL,No,Yes,Yes,No,No,No,One year,Yes,Electronic check,75.17,3587.41,No
8947-AACPG,Female,0,Yes,Yes,19,Yes,Yes,Fiber optic,Yes,No,Yes,No,No,Yes,Month-to-month,Yes,Bank transfer (automatic),115.66,2207.62,Yes
6380-VANTL,Female,0,Yes,No,43,Yes,No,No,No internet service,No internet service,No internet service,No internet service,No internet service,No internet service,Two year,Yes,Electronic check,46.45,2015.36,No
9324-RANKD,Female,0,No,No,18,No,No phone service,Fiber optic,No,No,Yes,No,Yes,Yes,Month-to-month,Yes,Bank transfer (automatic),82.87,1491.04,Yes
9552-FCFVQ,Female,0,Yes,Yes,68,Yes,Yes,Fiber optic,No,No,Yes,Yes,No,No,One year,No,Bank transfer (automatic),101.79,6929.69,No
8378-MCKEP,Female,0,Yes,Yes,37,Yes,Yes,Fiber optic,No,No,No,No,No,Yes,Month-to-month,Yes,Electronic check,92.06,3404.56,No
3424-ZKHZN,Female,0,Yes,No,35,No,No phone service,Fiber optic,No,Yes,No,No,No,No,Month-to-month,Yes,Electronic check,72.02,2516.36,Yes
2534-MGTPT,Female,0,Yes,Yes,39,Yes,Yes,Fiber optic,No,No,No,No,No,Yes,Month-to-month,No,Credit card (automatic),97.22,3781.51,No
9460-TJENL,Female,0,Yes,Yes,16,Yes,Yes,DSL,Yes,No,Yes,No,No,Yes,Month-to-month,Yes,Bank transfer (automatic),80.47,1267.54,Yes
3817-VXKSZ,Male,0,Yes,No,60,Yes,Yes,No,No internet service,No internet service,No internet service,No internet service,No internet service,No internet service,One year,No,Bank transfer (automatic),42.27,2525.66,No
1107-JTMVM,Male,1,No,No,20,Yes,No,DSL,Yes,No,Yes,No,No,No,Two year,Yes,Bank transfer (automatic),82.41,1663.32,No
1579-LKWDD,Male,0,Yes,No,66,Yes,No,Fiber optic,No,No,No,No,No,Yes,Two year,No,Electronic check,97.28,6422.18,No
2273-PZQVW,Male,0,Yes,No,60,Yes,No,No,No internet service,No internet service,No internet service,No internet service,No internet service,No internet service,One year,Yes,Credit card (automatic),39.88,2377.69,No
6404-QFZUW,Female,1,No,No,22,Yes,No,Fiber optic,No,No,No,Yes,No,Yes,Month-to-month,No,Mailed check,101.16,2217.54,Yes
9852-JDWMZ,Male,0,No,No,40,Yes,No,DSL,No,No,No,No,No,Yes,Month-to-month,Yes,Electronic check,70.86,2829.01,No
7249-GJQKG,Female,1,No,No,24,Yes,No,No,No internet service,No internet service,No internet service,No internet service,No internet service,No internet service,Month-to-month,No,Bank transfer (automatic),42.75,1034.28,No
2888-RACBT,Female,0,No,No,10,Yes,Yes,DSL,No,Yes,No,No,No,No,Month-to-month,Yes,Credit card (automatic),73.49,739.43,No
1263-LCQAA,Female,1,No,No,20,Yes,Yes,No,No internet service,No internet service,No internet service,No internet service,No internet service,No internet service,One year,Yes,Bank transfer (automatic),35.59,692.45,No
4698-SCMVR,Male,0,Yes,No,63,Yes,No,DSL,Yes,No,Yes,No,Yes,No,One year,Yes,Bank transfer (automatic),89.18,5625.03,No
7751-HYDQL,Male,0,No,No,22,Yes,Yes,DSL,No,No,No,Yes,No,No,Two year,Yes,Electronic check,75.66,1665.39,No
1285-YSFBS,Female,1,Yes,No,67,Yes,Yes,DSL,No,No,No,No,No,No,Month-to-month,Yes,Electronic check,66.68,4478.84,Yes
5905-BZTMF,Female,0,No,No,53,Yes,Yes,DSL,Yes,No,Yes,No,Yes,No,Month-to-month,Yes,Credit card (automatic),84.61,4510.87,No
3439-LBJFC,Female,1,No,No,32,Yes,Yes,Fiber optic,No,Yes,No,No,No,Yes,Two year,Yes,Credit card (automatic),105.66,3379.79,Yes
2132-JKJSN,Female,0,No,No,45,Yes,No,No,No internet service,No internet service,No internet service,No internet service,No internet service,No internet service,Month-to-month,No,Credit card (automatic),40.41,1843.74,No
2734-ZTMBX,Female,0,No,No,64,Yes,No,No,No internet service,No internet service,No internet service,No internet service,No internet service,No internet service,Two year,Yes,Credit card (automatic),37.4,2404.45,No
7699-MDCGF,Female,0,Yes,Yes,5,Yes,Yes,Fiber optic,Yes,No,No,No,Yes,No,Month-to-month,Yes,Mailed check,96.98,458.64,No
2883-KBHWW,Female,0,Yes,No,58,Yes,No,DSL,Yes,No,No,Yes,Yes,Yes,Month-to-month,Yes,Bank transfer (automatic),92.13,5375.84,No
1075-SZPKM,Male,0,No,No,41,No,No phone service,Fiber optic,No,Yes,No,No,Yes,No,Month-to-month,Yes,Mailed check,83.52,3429.77,Yes
2918-KYQLC,Male,0,Yes,No,71,Yes,No,Fiber optic,Yes,Yes,No,No,No,Yes,Month-to-month,Yes,Electronic check,94.29,6694.17,No
9155-DTHGE,Male,0,No,No,61,Yes,No,No,No internet service,No internet service,No internet service,No internet service,No internet service,No internet service,Two year,Yes,Mailed check,34.35,2090.36,No
4375-SKAGD,Male,0,No,No,65,Yes,No,DSL,No,No,No,Yes,Yes,Yes,Month-to-month,Yes,Credit card (automatic),86.95,5668.08,Yes
4615-XZZCM,Male,0,Yes,Yes,4,Yes,Yes,DSL,Yes,No,No,No,No,No,Month-to-month,No,Credit card (automatic),81.96,329.4,No
1410-MPUJA,Female,1,Yes,No,33,Yes,No,No,No internet service,No internet service,No internet service,No internet service,No internet service,No internet service,Month-to-month,Yes,Mailed check,40.76,1358.07,No
5086-LQCQK,Female,0,No,No,66,Yes,Yes,DSL,No,No,Yes,Yes,Yes,Yes,Month-to-month,No,Electronic check,86.53,5699.07,No
7650-ZFUDZ,Female,1,Yes,Yes,19,Yes,Yes,Fiber optic,No,No,Yes,No,No,No,One year,No,Credit card (automatic),100.17,1922.46,No
5328-TUQKU,Female,1,Yes,No,18,Yes,No,DSL,No,Yes,No,No,Yes,No,Month-to-month,No,Credit card (automatic),79.73,1435.57,No
5286-RQMCH,Female,0,Yes,Yes,48,Yes,No,Fiber optic,No,Yes,No,Yes,No,No,One year,Yes,Mailed check,95.7,4566.58,No
9439-NRGSM,Male,0,Yes,No,23,Yes,Yes,Fiber optic,Yes,No,No,No,No,No,Month-to-month,Yes,Mailed check,91.62,2108.41,No
2968-DKPGF,Female,1,Yes,Yes,42,Yes,No,Fiber optic,No,Yes,No,No,Yes,No,Two year,No,Electronic check,106.81,4455.35,No
3426-HTMMD,Male,0,No,Yes,29,Yes,No,Fiber optic,No,No,No,No,Yes,No,Month-to-month,No,Electronic check,94.24,2736.23,No
5900-ZTLHJ,Female,0,No,No,32,Yes,No,Fiber optic,Yes,No,No,No,Yes,No,Two year,Yes,Electronic check,93.49,3002.81,No
1241-AUWZR,Female,0,Yes,No,10,Yes,Yes,No,No internet service,No internet service,No internet service,No internet service,No internet service,No internet service,Month-to-month,No,Mailed check,34.0,333.74,No
9361-KGFFT,Male,0,No,No,60,Yes,Yes,No,No internet service,No internet service,No internet service,No internet service,No internet service,No internet service,One year,No,Electronic check,44.67,2676.07,No
1089-YUKSD,Female,0,Yes,No,7,Yes,No,DSL,No,Yes,No,No,No,No,One year,No,Mailed check,67.33,464.73,No
4882-CCAVT,Male,0,No,No,12,No,No phone service,Fiber optic,No,No,No,Yes,No,Yes,Month-to-month,Yes,Electronic check,81.11,961.63,No
9035-ZZZAU,Male,0,Yes,Yes,17,Yes,No,Fiber optic,Yes,Yes,No,Yes,No,No,Month-to-month,Yes,Credit card (automatic),112.71,1939.09,No
7508-DDZXH,Female,0,No,No,20,Yes,Yes,Fiber optic,No,No,No,Yes,No,No,One year,Yes,Electronic check,99.41,1988.22,Yes
1672-JASKB,Female,0,No,No,0,Yes,Yes,DSL,No,No,No,No,No,No,Month-to-month,Yes,Mailed check,66.43, ,Yes
9816-VXZAU,Female,1,No,No,69,Yes,Yes,Fiber optic,No,Yes,No,Yes,No,No,Month-to-month,Yes,Electronic check,106.08,7328.94,No
8086-UGKYB,Male,0,No,No,42,Yes,Yes,DSL,No,Yes,No,Yes,No,No,One year,No,Mailed check,73.06,3049.71,No
6769-VVQUX,Female,0,No,No,35,Yes,No,DSL,No,No,No,No,Yes,No,Month-to-month,No,Electronic check,73.57,2579.27,No
7891-CFHJJ,Female,0,Yes,No,9,Yes,Yes,Fiber optic,Yes,Yes,Yes,Yes,Yes,No,Month-to-month,No,Electronic check,118.75,1069.05,Yes
2978-SCURZ,Male,1,No,No,46,Yes,No,No,No internet service,No internet service,No internet service,No internet service,No internet service,No internet service,Month-to-month,No,Bank transfer (automatic),34.07,1564.91,No
1058-HXMPA,Female,1,No,No,6,Yes,No,DSL,Yes,No,No,No,No,Yes,Month-to-month,Yes,Mailed check,69.86,411.82,Yes
7858-GZJEQ,Female,0,No,No,19,Yes,No,No,No internet service,No internet service,No internet service,No internet service,No internet service,No internet service,Two year,Yes,Electronic check,35.28,681.52,No
5296-MYJKQ,Male,0,No,No,41,Yes,No,Fiber optic,No,Yes,Yes,Yes,No,No,Two year,Yes,Credit card (automatic),100.67,4109.74,No
2533-VFFAJ,Male,1,No,No,71,Yes,No,DSL,Yes,No,Yes,No,No,No,Month-to-month,Yes,Bank transfer (automatic),75.49,5355.14,No
6243-SXUHV,Female,0,Yes,Yes,43,Yes,Yes,Fiber optic,No,Yes,No,Yes,Yes,No,Month-to-month,No,Bank transfer (automatic),108.02,4659.19,No
2750-FJNEX,Male,0,Yes,Yes,34,Yes,No,Fiber optic,Yes,No,No,No,No,Yes,Two year,No,Credit card (automatic),104.92,3553.33,No
3432-KQLKZ,Female,0,No,No,48,No,No phone service,Fiber optic,No,No,No,No,No,No,One year,Yes,Bank transfer (automatic),71.19,3433.59,No
4922-CTSFW,Male,1,No,No,53,Yes,Yes,Fiber optic,No,No,No,No,No,No,Month-to-month,Yes,Mailed check,96.61,5099.75,No
4527-DETFM,Male,0,No,No,36,Yes,No,Fiber optic,No,No,No,No,No,Yes,Two year,Yes,Credit card (automatic),96.79,3475.4,Yes
7606-WMXHW,Female,0,No,No,24,Yes,Yes,DSL,No,No,No,No,No,Yes,Two year,No,Bank transfer (automatic),62.89,1500.45,No
3252-BTUYY,Female,0,Yes,Yes,64,Yes,Yes,Fiber optic,No,Yes,Yes,No,No,Yes,Month-to-month,No,Electronic check,104.42,6691.86,No
1920-QSQAB,Male,0,No,No,22,Yes,No,DSL,Yes,No,No,No,Yes,No,Two year,No,Electronic check,72.65,1568.21,No
7034-WEBKH,Female,0,No,No,9,Yes,No,DSL,Yes,No,Yes,Yes,No,No,One year,No,Electronic check,90.33,785.5,No
9845-YPYFZ,Male,1,No,No,21,Yes,No,DSL,No,No,No,No,No,No,Two year,Yes,Mailed check,64.77,1376.3,No
5022-MBEEM,Female,0,Yes,Yes,57,Yes,No,No,No internet service,No internet service,No internet service,No internet service,No internet service,No internet service,Month-to-month,No,Electronic check,40.1,2269.65,No
2707-CQWBP,Male,0,No,No,5,Yes,No,DSL,No,No,No,Yes,Yes,No,Month-to-month,Yes,Mailed check,78.78,372.21,No
9641-KEBYK,Female,0,Yes,No,30,Yes,No,DSL,No,No,No,Yes,No,No,Month-to-month,No,Mailed check,71.38,2134.05,No
1946-WVSCB,Male,0,No,Yes,2,No,No phone service,No,No internet service,No internet service,No internet service,No internet service,No internet service,No internet service,Month-to-month,Yes,Mailed check,18.25,9.48,No
2969-DNKUC,Male,1,No,No,65,No,No phone service,Fiber optic,No,No,No,No,Yes,Yes,Month-to-month,No,Mailed check,76.37,4936.39,No
7550-YDRNC,Female,0,No,No,24,Yes,No,No,No internet service,No internet service,No internet service,No internet service,No internet service,No internet service,Month-to-month,No,Mailed check,39.58,969.45,No
3635-UWJCF,Female,0,Yes,No,17,Yes,No,DSL,No,No,No,No,No,No,Month-to-month,Yes,Credit card (automatic),70.21,1216.48,Yes
8590-PLAUM,Female,0,Yes,Yes,50,Yes,No,Fiber optic,No,No,No,Yes,Yes,Yes,Two year,Yes,Mailed check,108.21,5420.95,No
5906-WPYPJ,Female,0,No,No,69,Yes,No,DSL,No,No,No,No,Yes,No,Month-to-month,No,Credit card (automatic),69.61,4820.89,No
9303-RUFSP,Female,0,No,No,3,Yes,Yes,Fiber optic,Yes,No,No,No,No,No,Two year,Yes,Credit card (automatic),89.79,256.73,No
1946-GXPUE,Female,0,Yes,No,63,Yes,Yes,Fiber optic,No,No,No,No,No,Yes,Month-to-month,Yes,Mailed check,97.31,6155.61,No
2960-YLXVJ,Male,0,No,No,28,Yes,Yes,Fiber optic,Yes,No,No,No,No,Yes,Month-to-month,No,Electronic check,96.73,2685.14,No
9544-UDCDT,Female,1,No,No,12,Yes,No,Fiber optic,No,No,Yes,No,Yes,No,Two year,No,Credit card (automatic),100.25,1182.1,No
2288-GLDHS,Male,0,Yes,Yes,5,Yes,Yes,DSL,No,Yes,No,No,Yes,No,Month-to-month,Yes,Electronic check,84.37,454.43,Yes
9747-MTNMN,Female,0,No,No,31,Yes,Yes,No,No internet service,No internet service,No internet service,No internet service,No internet service,No internet service,Month-to-month,Yes,Electronic check,39.64,1232.49,No
9625-BNBXQ,Male,0,No,No,17,Yes,Yes,DSL,No,No,No,Yes,Yes,No,Month-to-month,No,Credit card (automatic),75.94,1308.98,Yes
1425-QLBZK,Female,0,No,No,17,Yes,No,Fiber optic,No,No,No,Yes,Yes,No,One year,Yes,Bank transfer (automatic),106.49,1836.28,No
1214-QKRDV,Female,1,No,No,13,Yes,Yes,DSL,Yes,No,No,No,Yes,No,Two year,Yes,Electronic check,75.34,981.71,No
4779-LVPAP,Female,0,No,No,10,Yes,No,Fiber optic,Yes,No,Yes,No,Yes,No,Month-to-month,No,Electronic check,98.41,960.1,No
6812-HEBWA,Female,0,No,No,57,Yes,No,DSL,Yes,No,No,No,Yes,No,Month-to-month,Yes,Bank transfer (automatic),70.24,4012.0,No
6250-WJETR,Male,0,Yes,Yes,28,Yes,Yes,DSL,No,Yes,No,Yes,Yes,Yes,Two year,No,Electronic check,82.93,2329.96,No
1134-PAKHW,Male,0,Yes,Yes,58,Yes,Yes,No,No internet service,No internet service,No internet service,No internet service,No internet service,No internet service,One year,Yes,Bank transfer (automatic),43.02,2500.67,No
9794-STABU,Female,0,Yes,No,39,Yes,No,DSL,No,Yes,Yes,Yes,Yes,No,Month-to-month,No,Mailed check,86.4,3360.76,No
4853-NSJST,Female,0,No,No,5,Yes,No,DSL,No,No,No,Yes,Yes,No,Two year,No,Credit card (automatic),74.02,367.73,No
3163-SEHUZ,Male,0,Yes,No,29,Yes,No,DSL,No,No,No,No,Yes,No,Month-to-month,No,Bank transfer (automatic),74.57,2145.13,No
1581-RPQUB,Male,0,Yes,Yes,6,No,No phone service,No,No internet service,No internet service,No internet service,No internet service,No internet service,No internet service,One year,No,Credit card (automatic),22.7,142.31,No
7652-GDLAR,Male,0,No,No,24,Yes,Yes,Fiber optic,No,No,Yes,No,No,Yes,Month-to-month,Yes,Credit card (automatic),105.6,2532.47,No
6086-NAUAG,Female,0,Yes,No,60,Yes,Yes,No,No internet service,No internet service,No internet service,No internet service,No internet service,No internet service,Month-to-month,No,Mailed check,35.9,2171.98,No
4562-SKVYU,Male,0,Yes,No,23,No,No phone service,Fiber optic,No,Yes,Yes,Yes,No,No,Month-to-month,No,Mailed check,89.78,2036.28,No
1350-UEXZC,Female,0,No,Yes,17,No,No phone service,Fiber optic,No,No,No,No,Yes,No,Two year,No,Credit card (automatic),78.38,1314.12,No
1887-SDZNP,Female,1,Yes,Yes,11,Yes,Yes,Fiber optic,No,No,No,No,No,Yes,Two year,Yes,Electronic check,90.85,1015.75,Yes
8741-FPZAE,Female,1,No,No,9,Yes,No,Fiber optic,No,No,No,No,Yes,Yes,Month-to-month,No,Mailed check,99.51,878.94,No
2314-JDEWM,Male,0,Yes,Yes,16,Yes,No,Fiber optic,No,No,No,No,No,No,Month-to-month,No,Bank transfer (automatic),87.32,1398.44,No
4222-LZMMY,Female,0,No,No,66,Yes,Yes,DSL,Yes,Yes,No,Yes,No,No,Month-to-month,No,Mailed check,85.15,5642.2,No
1335-MTNWX,Male,1,No,No,38,Yes,No,DSL,No,Yes,Yes,No,Yes,Yes,Month-to-month,Yes,Electronic check,87.8,3334.72,No
4026-VFFZA,Male,0,No,Yes,57,Yes,No,Fiber optic,Yes,No,Yes,No,No,Yes,One year,No,Electronic check,107.54,6146.77,No
4177-RKWGP,Male,0,Yes,Yes,11,Yes,No,DSL,No,No,No,No,Yes,No,One year,Yes,Mailed check,68.89,757.1,Yes
2126-FETES,Female,0,No,No,44,Yes,No,DSL,Yes,No,No,No,No,Yes,Month-to-month,No,Credit card (automatic),78.85,3481.03,No
4110-PWWAU,Female,0,Yes,No,60,Yes,No,No,No internet service,No internet service,No internet service,No internet service,No internet service,No internet service,Month-to-month,No,Bank transfer (automatic),34.56,2099.09,No
9599-SERRR,Male,0,No,No,56,Yes,Yes,DSL,No,No,Yes,No,No,Yes,Month-to-month,No,Electronic check,80.6,4507.16,No
4858-NRMUT,Female,0,Yes,No,53,Yes,No,DSL,No,No,Yes,Yes,Yes,No,Month-to-month,Yes,Electronic check,84.73,4482.77,No
3727-QUMTD,Female,0,Yes,No,54,Yes,Yes,Fiber optic,Yes,Yes,No,No,Yes,No,One year,Yes,Bank transfer (automatic),100.88,5439.57,No
4475-SXRRJ,Female,0,Yes,No,72,Yes,No,Fiber optic,No,No,No,Yes,Yes,No,One year,No,Electronic check,107.14,7717.98,No
7307-JBFQZ,Male,0,Yes,Yes,28,Yes,Yes,DSL,No,No,Yes,Yes,No,Yes,One year,Yes,Electronic check,85.39,2378.6,No
5461-WUPVK,Male,0,Yes,Yes,23,Yes,No,Fiber optic,No,No,Yes,Yes,Yes,No,One year,Yes,Electronic check,115.56,2654.53,No
4983-TRNLZ,Male,1,Yes,Yes,6,Yes,No,DSL,No,No,Yes,Yes,No,Yes,Two year,Yes,Bank transfer (automatic),81.8,514.63,No
1591-BMAJP,Male,0,No,No,13,Yes,Yes,DSL,No,No,No,No,No,Yes,One year,No,Credit card (automatic),75.26,989.23,No
4645-EGQYU,Female,0,No,No,29,Yes,No,DSL,Yes,No,Yes,No,Yes,Yes,Two year,No,Mailed check,86.48,2507.05,No
5926-DFLFS,Male,0,No,Yes,5,Yes,Yes,No,No internet service,No internet service,No internet service,No internet service,No internet service,No internet service,Month-to-month,Yes,Electronic check,43.28,213.63,Yes
4295-WGMTE,Male,0,Yes,No,55,Yes,No,DSL,No,No,No,No,No,Yes,Month-to-month,Yes,Electronic check,72.79,3998.46,No
7852-QRLYU,Male,1,Yes,No,25,No,No phone service,DSL,No,Yes,No,No,No,Yes,Month-to-month,Yes,Electronic check,56.9,1423.25,Yes
2728-PXGNU,Male,0,No,No,23,Yes,Yes,Fiber optic,No,Yes,No,No,Yes,No,Month-to-month,Yes,Electronic check,99.4,2253.91,Yes
3459-NPEEP,Male,0,Yes,No,67,Yes,No,No,No internet service,No internet service,No internet service,No internet service,No internet service,No internet service,Two year,Yes,Bank transfer (automatic),44.57,2986.65,No
2608-YNSKH,Male,0,No,No,4,Yes,Yes,Fiber optic,No,No,Yes,Yes,No,Yes,One year,No,Credit card (automatic),114.99,486.31,Yes
5378-TKGDP,Male,0,No,No,43,Yes,No,Fiber optic,No,Yes,No,No,Yes,No,Month-to-month,Yes,Electronic check,107.73,4637.72,Yes
7116-NGFKJ,Female,0,Yes,Yes,43,Yes,No,No,No internet service,No internet service,No internet service,No internet service,No internet service,No internet service,Month-to-month,Yes,Mailed check,41.98,1828.58,No
2833-YHGQV,Female,0,No,No,69,Yes,Yes,Fiber optic,No,Yes,Yes,No,No,Yes,Month-to-month,No,Bank transfer (automatic),111.26,7682.13,Yes
5181-SCNBD,Female,0,No,No,29,Yes,No,Fiber optic,No,Yes,No,No,No,No,Month-to-month,No,Mailed check,93.52,2689.54,Yes
6327-EAEUQ,Male,0,No,No,66,Yes,No,DSL,No,No,No,No,No,No,One year,Yes,Electronic check,58.63,3868.94,No
4435-ZKXJA,Female,0,No,No,49,Yes,Yes,DSL,No,No,No,No,Yes,No,Month-to-month,Yes,Electronic check,69.47,3408.9,No
1992-GEDKZ,Female,0,Yes,Yes,27,Yes,Yes,Fiber optic,No,No,Yes,Yes,Yes,No,Month-to-month,Yes,Bank transfer (automatic),108.4,2932.69,No
2804-FZEVQ,Female,0,No,No,38,Yes,No,DSL,Yes,Yes,No,No,Yes,No,Month-to-month,No,Bank transfer (automatic),80.66,3044.39,No
9348-PQFPS,Female,0,Yes,Yes,31,Yes,No,DSL,No,No,No,No,No,No,Two year,No,Bank transfer (automatic),69.78,2163.33,No
9880-CDAUB,Male,0,Yes,Yes,43,Yes,No,Fiber optic,Yes,No,No,No,Yes,No,Two year,Yes,Credit card (automatic),101.46,4367.47,No
9238-JGZTP,Female,0,No,No,21,Yes,No,DSL,No,No,Yes,Yes,No,No,Month-to-month,No,Electronic check,84.83,1783.35,Yes
8999-URHZT,Male,0,Yes,Yes,24,Yes,No,Fiber optic,Yes,Yes,No,Yes,No,No,Month-to-month,Yes,Mailed check,109.06,2631.43,No
9509-ZPJYZ,Male,0,No,No,54,Yes,No,No,No internet service,No internet service,No internet service,No internet service,No internet service,No internet service,Two year,No,Mailed check,35.91,1926.73,No
2097-RQTZG,Male,0,No,Yes,71,Yes,Yes,DSL,Yes,Yes,No,No,Yes,Yes,Two year,No,Electronic check,83.82,5949.12,No
9780-RBNDY,Male,0,Yes,No,41,Yes,Yes,Fiber optic,No,No,Yes,Yes,No,Yes,One year,Yes,Bank transfer (automatic),112.39,4617.67,No
7868-XQKLY,Female,0,Yes,No,24,Yes,No,Fiber optic,No,No,Yes,Yes,No,No,One year,Yes,Electronic check,109.15,2610.31,Yes
2363-XLQSB,Male,0,Yes,Yes,4,Yes,No,DSL,No,Yes,No,No,No,No,One year,Yes,Bank transfer (automatic),74.35,291.64,No
2338-DUBQC,Female,0,Yes,No,68,Yes,Yes,Fiber optic,Yes,Yes,No,Yes,Yes,No,One year,Yes,Mailed check,117.69,8020.43,No
7909-ZKFLS,Male,0,Yes,No,67,No,No phone service,DSL,No,Yes,No,No,Yes,Yes,Two year,No,Electronic check,62.25,4168.18,No
7545-RPRFE,Male,0,No,No,15,Yes,Yes,Fiber optic,No,Yes,Yes,No,Yes,No,One year,Yes,Electronic check,102.69,1530.97,No
9376-PWRLP,Male,0,Yes,Yes,57,Yes,No,Fiber optic,No,Yes,No,No,Yes,Yes,One year,No,Mailed check,112.49,6422.73,No
7224-EMTCB,Male,0,Yes,No,49,Yes,Yes,No,No internet service,No internet service,No internet service,No internet service,No internet service,No internet service,Two year,Yes,Electronic check,30.09,1493.7,No
2440-QFLDG,Female,1,Yes,No,68,Yes,No,DSL,Yes,No,Yes,No,No,No,Two year,No,Bank transfer (automatic),78.95,5380.54,No
1159-VMENY,Female,1,Yes,Yes,36,Yes,No,Fiber optic,No,Yes,No,No,No,Yes,Month-to-month,No,Bank transfer (automatic),106.31,3826.87,No
8422-XKJHH,Female,1,No,No,18,Yes,No,DSL,No,Yes,Yes,No,Yes,No,Two year,Yes,Bank transfer (automatic),81.11,1464.27,Yes
9276-DWXWR,Female,1,No,No,24,Yes,Yes,Fiber optic,Yes,Yes,No,No,Yes,No,Month-to-month,Yes,Electronic check,103.15,2464.64,No
8699-AVNZC,Female,0,Yes,Yes,54,Yes,Yes,Fiber optic,No,No,No,Yes,No,No,Month-to-month,Yes,Credit card (automatic),89.19,4806.43,No
9369-PCNAB,Female,0,Yes,Yes,14,Yes,Yes,DSL,No,Yes,No,No,No,Yes,Month-to-month,No,Mailed check,79.06,1086.08,Yes
5784-VCGKN,Male,0,No,No,46,Yes,No,No,No internet service,No internet service,No internet service,No internet service,No internet service,No internet service,Month-to-month,No,Bank transfer (automatic),44.99,2067.69,No
1006-RMZHM,Male,0,No,No,60,Yes,Yes,Fiber optic,No,No,No,No,No,Yes,Month-to-month,No,Credit card (automatic),89.97,5386.89,No
1734-YWJMW,Female,1,No,No,8,Yes,No,No,No internet service,No internet service,No internet service,No internet service,No internet service,No internet service,Two year,Yes,Mailed check,39.17,307.06,No
3658-FFSFC,Male,1,Yes,Yes,38,No,No phone service,Fiber optic,No,No,No,Yes,No,No,Month-to-month,No,Credit card (automatic),82.98,3151.86,Yes
2488-ZWYGL,Female,0,No,No,18,Yes,Yes,No,No internet service,No internet service,No internet service,No internet service,No internet service,No internet service,Two year,No,Electronic check,36.8,661.17,No
5416-NAQAG,Male,1,Yes,No,36,Yes,Yes,No,No internet service,No internet service,No internet service,No internet service,No internet service,No internet service,Month-to-month,Yes,Credit card (automatic),34.49,1245.93,No
3630-SXSLN,Male,0,Yes,No,13,Yes,Yes,DSL,No,No,No,Yes,Yes,Yes,Month-to-month,No,Credit card (automatic),80.08,1025.6,No
5611-DYYFC,Male,0,No,No,23,No,No phone service,DSL,No,Yes,No,Yes,Yes,No,Month-to-month,Yes,Electronic check,59.55,1372.15,Yes
2485-RACRD,Female,0,Yes,No,11,No,No phone service,No,No internet service,No internet service,No internet service,No internet service,No internet service,No internet service,Month-to-month,Yes,Mailed check,24.11,265.2,No
1619-ASJGR,Female,1,No,No,28,Yes,No,DSL,Yes,No,No,No,Yes,No,Two year,Yes,Credit card (automatic),82.96,2324.64,No
2534-NMSQS,Male,0,No,No,47,Yes,No,Fiber optic,No,Yes,No,No,No,Yes,Month-to-month,No,Mailed check,104.04,4865.29,No
2917-DNBLR,Male,0,No,No,22,Yes,Yes,DSL,No,No,No,No,Yes,No,Month-to-month,No,Bank transfer (automatic),69.13,1552.35,No
8388-RZPLF,Male,0,No,No,63,Yes,Yes,No,No internet service,No internet service,No internet service,No internet service,No internet service,No internet service,Two year,No,Electronic check,38.03,2384.2,No
7057-VHBAR,Male,0,Yes,No,44,Yes,No,DSL,No,No,No,No,No,No,Month-to-month,Yes,Electronic check,62.49,2741.82,No
6966-CARKL,Female,0,No,No,72,Yes,Yes,Fiber optic,No,No,No,No,No,No,Month-to-month,Yes,Bank transfer (automatic),87.6,6280.79,No
3362-TTBCP,Female,0,No,No,49,Yes,No,Fiber optic,No,Yes,No,No,No,Yes,Month-to-month,Yes,Mailed check,99.1,4862.71,Yes
6427-DDSLC,Female,1,Yes,Yes,15,Yes,No,Fiber optic,No,No,No,No,Yes,No,One year,Yes,Bank transfer (automatic),88.87,1348.84,No
6485-BFTFB,Female,0,No,No,41,Yes,No,Fiber optic,Yes,No,No,Yes,Yes,Yes,Month-to-month,No,Mailed check,116.92,4769.72,Yes
9638-FNVZV,Female,1,No,No,49,Yes,Yes,DSL,No,No,Yes,No,Yes,No,One year,Yes,Credit card (automatic),75.61,3701.45,No
4056-WAHEN,Male,0,No,Yes,34,Yes,Yes,DSL,No,No,No,No,No,No,Two year,No,Electronic check,59.49,2024.63,No
9023-UZDUT,Male,0,Yes,No,5,Yes,No,DSL,Yes,No,Yes,No,No,No,Month-to-month,Yes,Bank transfer (automatic),79.14,402.23,No
5107-CCXHR,Female,1,No,No,13,Yes,Yes,No,No internet service,No internet service,No internet service,No internet service,No internet service,No internet service,One year,Yes,Mailed check,42.33,581.51,No
9509-MFMFE,Female,0,Yes,No,17,Yes,No,Fiber optic,No,No,No,No,Yes,Yes,Two year,Yes,Credit card (automatic),98.71,1701.08,No
8298-JSTPN,Male,0,Yes,No,30,Yes,Yes,Fiber optic,No,No,Yes,No,Yes,Yes,Month-to-month,Yes,Credit card (automatic),110.94,3323.68,Yes
2624-NUEFS,Male,1,Yes,No,61,Yes,No,Fiber optic,Yes,No,No,No,No,No,Month-to-month,No,Electronic check,97.78,5937.53,No
9835-KVEPY,Female,0,No,No,1,Yes,Yes,DSL,No,No,No,Yes,No,Yes,One year,No,Credit card (automatic),77.1,72.44,No
4973-NDNQZ,Female,0,No,No,68,Yes,No,Fiber optic,Yes,No,No,No,No,Yes,One year,No,Bank transfer (automatic),106.95,7269.65,No
2808-JRYFS,Male,0,Yes,No,38,Yes,Yes,Fiber optic,No,Yes,No,Yes,Yes,Yes,Month-to-month,Yes,Electronic check,118.75,4501.52,Yes
8913-RLFGB,Male,0,Yes,No,70,Yes,No,No,No internet service,No internet service,No internet service,No internet service,No internet service,No internet service,Two year,Yes,Electronic check,34.42,2398.27,No
2368-LDASB,Female,0,Yes,No,49,Yes,No,No,No internet service,No internet service,No internet service,No internet service,No internet service,No internet service,Month-to-month,Yes,Electronic check,33.97,1644.56,No
2269-QYTAE,Male,0,Yes,No,33,Yes,Yes,Fiber optic,No,No,No,No,No,Yes,Month-to-month,Yes,Bank transfer (automatic),95.07,3137.27,Yes
7662-TKYXT,Male,0,Yes,Yes,8,Yes,No,DSL,No,No,No,Yes,Yes,No,Month-to-month,Yes,Mailed check,75.22,602.09,No
7733-UDSYF,Male,0,Yes,No,53,Yes,Yes,Fiber optic,No,No,No,Yes,No,No,Two year,Yes,Electronic check,96.88,5113.12,No
1131-JGYLR,Male,0,Yes,Yes,44,No,No phone service,Fiber optic,No,No,No,No,Yes,Yes,Month-to-month,Yes,Credit card (automatic),84.8,3728.61,No
9836-UTZSF,Male,0,Yes,No,26,Yes,Yes,No,No internet service,No internet service,No internet service,No internet service,No internet service,No internet service,One year,No,Bank transfer (automatic),38.11,1026.91,No
7540-HHRHA,Female,0,No,No,59,Yes,No,Fiber optic,No,No,Yes,Yes,No,Yes,Two year,No,Credit card (automatic),106.06,6247.82,No
9995-PSVRQ,Female,0,No,Yes,51,No,No phone service,DSL,No,No,No,No,Yes,No,Month-to-month,No,Electronic check,51.27,2624.8,Yes
8125-HVTED,Female,0,No,No,21,Yes,No,Fiber optic,No,No,No,No,No,No,Month-to-month,Yes,Electronic check,95.31,2004.09,Yes
8916-XZCXW,Male,0,Yes,No,11,Yes,Yes,Fiber optic,Yes,Yes,Yes,No,Yes,No,Two year,Yes,Credit card (automatic),118.75,1318.1,No
7907-MNLAN,Male,0,Yes,No,48,Yes,No,Fiber optic,No,Yes,No,No,Yes,No,Month-to-month,Yes,Bank transfer (automatic),107.58,5168.84,No
3134-EBLBW,Male,1,Yes,No,8,No,No phone service,Fiber optic,No,Yes,No,No,Yes,Yes,Month-to-month,Yes,Electronic check,89.18,694.18,Yes
9004-VHDNS,Male,1,Yes,No,38,No,No phone service,Fiber optic,No,No,Yes,No,Yes,No,One year,No,Mailed check,83.36,3185.25,No
1185-WLVBL,Male,0,Yes,No,71,Yes,Yes,Fiber optic,Yes,No,Yes,Yes,No,Yes,One year,No,Electronic check,115.96,8232.97,No
5124-BSYNK,Male,0,No,Yes,54,Yes,No,No,No internet service,No internet service,No internet service,No internet service,No internet service,No internet service,Month-to-month,Yes,Bank transfer (automatic),45.02,2400.05,No
6723-JJUQG,Female,0,Yes,Yes,22,Yes,No,Fiber optic,No,No,No,Yes,Yes,No,Two year,No,Electronic check,107.33,2379.64,No
4666-WNBWT,Male,0,Yes,No,70,Yes,No,Fiber optic,No,No,Yes,No,No,No,Two year,No,Electronic check,91.96,6485.61,No
3401-ZYZKY,Female,0,Yes,Yes,65,Yes,Yes,No,No internet service,No internet service,No internet service,No internet service,No internet service,No internet service,Month-to-month,Yes,Credit card (automatic),38.22,2505.28,No
8256-WPGFZ,Female,0,Yes,No,35,Yes,Yes,Fiber optic,No,No,Yes,No,Yes,Yes,Month-to-month,No,Electronic check,103.43,3605.73,No
5521-YPNBK,Female,0,No,No,1,Yes,Yes,DSL,Yes,Yes,No,Yes,Yes,No,One year,Yes,Bank transfer (automatic),94.21,86.95,No
6004-CDQFS,Male,0,Yes,No,65,Yes,Yes,Fiber optic,No,No,No,No,No,Yes,Month-to-month,Yes,Electronic check,93.58,6101.17,Yes
5143-KCKPP,Male,1,Yes,Yes,60,Yes,No,DSL,No,No,No,No,No,No,Month-to-month,No,Mailed check,59.83,3584.32,Yes
3431-AYYXG,Female,0,No,No,71,Yes,Yes,Fiber optic,No,No,No,No,Yes,Yes,Month-to-month,Yes,Electronic check,102.46,7294.61,Yes
6422-DXAMW,Male,0,Yes,No,68,Yes,No,Fiber optic,No,No,Yes,No,Yes,Yes,One year,No,Electronic check,110.0,7475.55,No
7529-WMCAD,Female,1,Yes,No,35,Yes,No,Fiber optic,No,No,No,No,Yes,No,Month-to-month,Yes,Mailed check,102.12,3591.61,No
1517-LBELT,Female,0,No,No,1,Yes,No,Fiber optic,Yes,No,Yes,No,No,No,Month-to-month,Yes,Mailed check,104.54,131.63,No
7067-BXPJK,Female,0,Yes,No,28,No,No phone service,Fiber optic,No,No,No,No,Yes,No,One year,No,Mailed check,72.98,2046.24,No
8634-MFLBD,Female,0,No,No,28,Yes,Yes,No,No internet service,No internet service,No internet service,No internet service,No internet service,No internet service,Two year,Yes,Electronic check,35.88,992.62,No
3830-FJBQC,Female,0,No,No,21,Yes,No,No,No internet service,No internet service,No internet service,No internet service,No internet service,No internet service,Month-to-month,Yes,Credit card (automatic),34.89,716.09,No
2952-ZAGNH,Male,0,Yes,No,59,Yes,Yes,No,No internet service,No internet service,No internet service,No internet service,No internet service,No internet service,One year,Yes,Mailed check,28.03,1659.28,No
3884-DLUQY,Male,0,Yes,Yes,59,Yes,No,Fiber optic,Yes,Yes,Yes,Yes,No,No,Month-to-month,No,Mailed check,110.99,6551.72,No
7296-ULQPV,Female,0,Yes,Yes,0,Yes,No,Fiber optic,No,Yes,No,No,Yes,No,Month-to-month,No,Credit card (automatic),103.13, ,Yes
5509-KBWLV,Female,0,No,No,66,Yes,Yes,DSL,Yes,No,Yes,No,Yes,Yes,Month-to-month,Yes,Electronic check,85.98,5672.92,No
7102-ARMFG,Male,0,Yes,No,22,Yes,Yes,DSL,No,Yes,No,Yes,Yes,No,Two year,Yes,Mailed check,86.62,1917.55,No
6740-CQWCA,Male,0,No,No,12,Yes,Yes,DSL,Yes,No,No,No,No,No,Month-to-month,No,Bank transfer (automatic),72.51,871.66,No
1545-TWZAM,Female,0,Yes,No,18,Yes,Yes,Fiber optic,Yes,Yes,Yes,Yes,No,Yes,Two year,No,Electronic check,118.58,2113.01,No
1433-JHQXV,Male,0,No,No,4,Yes,Yes,DSL,Yes,No,No,No,No,Yes,Month-to-month,No,Electronic check,76.76,301.52,Yes
1572-FGGJQ,Male,0,No,No,9,Yes,No,Fiber optic,No,No,No,No,No,No,One year,No,Electronic check,91.37,,Yes
7655-YSHEK,Female,0,Yes,Yes,21,Yes,No,Fiber optic,No,No,No,Yes,No,Yes,Month-to-month,Yes,Bank transfer (automatic),103.43,2169.23,Yes
8196-ZKEAB,Male,0,Yes,No,6,Yes,Yes,Fiber optic,No,No,No,Yes,Yes,No,One year,Yes,Bank transfer (automatic),101.52,600.76,Yes
6731-QRALE,Female,0,No,No,12,Yes,No,No,No internet service,No internet service,No internet service,No internet service,No internet service,No internet service,Two year,No,Mailed check,43.91,501.98,No
4028-QGRGN,Female,0,No,No,18,Yes,No,No,No internet service,No internet service,No internet service,No internet service,No internet service,No internet service,Two year,Yes,Electronic check,37.61,670.1,No
5131-KDPZR,Male,0,Yes,Yes,55,Yes,No,Fiber optic,No,No,No,No,No,No,Two year,Yes,Electronic check,90.77,4996.19,No
7711-VAVFR,Female,0,No,Yes,14,Yes,No,No,No internet service,No internet service,No internet service,No internet service,No internet service,No internet service,Month-to-month,No,Mailed check,43.27,592.09,No
9853-XKWQD,Male,0,No,Yes,67,Yes,No,DSL,No,Yes,No,No,No,No,One year,No,Electronic check,61.68,4130.61,No
3158-YXXKH,Male,0,No,No,71,Yes,No,Fiber optic,No,No,Yes,No,Yes,Yes,Two year,Yes,Bank transfer (automatic),111.71,7938.12,No
8253-AXQRL,Male,0,No,No,24,Yes,Yes,No,No internet service,No internet service,No internet service,No internet service,No internet service,No internet service,Month-to-month,Yes,Electronic check,32.44,767.25,No
9812-TBNWB,Male,1,No,No,1,Yes,Yes,No,No internet service,No internet service,No internet service,No internet service,No internet service,No internet service,Month-to-month,Yes,Mailed check,38.96,48.49,No
7631-FNXMA,Female,0,Yes,Yes,21,Yes,Yes,No,No internet service,No internet service,No internet service,No internet service,No internet service,No internet service,Month-to-month,Yes,Credit card (automatic),37.81,789.4,No
1186-TYHYL,Male,0,Yes,No,9,Yes,Yes,No,No internet service,No internet service,No internet service,No internet service,No internet service,No internet service,One year,Yes,Electronic check,35.58,293.5,No
1528-NZGZR,Male,1,No,No,2,Yes,No,DSL,No,No,Yes,No,No,No,Month-to-month,Yes,Bank transfer (automatic),72.09,136.82,Yes
4564-SKCWJ,Female,0,No,No,58,Yes,No,No,No internet service,No internet service,No internet service,No internet service,No internet service,No internet service,Month-to-month,No,Electronic check,41.82,2437.25,No
6091-TBTJP,Female,0,No,No,7,Yes,Yes,DSL,Yes,No,No,Yes,No,No,Month-to-month,Yes,Bank transfer (automatic),79.27,547.59,No
5113-UECKC,Female,0,Yes,No,55,Yes,No,No,No internet service,No internet service,No internet service,No internet service,No internet service,No internet service,One year,Yes,Mailed check,32.72,1816.01,No
3184-RVSHV,Female,0,Yes,No,48,Yes,Yes,DSL,No,Yes,Yes,No,No,No,Month-to-month,Yes,Mailed check,78.44,3756.32,No
4654-EUNJR,Female,0,Yes,No,34,Yes,Yes,Fiber optic,No,Yes,Yes,No,Yes,Yes,Two year,Yes,Electronic check,116.82,3968.31,No
7522-FCNBR,Male,1,Yes,No,23,Yes,Yes,No,No internet service,No internet service,No internet service,No internet service,No internet service,No internet service,One year,No,Electronic check,36.89,839.61,No
4957-FQKKF,Male,0,Yes,Yes,28,Yes,Yes,DSL,No,No,No,No,No,No,Month-to-month,No,Electronic check,58.72,1640.5,No
7084-XQFWC,Female,0,Yes,Yes,22,Yes,No,DSL,No,Yes,Yes,No,Yes,Yes,One year,Yes,Bank transfer (automatic),92.05,2020.35,No
3607-AWBPE,Male,0,Yes,No,25,Yes,Yes,Fiber optic,No,Yes,No,Yes,Yes,Yes,Month-to-month,No,Credit card (automatic),118.75,2960.84,Yes
2909-QVADG,Female,1,Yes,Yes,19,Yes,No,Fiber optic,No,No,No,No,No,Yes,Two year,Yes,Electronic check,97.12,1821.24,Yes
9491-BEKHB,Male,0,Yes,No,71,Yes,No,Fiber optic,Yes,No,No,No,No,Yes,Two year,Yes,Electronic check,105.47,7485.46,No
5861-QESBT,Female,0,No,No,67,Yes,Yes,Fiber optic,Yes,No,Yes,Yes,No,No,Month-to-month,Yes,Mailed check,116.11,7759.48,No
3332-FEWNS,Male,0,No,No,63,Yes,No,DSL,No,No,No,No,Yes,No,Month-to-month,Yes,Mailed check,63.98,4009.88,No
2835-BALHU,Male,0,Yes,No,61,Yes,No,Fiber optic,No,Yes,No,Yes,No,No,Month-to-month,Yes,Bank transfer (automatic),105.8,6459.03,No
8094-HLKSR,Male,0,No,No,19,Yes,Yes,No,No internet service,No internet service,No internet service,No internet service,No internet service,No internet service,One year,Yes,Mailed check,33.82,651.34,No
6859-BJZJE,Male,0,No,Yes,63,Yes,Yes,DSL,Yes,No,Yes,No,Yes,Yes,Month-to-month,No,Bank transfer (automatic),89.07,5609.44,No
2796-AUAQK,Female,1,No,No,33,No,No phone service,Fiber optic,Yes,No,No,No,Yes,No,Two year,Yes,Electronic check,82.41,2716.81,No
1852-XTVYX,Female,0,No,Yes,11,Yes,No,Fiber optic,Yes,Yes,No,No,No,No,Month-to-month,Yes,Bank transfer (automatic),106.79,1175.07,Yes
7305-NSLEK,Female,0,Yes,No,54,Yes,Yes,DSL,No,Yes,No,No,No,No,Two year,Yes,Bank transfer (automatic),60.97,3281.27,No
5201-BWXLM,Female,0,Yes,No,70,Yes,No,No,No internet service,No internet service,No internet service,No internet service,No internet service,No internet service,Month-to-month,Yes,Credit card (automatic),33.77,2372.6,No
8567-LSNGV,Male,0,No,No,60,Yes,No,DSL,Yes,No,No,No,No,Yes,One year,Yes,Bank transfer (automatic),80.39,4823.26,No
2734-FSTYT,Female,0,No,No,1,Yes,Yes,No,No internet service,No internet service,No internet service,No internet service,No internet service,No internet service,Month-to-month,Yes,Bank transfer (automatic),41.01,54.95,Yes
1222-WKAPE,Male,0,No,Yes,8,Yes,No,DSL,No,No,Yes,No,Yes,No,Month-to-month,No,Bank transfer (automatic),77.4,578.64,Yes
4743-MBWNZ,Male,0,No,No,9,Yes,Yes,DSL,No,No,No,No,Yes,Yes,Month-to-month,Yes,Electronic check,75.61,685.66,Yes
5183-QVFXE,Male,0,No,No,69,Yes,No,Fiber optic,Yes,No,No,No,Yes,Yes,One year,Yes,Electronic check,103.2,7149.71,No
9962-RNFPP,Female,0,No,No,38,No,No phone service,DSL,Yes,No,No,Yes,No,Yes,Two year,No,Credit card (automatic),69.55,2644.78,No
9852-WMKKK,Female,0,Yes,Yes,59,Yes,Yes,No,No internet service,No internet service,No internet service,No internet service,No internet service,No internet service,Month-to-month,No,Credit card (automatic),50.8,2966.91,No
1122-AUGKS,Male,0,Yes,No,9,Yes,Yes,Fiber optic,No,No,Yes,Yes,No,Yes,Two year,Yes,Credit card (automatic),108.74,958.15,No
6466-JUDMC,Female,0,Yes,Yes,36,Yes,No,DSL,No,Yes,No,Yes,No,Yes,Month-to-month,Yes,Bank transfer (automatic),89.83,3237.41,No
5784-CYRFQ,Male,0,No,No,27,Yes,Yes,DSL,Yes,No,No,Yes,No,No,Two year,Yes,Electronic check,79.08,2128.7,No
4149-NENCD,Female,0,Yes,No,36,Yes,No,Fiber optic,No,No,No,No,No,Yes,Month-to-month,No,Credit card (automatic),95.08,3400.36,No
6255-NHBLY,Male,0,No,Yes,48,No,No phone service,No,No internet service,No internet service,No internet service,No internet service,No internet service,No internet service,Month-to-month,Yes,Bank transfer (automatic),25.16,1181.57,No
7371-BYLPA,Male,0,No,No,37,No,No phone service,No,No internet service,No internet service,No internet service,No internet service,No internet service,No internet service,Two year,Yes,Electronic check,20.16,758.49,No
3790-UHDCY,Male,0,Yes,Yes,5,Yes,Yes,Fiber optic,No,No,No,No,No,Yes,Month-to-month,No,Electronic check,94.61,453.99,Yes
8314-BYVJR,Female,0,No,No,59,Yes,No,DSL,Yes,No,No,No,No,No,Two year,Yes,Bank transfer (automatic),71.94,4224.23,No
3321-FTEJJ,Female,0,No,Yes,66,No,No phone service,Fiber optic,No,No,No,No,No,Yes,Two year,Yes,Bank transfer (automatic),79.22,5232.52,No
2352-VSWNE,Female,0,No,No,39,No,No phone service,DSL,No,No,No,No,No,No,Month-to-month,No,Electronic check,50.07,1949.22,No
3515-JYFSC,Male,0,Yes,Yes,13,Yes,No,Fiber optic,No,Yes,No,Yes,Yes,No,Month-to-month,Yes,Credit card (automatic),114.38,1490.76,Yes
9602-RLJJF,Male,1,Yes,Yes,59,Yes,No,DSL,No,No,No,No,No,No,Month-to-month,No,Electronic check,71.23,4186.64,No
6397-WFTPU,Female,0,No,No,43,Yes,Yes,No,No internet service,No internet service,No internet service,No internet service,No internet service,No internet service,Month-to-month,Yes,Electronic check,42.12,1824.67,No
7927-AAXDP,Male,0,No,No,63,Yes,Yes,DSL,No,Yes,No,Yes,Yes,Yes,One year,Yes,Mailed check,88.16,5568.76,No
7777-NAASX,Female,0,No,No,44,Yes,No,Fiber optic,No,Yes,No,Yes,Yes,No,Month-to-month,Yes,Mailed check,113.61,4994.39,No
4090-PYVNR,Male,0,Yes,No,51,Yes,No,Fiber optic,No,Yes,No,No,Yes,Yes,Month-to-month,No,Mailed check,105.24,5359.71,Yes
9650-VKSHY,Male,0,Yes,No,57,Yes,No,DSL,No,No,No,Yes,No,No,Month-to-month,No,Bank transfer (automatic),79.22,4525.47,No
1841-FJEQT,Female,0,No,No,3,No,No phone service,No,No internet service,No internet service,No internet service,No internet service,No internet service,No internet service,Two year,No,Electronic check,18.25,68.3,No
9013-NQQAT,Female,0,No,No,17,Yes,No,Fiber optic,No,Yes,No,No,No,Yes,Month-to-month,No,Mailed check,108.31,1842.01,Yes
1209-PZUNH,Male,0,No,No,32,Yes,No,Fiber optic,Yes,No,No,No,No,Yes,One year,No,Mailed check,110.78,3542.35,No
8534-WJCPR,Male,0,Yes,No,51,Yes,No,No,No internet service,No internet service,No internet service,No internet service,No internet service,No internet service,One year,Yes,Credit card (automatic),42.03,2159.96,No
9405-XFGZH,Female,0,Yes,Yes,18,Yes,No,No,No internet service,No internet service,No internet service,No internet service,No internet service,No internet service,Month-to-month,Yes,Credit card (automatic),43.34,808.66,No
5125-HKPHK,Male,0,Yes,No,32,Yes,Yes,No,No internet service,No internet service,No internet service,No internet service,No internet service,No internet service,One year,Yes,Credit card (automatic),43.47,1400.47,No
4173-CUXME,Male,0,Yes,No,3,Yes,Yes,No,No internet service,No internet service,No internet service,No internet service,No internet service,No internet service,Month-to-month,Yes,Credit card (automatic),41.24,131.55,Yes
6786-NPQTA,Female,0,Yes,No,46,Yes,No,Fiber optic,No,No,No,No,No,No,One year,No,Electronic check,90.6,4165.46,No
1894-CDZTR,Female,0,Yes,No,47,Yes,No,DSL,No,Yes,Yes,No,No,No,Month-to-month,No,Mailed check,82.7,3882.12,No
7288-AFVMN,Male,0,No,No,39,Yes,No,DSL,No,No,No,No,No,No,Month-to-month,Yes,Credit card (automatic),72.94,2859.63,No
7751-BVSKM,Female,1,Yes,No,37,Yes,Yes,Fiber optic,Yes,No,Yes,No,No,Yes,Two year,Yes,Credit card (automatic),108.11,4000.61,No
1668-EFXCG,Male,0,No,No,72,Yes,No,Fiber optic,No,No,No,Yes,No,Yes,Month-to-month,Yes,Credit card (automatic),98.95,7147.83,No
2185-GAGTU,Female,0,No,No,4,Yes,No,Fiber optic,No,Yes,Yes,No,No,Yes,Month-to-month,Yes,Electronic check,110.71,450.52,No
4414-SQXVF,Female,0,Yes,No,51,Yes,Yes,DSL,No,No,No,No,No,Yes,Month-to-month,No,Mailed check,74.58,,No
6297-UHPKH,Male,0,No,No,45,Yes,Yes,DSL,No,Yes,No,No,Yes,No,One year,No,Electronic check,78.96,3524.99,No
2793-ATVRF,Male,0,Yes,No,32,Yes,Yes,Fiber optic,No,No,No,No,No,Yes,One year,Yes,Electronic check,99.33,3180.89,No
1169-REPZA,Female,0,Yes,No,13,Yes,Yes,Fiber optic,Yes,No,Yes,No,No,No,Month-to-month,Yes,Mailed check,102.95,1306.65,Yes
6194-ZJVVM,Male,0,Yes,No,68,Yes,Yes,Fiber optic,No,No,No,No,No,Yes,Month-to-month,Yes,Credit card (automatic),90.23,6157.18,No
3761-SQMET,Male,0,Yes,Yes,68,Yes,No,DSL,Yes,Yes,No,Yes,No,Yes,Two year,Yes,Bank transfer (automatic),94.13,6413.79,No
2902-DBLCJ,Female,0,No,No,24,Yes,No,Fiber optic,No,No,Yes,Yes,Yes,No,Two year,Yes,Mailed check,109.0,2611.7,No
3175-MULPD,Female,0,No,No,50,Yes,Yes,DSL,No,No,Yes,No,No,No,Two year,Yes,Credit card (automatic),65.35,3284.51,No
2017-ZQAPA,Female,1,No,Yes,7,Yes,Yes,DSL,No,No,No,Yes,Yes,Yes,Month-to-month,Yes,Bank transfer (automatic),87.76,593.77,No
1694-JRQUE,Female,0,No,No,0,Yes,Yes,DSL,No,No,No,Yes,Yes,Yes,Month-to-month,Yes,Electronic check,87.83, ,Yes
2724-NWTSC,Female,0,No,No,70,Yes,No,DSL,Yes,No,Yes,No,Yes,No,Month-to-month,Yes,Bank transfer (automatic),80.24,5611.55,No
8901-ZPJRR,Female,0,No,No,63,Yes,Yes,Fiber optic,Yes,No,No,Yes,No,No,Month-to-month,Yes,Electronic check,104.45,6590.37,No
9360-CNTJW,Female,0,No,No,0,Yes,Yes,DSL,Yes,Yes,No,No,No,Yes,One year,Yes,Mailed check,93.76, ,Yes
1582-CUDLG,Female,0,No,Yes,4,Yes,Yes,Fiber optic,No,No,No,No,No,No,Two year,No,Mailed check,96.25,358.59,No
7192-AJZJQ,Male,0,Yes,Yes,11,Yes,Yes,DSL,No,Yes,Yes,No,Yes,No,One year,No,Credit card (automatic),75.55,829.23,No
9891-QUZQV,Male,1,No,No,0,Yes,No,Fiber optic,No,Yes,No,No,No,Yes,Month-to-month,Yes,Electronic check,105.35, ,Yes
5573-VRJPJ,Male,0,No,No,27,Yes,Yes,DSL,No,Yes,Yes,Yes,Yes,Yes,One year,No,Credit card (automatic),86.13,2339.38,No
4573-HMJRJ,Female,0,Yes,Yes,28,Yes,Yes,Fiber optic,No,Yes,Yes,No,Yes,Yes,Month-to-month,Yes,Electronic check,117.61,3295.43,No
5418-DKJZL,Male,0,No,No,48,Yes,Yes,DSL,No,Yes,No,No,Yes,No,Month-to-month,No,Mailed check,87.95,4204.05,No
1193-HTDDJ,Male,1,No,No,11,Yes,No,Fiber optic,No,No,Yes,No,No,No,Month-to-month,Yes,Credit card (automatic),99.26,1080.54,No
4210-MATFT,Male,0,No,No,64,No,No phone service,DSL,No,No,No,No,No,No,One year,No,Mailed check,45.89,2935.67,No
6080-EMASH,Female,1,Yes,Yes,59,Yes,No,DSL,No,No,No,No,Yes,No,Two year,Yes,Bank transfer (automatic),69.5,4120.76,No
4450-DJKFZ,Female,0,Yes,No,51,Yes,No,No,No internet service,No internet service,No internet service,No internet service,No internet service,No internet service,Two year,No,Credit card (automatic),36.82,1866.56,No
3518-EPHLT,Male,0,Yes,Yes,68,Yes,No,Fiber optic,No,Yes,Yes,No,No,No,Month-to-month,Yes,Electronic check,97.77,6629.96,No
1703-NABCD,Female,0,No,Yes,14,Yes,No,Fiber optic,No,No,Yes,No,Yes,No,Month-to-month,No,Electronic check,101.78,1436.25,Yes
4144-YXCZR,Male,0,No,No,57,Yes,Yes,DSL,No,No,No,No,Yes,No,Month-to-month,No,Bank transfer (automatic),67.29,3825.89,No
5982-VMGNT,Male,0,No,No,31,No,No phone service,Fiber optic,No,No,Yes,Yes,No,Yes,Two year,No,Mailed check,88.48,2752.04,No
7143-EYGVH,Female,0,No,No,26,Yes,No,Fiber optic,No,No,No,No,No,No,Month-to-month,Yes,Mailed check,94.64,2478.92,No
1570-ZQFAD,Male,0,Yes,Yes,49,Yes,No,No,No internet service,No internet service,No internet service,No internet service,No internet service,No internet service,Month-to-month,Yes,Bank transfer (automatic),46.67,2262.88,No
2528-YEDWX,Male,1,Yes,No,21,Yes,No,Fiber optic,No,No,No,Yes,No,No,Month-to-month,Yes,Credit card (automatic),98.43,2078.23,No
2880-RNPHU,Male,0,No,No,1,Yes,No,DSL,No,No,Yes,No,Yes,Yes,Two year,Yes,Mailed check,79.51,66.81,Yes
8927-TXCRZ,Female,0,Yes,No,25,Yes,No,DSL,Yes,No,Yes,Yes,No,Yes,Month-to-month,Yes,Electronic check,85.32,2115.12,No
5820-YJXYQ,Female,0,No,Yes,56,Yes,Yes,DSL,No,No,No,No,No,No,Month-to-month,No,Bank transfer (automatic),64.89,3637.32,No
7340-NHNZA,Female,0,Yes,Yes,6,Yes,No,Fiber optic,No,Yes,Yes,No,No,No,One year,Yes,Bank transfer (automatic),94.93,567.78,No
2845-MJQJR,Male,0,No,Yes,62,Yes,Yes,Fiber optic,Yes,Yes,No,Yes,No,Yes,One year,Yes,Bank transfer (automatic),106.67,6589.07,No
1956-HSMTR,Female,0,No,No,65,Yes,No,No,No internet service,No internet service,No internet service,No internet service,No internet service,No internet service,One year,Yes,Credit card (automatic),39.59,2580.05,No
3956-LZZAS,Female,0,Yes,No,34,No,No phone service,Fiber optic,Yes,No,Yes,No,No,No,Month-to-month,Yes,Electronic check,86.51,2945.56,Yes
5418-ARAHS,Male,1,No,No,17,Yes,No,DSL,No,Yes,No,No,Yes,No,Month-to-month,No,Bank transfer (automatic),80.93,1379.02,Yes
8313-KVWLE,Male,0,No,No,59,Yes,No,No,No internet service,No internet service,No internet service,No internet service,No internet service,No internet service,Month-to-month,No,Electronic check,41.32,2437.76,No
6932-AXKUT,Female,0,Yes,No,18,Yes,No,Fiber optic,Yes,No,Yes,No,No,No,Two year,Yes,Electronic check,109.93,1980.08,No
5255-ZVXCM,Male,1,No,No,15,Yes,Yes,DSL,No,No,No,No,Yes,No,Month-to-month,Yes,Bank transfer (automatic),71.82,1088.96,No
9566-VLBGP,Male,1,No,No,52,Yes,No,No,No internet service,No internet service,No internet service,No internet service,No internet service,No internet service,Month-to-month,Yes,Electronic check,40.06,2086.08,No
6776-YCKGZ,Female,0,Yes,Yes,23,Yes,No,Fiber optic,Yes,No,No,No,No,No,Month-to-month,Yes,Electronic check,93.78,2140.35,Yes
2494-FHCRN,Male,0,Yes,No,45,Yes,No,Fiber optic,No,No,No,No,No,No,Month-to-month,Yes,Mailed check,85.73,3857.15,No
6018-XLHKV,Female,0,Yes,Yes,16,Yes,No,DSL,No,No,No,No,No,No,Month-to-month,Yes,Mailed check,62.85,1012.38,No
5755-ESTFP,Male,0,Yes,Yes,69,Yes,No,No,No internet service,No internet service,No internet service,No internet service,No internet service,No internet service,Two year,Yes,Electronic check,40.34,2777.28,No
6072-EATQT,Male,0,Yes,No,16,Yes,No,DSL,Yes,Yes,No,Yes,No,No,Two year,Yes,Mailed check,80.05,1305.34,No
4395-NZFRD,Male,0,Yes,No,71,Yes,No,Fiber optic,Yes,No,No,No,No,No,Month-to-month,Yes,Mailed check,90.02,6398.44,No
1591-YDRNV,Male,0,Yes,Yes,55,Yes,No,No,No internet service,No internet service,No internet service,No internet service,No internet service,No internet service,Two year,No,Mailed check,42.8,2358.95,No
5918-SXVTD,Male,0,No,No,30,Yes,Yes,Fiber optic,No,No,Yes,Yes,No,Yes,Month-to-month,No,Mailed check,106.64,3208.11,No
2524-MRSUC,Female,1,Yes,No,49,Yes,Yes,Fiber optic,No,No,No,No,No,Yes,Month-to-month,Yes,Electronic check,102.98,5043.97,No
2560-DNRCW,Female,1,Yes,No,67,No,No phone service,Fiber optic,No,No,Yes,Yes,No,No,Month-to-month,Yes,Bank transfer (automatic),82.81,5558.08,No
3730-RUAWZ,Female,0,Yes,No,45,Yes,No,Fiber optic,No,No,Yes,Yes,Yes,No,Month-to-month,Yes,Credit card (automatic),113.24,5102.88,No
9626-DKFLZ,Female,0,No,No,69,Yes,Yes,Fiber optic,No,Yes,No,No,No,No,Month-to-month,Yes,Credit card (automatic),93.15,6428.12,No
7867-ULYYV,Female,0,Yes,No,67,Yes,Yes,DSL,No,Yes,No,No,Yes,Yes,One year,No,Electronic check,79.61,5336.87,No
8329-RCGUH,Female,0,Yes,Yes,62,Yes,No,No,No internet service,No internet service,No internet service,No internet service,No internet service,No internet service,Two year,Yes,Mailed check,40.46,2507.83,No
2551-YMWGJ,Female,0,No,No,67,Yes,No,DSL,Yes,No,No,No,No,No,Two year,No,Electronic check,70.54,4737.93,No
4089-JLHVH,Female,0,No,No,68,Yes,No,DSL,Yes,No,No,No,No,No,Month-to-month,Yes,Mailed check,68.95,4676.19,No
4973-WLAAL,Female,0,No,No,1,No,No phone service,DSL,No,No,Yes,No,Yes,Yes,One year,Yes,Credit card (automatic),62.34,57.6,No
6836-YDPGL,Male,0,No,No,43,Yes,No,Fiber optic,No,No,Yes,Yes,No,Yes,Two year,No,Electronic check,105.3,4500.96,No
4983-HABNF,Female,0,Yes,Yes,48,Yes,No,DSL,No,Yes,Yes,No,Yes,No,Month-to-month,No,Credit card (automatic),88.68,4270.76,No
3942-CBDKD,Male,0,Yes,No,8,Yes,Yes,No,No internet service,No internet service,No internet service,No internet service,No internet service,No internet service,One year,No,Electronic check,42.6,356.83,No
3082-HGACY,Male,0,No,No,48,Yes,Yes,Fiber optic,No,No,No,Yes,No,No,One year,No,Bank transfer (automatic),94.5,4525.66,No
7011-CGKXX,Female,0,No,No,62,Yes,No,No,No internet service,No internet service,No internet service,No internet service,No internet service,No internet service,Month-to-month,No,Mailed check,38.6,2369.9,No
7933-CMMRW,Male,0,No,No,54,Yes,No,DSL,No,Yes,No,No,No,Yes,One year,Yes,Mailed check,72.57,3928.04,No
3888-PGFHT,Female,1,No,Yes,22,Yes,No,DSL,No,Yes,No,No,Yes,No,Month-to-month,No,Bank transfer (automatic),79.43,1752.09,No
4940-SSJYB,Female,0,Yes,No,35,Yes,Yes,Fiber optic,No,No,Yes,Yes,No,Yes,Month-to-month,No,Electronic check,101.83,3575.43,Yes
9071-AKVSH,Male,0,No,No,67,Yes,No,No,No internet service,No internet service,No internet service,No internet service,No internet service,No internet service,Two year,Yes,Electronic check,40.28,2710.28,No
8969-DSNEY,Male,0,No,No,19,Yes,No,DSL,Yes,Yes,Yes,No,Yes,No,Month-to-month,Yes,Bank transfer (automatic),92.1,1733.88,No
7888-ACBKL,Male,1,Yes,No,37,Yes,Yes,Fiber optic,No,Yes,Yes,No,No,No,Two year,No,Bank transfer (automatic),93.05,3451.38,Yes
7515-SAMUX,Male,0,Yes,Yes,61,Yes,No,No,No internet service,No internet service,No internet service,No internet service,No internet service,No internet service,One year,Yes,Mailed check,38.97,2380.25,No
3629-BDJLJ,Male,0,Yes,No,35,Yes,No,DSL,No,Yes,No,No,No,No,Month-to-month,No,Credit card (automatic),74.69,2632.9,No
1814-JGMBU,Female,0,Yes,No,7,Yes,No,Fiber optic,No,No,No,Yes,Yes,Yes,Month-to-month,Yes,Electronic check,103.47,710.21,Yes
4752-HXTDD,Male,0,No,No,60,Yes,Yes,Fiber optic,Yes,No,Yes,No,Yes,No,Two year,Yes,Credit card (automatic),118.43,7124.67,No
1019-PJKNN,Male,1,Yes,Yes,24,Yes,Yes,Fiber optic,No,Yes,No,No,No,No,Month-to-month,Yes,Mailed check,99.83,2397.66,Yes
1008-CUYWX,Male,0,No,Yes,28,Yes,No,Fiber optic,No,No,No,No,No,No,Month-to-month,No,Credit card (automatic),94.99,2666.22,No
5171-VXXDD,Female,0,Yes,No,61,Yes,No,DSL,No,No,Yes,No,Yes,Yes,Month-to-month,No,Mailed check,84.34,5117.95,No
4623-NYHVX,Female,1,Yes,No,7,Yes,No,Fiber optic,No,Yes,No,No,No,Yes,Two year,No,Bank transfer (automatic),96.69,669.02,No
9686-EFFTS,Male,0,No,No,54,Yes,No,DSL,No,Yes,Yes,No,Yes,No,Month-to-month,No,Credit card (automatic),78.42,4252.67,No
4663-CNTMG,Male,0,No,No,57,No,No phone service,Fiber optic,Yes,Yes,No,Yes,No,No,Month-to-month,No,Credit card (automatic),89.45,5093.42,No
6329-RQWHQ,Female,0,No,No,65,Yes,No,DSL,No,Yes,Yes,Yes,No,No,Two year,Yes,Electronic check,93.28,6078.53,No
8694-FGBJB,Female,0,No,No,21,Yes,No,Fiber optic,No,Yes,No,No,No,Yes,One year,Yes,Bank transfer (automatic),104.57,2177.27,No
7716-CSPZJ,Female,1,No,No,1,Yes,Yes,DSL,No,No,No,No,No,No,Month-to-month,Yes,Mailed check,65.71,72.81,No
4102-FNFCY,Male,0,Yes,Yes,61,Yes,No,Fiber optic,No,No,No,No,No,Yes,Month-to-month,Yes,Electronic check,101.96,6207.51,No
7111-CQHEM,Male,0,No,No,11,Yes,No,No,No internet service,No internet service,No internet service,No internet service,No internet service,No internet service,Month-to-month,No,Bank transfer (automatic),43.34,503.51,No
8087-AJYKC,Female,1,Yes,Yes,66,Yes,Yes,Fiber optic,No,No,No,No,No,Yes,Month-to-month,Yes,Mailed check,107.52,7122.36,Yes
4856-SZRBV,Male,0,No,No,51,Yes,Yes,DSL,No,No,No,No,No,No,Month-to-month,No,Bank transfer (automatic),61.5,3152.31,No
8020-RXUFL,Female,0,No,No,28,Yes,Yes,Fiber optic,No,Yes,Yes,Yes,No,Yes,One year,No,Bank transfer (automatic),103.13,2910.02,No
5566-MRSCP,Male,0,Yes,No,27,Yes,Yes,No,No internet service,No internet service,No internet service,No internet service,No internet service,No internet service,Month-to-month,Yes,Credit card (automatic),39.94,1087.62,No
1349-NLEZG,Male,0,No,No,48,Yes,Yes,No,No internet service,No internet service,No internet service,No internet service,No internet service,No internet service,Two year,Yes,Mailed check,37.08,1825.21,No
1506-JUAML,Female,0,No,No,62,Yes,No,DSL,No,Yes,No,Yes,No,No,Month-to-month,No,Mailed check,71.47,4430.93,No
8791-AAPES,Female,0,Yes,No,1,No,No phone service,DSL,Yes,No,No,No,No,No,Month-to-month,No,Mailed check,50.66,56.16,No
3502-PASNA,Female,0,No,No,1,Yes,No,DSL,No,No,No,Yes,No,Yes,Two year,No,Bank transfer (automatic),69.27,72.31,No
3392-BBSLV,Male,0,No,No,57,Yes,Yes,Fiber optic,No,No,Yes,No,No,No,Two year,No,Credit card (automatic),98.03,5579.25,No
3319-TQRVS,Male,0,Yes,No,29,Yes,No,DSL,No,No,No,No,Yes,No,One year,No,Electronic check,72.6,2083.31,No
7709-TLTWT,Female,0,No,No,33,Yes,No,Fiber optic,No,No,No,No,No,No,One year,No,Electronic check,90.43,2979.87,Yes
6468-BLBCJ,Male,0,No,Yes,0,Yes,No,No,No internet service,No internet service,No internet service,No internet service,No internet service,No internet service,One year,Yes,Bank transfer (automatic),40.51, ,No
5176-NXULJ,Male,0,Yes,Yes,19,Yes,Yes,DSL,No,No,No,No,No,Yes,Month-to-month,No,Mailed check,70.43,1349.38,Yes
7412-GXUSF,Female,0,Yes,No,43,Yes,Yes,Fiber optic,No,No,No,No,No,No,One year,No,Electronic check,90.87,3908.63,Yes
6594-VBENJ,Male,0,No,No,63,Yes,Yes,DSL,No,Yes,Yes,No,No,Yes,Month-to-month,Yes,Electronic check,77.93,4948.75,No
7385-KZHJA,Male,1,No,No,9,Yes,Yes,DSL,Yes,No,No,No,Yes,No,Two year,Yes,Bank transfer (automatic),76.88,669.01,Yes
3227-FUJEH,Female,1,No,No,29,Yes,Yes,Fiber optic,Yes,Yes,No,Yes,No,No,Month-to-month,No,Mailed check,104.09,3020.34,No
6063-UZBWK,Female,0,No,No,53,Yes,Yes,No,No internet service,No internet service,No internet service,No internet service,No internet service,No internet service,One year,Yes,Bank transfer (automatic),39.55,2091.95,No
8273-ARYAU,Male,1,No,No,60,No,No phone service,DSL,Yes,Yes,No,No,No,No,Month-to-month,No,Bank transfer (automatic),62.23,3751.87,No
2028-ZTXXH,Male,0,Yes,Yes,35,Yes,No,Fiber optic,No,Yes,Yes,No,No,No,Month-to-month,Yes,Mailed check,104.28,3673.35,No
4742-SEHCX,Male,1,Yes,No,30,Yes,Yes,No,No internet service,No internet service,No internet service,No internet service,No internet service,No internet service,Month-to-month,Yes,Bank transfer (automatic),39.45,1176.16,No
3230-KLKUX,Male,1,No,No,60,Yes,Yes,Fiber optic,Yes,Yes,No,No,No,No,Month-to-month,Yes,Mailed check,99.44,5980.84,Yes
6155-WCZCB,Male,0,Yes,No,69,Yes,Yes,Fiber optic,No,No,Yes,No,No,Yes,One year,Yes,Credit card (automatic),99.16,6844.67,No
1200-FWHUL,Female,0,No,No,56,Yes,No,DSL,No,Yes,No,Yes,No,No,One year,Yes,Credit card (automatic),77.88,4366.02,No
1935-MFGNU,Male,0,Yes,No,48,Yes,No,DSL,No,No,No,Yes,No,Yes,Month-to-month,Yes,Bank transfer (automatic),79.82,3834.36,No
6280-FTSFW,Male,0,Yes,Yes,50,Yes,No,DSL,No,No,No,No,Yes,No,Month-to-month,Yes,Mailed check,70.98,3554.34,No
8588-QHJLE,Female,0,No,No,48,Yes,Yes,DSL,No,Yes,Yes,No,Yes,Yes,One year,Yes,Credit card (automatic),91.2,4364.41,No
3753-DDTDM,Female,0,Yes,Yes,37,Yes,No,Fiber optic,Yes,No,Yes,Yes,No,No,Month-to-month,Yes,Electronic check,100.08,3708.47,No
4862-BVZRS,Male,0,Yes,Yes,9,Yes,Yes,Fiber optic,No,Yes,No,No,Yes,No,Two year,No,Mailed check,109.65,983.3,No
3094-WULSY,Female,0,No,No,65,Yes,Yes,DSL,No,Yes,No,No,No,Yes,One year,No,Credit card (automatic),78.96,5137.61,No
6424-EHEHX,Female,1,No,No,54,No,No phone service,Fiber optic,No,No,No,Yes,No,Yes,Two year,Yes,Bank transfer (automatic),86.12,4660.26,No
2707-XGMND,Female,0,Yes,Yes,25,Yes,No,DSL,No,No,No,Yes,No,Yes,Two year,No,Mailed check,77.11,1944.16,No
2655-HBUPW,Male,0,Yes,Yes,37,No,No phone service,Fiber optic,No,Yes,Yes,No,No,No,Month-to-month,No,Electronic check,89.46,3330.87,No
8767-JVBLR,Female,0,No,Yes,5,Yes,No,Fiber optic,No,No,Yes,No,No,No,Month-to-month,No,Credit card (automatic),97.61,487.16,Yes
5195-TWLGP,Female,0,No,No,52,Yes,Yes,DSL,Yes,No,No,No,No,No,One year,No,Electronic check,72.77,3773.77,No
8815-ZVFEP,Female,1,Yes,No,30,Yes,No,Fiber optic,Yes,No,No,No,Yes,No,One year,No,Electronic check,90.85,2722.39,No
4619-QYPJW,Female,0,Yes,No,63,Yes,Yes,DSL,No,No,No,No,Yes,No,One year,No,Electronic check,69.78,4417.43,No
4952-QDNLC,Female,0,No,No,16,Yes,No,DSL,No,Yes,No,No,Yes,No,Two year,No,Bank transfer (automatic),80.67,1291.69,No
2904-SEDBA,Female,0,Yes,Yes,51,Yes,Yes,No,No internet service,No internet service,No internet service,No internet service,No internet service,No internet service,Month-to-month,Yes,Credit card (automatic),33.77,1709.81,No
4909-MQPNZ,Female,0,No,No,24,Yes,Yes,Fiber optic,No,No,No,No,Yes,Yes,Two year,Yes,Electronic check,103.35,2482.36,No
3249-TBWJJ,Male,0,Yes,Yes,36,Yes,Yes,DSL,No,No,Yes,No,No,Yes,One year,No,Bank transfer (automatic),71.41,2563.09,No
2216-NKZEL,Female,0,No,No,23,Yes,No,DSL,No,No,No,No,No,Yes,Two year,Yes,Mailed check,76.51,1752.44,No
9100-VUNWF,Female,0,No,No,62,Yes,No,No,No internet service,No internet service,No internet service,No internet service,No internet service,No internet service,Month-to-month,Yes,Bank transfer (automatic),36.1,2227.99,No
8285-PJFNA,Female,0,Yes,No,15,Yes,Yes,DSL,Yes,No,Yes,Yes,Yes,Yes,Month-to-month,No,Bank transfer (automatic),97.52,1470.7,No
7431-FKEMJ,Female,0,No,No,53,Yes,Yes,Fiber optic,Yes,Yes,Yes,No,No,No,Two year,No,Bank transfer (automatic),105.95,5614.39,No
2689-XUKBW,Male,0,Yes,Yes,1,Yes,Yes,Fiber optic,No,No,No,Yes,Yes,Yes,Two year,Yes,Credit card (automatic),113.9,129.03,No
7271-PQAME,Female,0,No,No,55,Yes,No,No,No internet service,No internet service,No internet service,No internet service,No internet service,No internet service,Month-to-month,No,Electronic check,36.99,2014.56,No
6861-YNQSY,Male,0,No,No,34,Yes,No,Fiber optic,Yes,No,No,No,No,Yes,Month-to-month,No,Electronic check,102.12,3472.23,No
1343-HGTLU,Male,0,Yes,Yes,66,Yes,No,Fiber optic,Yes,No,No,No,No,No,Month-to-month,Yes,Credit card (automatic),99.09,6531.46,No
5251-ZUAZY,Male,0,No,Yes,29,Yes,No,DSL,Yes,Yes,No,No,No,Yes,Month-to-month,No,Electronic check,88.88,2605.11,No
1390-KZWMP,Female,1,No,No,10,No,No phone service,No,No internet service,No internet service,No internet service,No internet service,No internet service,No internet service,Month-to-month,No,Credit card (automatic),18.25,209.8,No
1266-PRJHV,Male,0,Yes,Yes,49,Yes,Yes,Fiber optic,Yes,No,No,Yes,Yes,No,Two year,No,Mailed check,103.51,5045.96,No
5037-GJMGP,Female,0,Yes,No,36,Yes,No,DSL,No,No,No,No,Yes,Yes,Month-to-month,Yes,Mailed check,80.38,2927.92,No
8750-TFMPS,Male,1,No,Yes,3,Yes,No,DSL,No,Yes,No,No,No,No,Month-to-month,No,Mailed check,77.69,226.83,Yes
7807-MHRDS,Male,0,Yes,Yes,9,Yes,Yes,Fiber optic,No,No,Yes,No,No,No,One year,No,Electronic check,102.61,921.61,No
9065-TLVNN,Male,0,No,No,35,Yes,No,DSL,No,No,No,No,No,No,One year,No,Credit card (automatic),68.62,2378.64,No
8668-EUSNB,Female,0,Yes,No,54,Yes,Yes,Fiber optic,No,No,No,No,Yes,Yes,Two year,Yes,Bank transfer (automatic),97.65,5282.26,No
7890-FXVJL,Male,0,No,Yes,71,Yes,Yes,Fiber optic,Yes,No,No,No,Yes,Yes,Month-to-month,No,Electronic check,102.36,7241.72,No
1229-MBZRF,Female,0,Yes,No,31,Yes,No,DSL,No,Yes,Yes,No,Yes,No,Month-to-month,No,Bank transfer (automatic),83.54,2590.38,No
8232-APCBF,Female,0,Yes,No,69,Yes,No,Fiber optic,No,No,Yes,No,Yes,Yes,Month-to-month,Yes,Bank transfer (automatic),110.08,7599.76,Yes
3648-TXUTP,Male,0,No,No,52,Yes,No,Fiber optic,No,No,No,Yes,No,Yes,One year,No,Bank transfer (automatic),106.6,5547.81,No
4340-GYNPA,Female,0,No,No,39,Yes,Yes,DSL,Yes,No,No,No,Yes,Yes,Two year,No,Mailed check,84.21,3306.62,No
5121-SMQVA,Female,0,Yes,Yes,8,Yes,No,Fiber optic,No,Yes,No,No,No,No,One year,Yes,Credit card (automatic),97.45,779.01,No
9138-VLUBH,Male,0,No,No,61,Yes,No,Fiber optic,No,No,Yes,No,No,No,Two year,No,Electronic check,89.68,5475.53,No
1969-RWQTD,Male,0,No,No,45,Yes,Yes,Fiber optic,No,No,No,No,No,Yes,Two year,No,Credit card (automatic),94.59,4245.98,No
9405-ENSWY,Female,0,Yes,Yes,57,Yes,Yes,DSL,Yes,No,No,No,Yes,No,Month-to-month,Yes,Bank transfer (automatic),80.16,4570.2,No
6387-PLPSR,Male,0,No,No,8,Yes,Yes,Fiber optic,No,Yes,No,Yes,No,Yes,Month-to-month,No,Credit card (automatic),107.62,881.92,Yes
6330-LEBLK,Female,0,No,No,68,Yes,Yes,Fiber optic,Yes,No,No,No,No,No,Month-to-month,Yes,Credit card (automatic),95.62,6515.88,No
6471-XSVPY,Female,0,Yes,No,25,Yes,Yes,DSL,No,No,Yes,No,No,No,Two year,Yes,Electronic check,71.28,1805.75,No
9454-DRNZQ,Female,0,No,No,29,Yes,No,DSL,No,No,Yes,No,Yes,No,Month-to-month,Yes,Electronic check,77.22,2255.19,Yes
1143-FDECU,Male,0,No,No,39,Yes,Yes,DSL,No,Yes,No,Yes,Yes,No,One year,No,Bank transfer (automatic),84.14,3278.46,No
5446-SZRMG,Male,0,Yes,Yes,2,Yes,No,Fiber optic,No,No,No,Yes,Yes,No,Month-to-month,No,Electronic check,104.54,233.93,Yes
7789-NUADD,Female,0,No,Yes,50,Yes,No,DSL,No,No,No,No,No,No,One year,Yes,Mailed check,63.16,3164.56,No
7131-NHHQZ,Male,0,Yes,No,19,Yes,No,Fiber optic,No,Yes,No,No,No,Yes,Month-to-month,Yes,Mailed check,109.91,2096.17,No
9957-MSCYA,Female,0,No,No,36,Yes,No,Fiber optic,No,No,No,Yes,Yes,No,Month-to-month,Yes,Credit card (automatic),105.33,3780.11,No
4079-TZERE,Male,0,No,No,38,Yes,No,Fiber optic,No,Yes,No,Yes,No,No,Month-to-month,Yes,Electronic check,96.87,3708.54,No
1452-LPGZQ,Male,0,Yes,Yes,53,Yes,No,DSL,No,No,No,No,No,Yes,Month-to-month,Yes,Electronic check,70.5,3718.8,No
4944-MMCQU,Female,0,Yes,No,58,Yes,Yes,Fiber optic,No,No,No,No,Yes,Yes,Month-to-month,Yes,Mailed check,97.16,5599.64,No
4790-LXQHA,Female,0,Yes,No,12,Yes,No,DSL,No,No,Yes,No,No,No,Month-to-month,No,Electronic check,66.65,789.87,Yes
8408-RRGEM,Female,0,No,No,58,Yes,Yes,DSL,Yes,No,No,No,No,Yes,Month-to-month,No,Credit card (automatic),77.99,4535.24,No
7819-HNZFF,Female,0,No,Yes,46,Yes,Yes,DSL,No,No,No,No,No,No,Month-to-month,Yes,Electronic check,65.99,3038.01,No
3123-XNYYL,Female,0,No,No,66,Yes,No,Fiber optic,Yes,No,No,No,Yes,No,Two year,Yes,Bank transfer (automatic),108.19,7124.04,No
1494-HPKAZ,Male,0,No,No,28,No,No phone service,Fiber optic,No,No,Yes,No,Yes,No,Month-to-month,No,Mailed check,80.61,2248.85,No
3728-QYPSA,Female,0,No,No,40,Yes,Yes,No,No internet service,No internet service,No internet service,No internet service,No internet service,No internet service,Month-to-month,No,Credit card (automatic),40.05,1613.86,No
7270-WYCFB,Male,0,Yes,No,11,Yes,No,Fiber optic,No,No,Yes,No,No,Yes,Month-to-month,Yes,Credit card (automatic),100.17,1080.2,Yes
9260-GNMSX,Female,1,No,No,25,Yes,Yes,DSL,Yes,Yes,No,Yes,No,Yes,Month-to-month,No,Credit card (automatic),92.42,2298.87,No
3913-UGECJ,Female,0,Yes,Yes,62,Yes,No,Fiber optic,No,No,Yes,No,No,Yes,One year,Yes,Mailed check,101.18,6294.99,No
6043-UWNKE,Female,0,Yes,No,57,Yes,No,DSL,Yes,No,No,No,Yes,Yes,Two year,Yes,Mailed check,78.55,,No
9225-KURYZ,Male,0,Yes,Yes,71,Yes,No,No,No internet service,No internet service,No internet service,No internet service,No internet service,No internet service,Month-to-month,No,Electronic check,44.27,3157.6,No
7360-RDAPS,Female,0,No,No,62,Yes,Yes,DSL,Yes,No,No,Yes,Yes,No,One year,Yes,Credit card (automatic),86.49,5340.54,No
7714-GNWCK,Female,0,No,No,17,Yes,Yes,Fiber optic,No,No,Yes,No,No,No,Two year,No,Credit card (automatic),85.86,1459.81,No
9499-EHMSG,Female,0,Yes,No,23,Yes,No,No,No internet service,No internet service,No internet service,No internet service,No internet service,No internet service,One year,No,Electronic check,32.01,742.44,No
8129-FJPAU,Male,0,No,No,11,Yes,Yes,Fiber optic,Yes,No,No,No,No,No,Two year,No,Mailed check,97.48,1053.07,No
7018-WGKXB,Male,0,No,No,36,Yes,Yes,Fiber optic,No,No,Yes,Yes,No,Yes,Month-to-month,Yes,Bank transfer (automatic),111.71,4026.87,Yes
5420-MLLTE,Male,0,No,No,55,Yes,Yes,Fiber optic,No,No,Yes,No,No,No,Month-to-month,Yes,Mailed check,94.02,5170.99,No
9019-XEZGB,Female,0,Yes,Yes,60,No,No phone service,DSL,No,No,Yes,No,Yes,No,Month-to-month,No,Mailed check,62.13,3727.68,No
4582-VWRVG,Male,0,Yes,No,72,No,No phone service,No,No internet service,No internet service,No internet service,No internet service,No internet service,No internet service,Month-to-month,Yes,Bank transfer (automatic),18.93,1377.85,No
8910-RDDGB,Male,0,Yes,No,25,Yes,No,DSL,Yes,Yes,No,No,Yes,No,Month-to-month,No,Bank transfer (automatic),86.74,2164.58,No
3544-ZFRZG,Female,0,No,No,30,Yes,Yes,DSL,Yes,Yes,No,Yes,No,Yes,Two year,No,Mailed check,83.31,2483.5,No
7264-LGYRL,Male,0,No,No,42,Yes,Yes,No,No internet service,No internet service,No internet service,No internet service,No internet service,No internet service,Month-to-month,Yes,Electronic check,31.29,1340.97,No
8308-XUWHJ,Male,0,Yes,Yes,57,No,No phone service,Fiber optic,No,Yes,No,Yes,No,No,Two year,Yes,Electronic check,83.23,4766.24,Yes
3093-SVRQU,Female,0,Yes,No,70,Yes,Yes,No,No internet service,No internet service,No internet service,No internet service,No internet service,No internet service,Month-to-month,Yes,Electronic check,31.11,2177.58,No
2632-JSBXE,Male,0,No,No,10,Yes,No,Fiber optic,No,Yes,Yes,No,No,Yes,Two year,No,Bank transfer (automatic),101.66,1029.41,Yes
8082-QWUNU,Male,1,No,No,24,Yes,No,No,No internet service,No internet service,No internet service,No internet service,No internet service,No internet service,Month-to-month,Yes,Mailed check,44.4,1063.44,No
4118-QXCJA,Male,0,Yes,Yes,16,Yes,Yes,Fiber optic,No,No,Yes,No,Yes,No,Month-to-month,No,Electronic check,99.17,1585.13,Yes
5807-UAPKU,Male,0,No,No,18,Yes,No,No,No internet service,No internet service,No internet service,No internet service,No internet service,No internet service,One year,No,Electronic check,40.06,720.76,No
2980-DCKMY,Female,1,No,No,10,Yes,No,DSL,No,No,No,No,Yes,Yes,Month-to-month,Yes,Credit card (automatic),72.31,729.53,No
5192-ESBJR,Female,0,No,No,43,Yes,Yes,Fiber optic,No,No,Yes,No,No,No,Two year,Yes,Credit card (automatic),96.14,4131.82,No
3285-QLYGX,Female,1,Yes,Yes,48,No,No phone service,Fiber optic,No,No,No,No,No,No,Month-to-month,No,Bank transfer (automatic),71.99,3473.41,Yes
6632-TEATM,Male,0,No,No,31,Yes,No,DSL,No,No,No,No,No,No,Month-to-month,Yes,Electronic check,65.78,2028.6,Yes
3779-XHLTZ,Male,0,No,No,42,No,No phone service,No,No internet service,No internet service,No internet service,No internet service,No internet service,No internet service,Two year,Yes,Bank transfer (automatic),20.28,857.51,No
9089-RCCSN,Male,0,No,No,50,Yes,No,DSL,Yes,No,No,Yes,No,No,Month-to-month,Yes,Electronic check,75.65,3791.73,No
2197-SYBVJ,Male,0,Yes,Yes,48,Yes,Yes,Fiber optic,Yes,No,No,Yes,No,Yes,One year,Yes,Credit card (automatic),107.93,5185.68,No
4579-TFDZJ,Male,1,Yes,No,68,Yes,Yes,Fiber optic,No,No,Yes,No,Yes,No,Month-to-month,No,Bank transfer (automatic),103.59,7050.34,No
2526-SFUBN,Female,1,Yes,No,12,Yes,No,Fiber optic,No,No,No,No,No,No,One year,No,Electronic check,88.05,1039.58,Yes
4626-YNYFM,Female,0,Yes,Yes,69,Yes,No,Fiber optic,No,Yes,No,No,Yes,No,One year,No,Electronic check,102.74,7089.53,No
8323-DYUSF,Female,0,No,No,5,Yes,Yes,Fiber optic,Yes,No,No,No,No,No,Two year,Yes,Bank transfer (automatic),87.0,446.71,No
8361-WHQBK,Male,0,Yes,No,2,Yes,No,Fiber optic,No,No,No,No,Yes,No,Month-to-month,Yes,Electronic check,92.54,166.14,Yes
2355-PPNSY,Female,0,No,Yes,38,Yes,Yes,Fiber optic,No,No,No,No,No,No,Month-to-month,Yes,Mailed check,87.71,3326.32,Yes
2770-FFYCA,Male,0,No,No,35,Yes,No,No,No internet service,No internet service,No internet service,No internet service,No internet service,No internet service,Month-to-month,Yes,Electronic check,42.32,1497.86,No
2443-UPYEK,Female,0,No,No,38,Yes,Yes,No,No internet service,No internet service,No internet service,No internet service,No internet service,No internet service,One year,No,Credit card (automatic),39.36,1480.64,No
5997-BYVDW,Female,0,Yes,No,72,Yes,Yes,No,No internet service,No internet service,No internet service,No internet service,No internet service,No internet service,Month-to-month,Yes,Bank transfer (automatic),37.03,2669.52,No
5038-JYNFV,Male,0,Yes,Yes,30,Yes,No,No,No internet service,No internet service,No internet service,No internet service,No internet service,No internet service,Two year,Yes,Electronic check,36.15,1091.41,No
7440-ESRGL,Male,0,Yes,Yes,61,Yes,No,DSL,Yes,No,No,No,Yes,Yes,Two year,No,Bank transfer (automatic),86.49,5265.61,No
8552-ETVYH,Male,0,No,No,49,Yes,No,No,No internet service,No internet service,No internet service,No internet service,No internet service,No internet service,Two year,Yes,Mailed check,43.47,2142.35,No
3399-YMPNN,Female,0,Yes,Yes,4,No,No phone service,Fiber optic,Yes,Yes,Yes,Yes,Yes,No,Month-to-month,No,Electronic check,99.02,436.3,No
6620-LKKRV,Female,0,Yes,Yes,30,Yes,No,DSL,No,No,No,No,No,No,Month-to-month,No,Mailed check,67.13,2014.7,Yes
5995-SKUKL,Male,0,Yes,No,9,Yes,No,Fiber optic,Yes,No,No,No,Yes,No,Month-to-month,Yes,Mailed check,95.12,867.83,Yes
1497-GTCFU,Male,0,No,No,62,Yes,No,Fiber optic,No,No,No,No,No,No,Two year,Yes,Electronic check,89.71,5566.16,No
8857-KKNUM,Female,0,No,No,26,Yes,No,Fiber optic,No,Yes,No,No,No,No,Two year,No,Credit card (automatic),91.56,2378.01,No
2560-LGSDQ,Female,1,No,No,56,Yes,Yes,DSL,No,Yes,Yes,No,No,No,Month-to-month,No,Electronic check,73.51,4115.48,No
2168-ZRDZP,Female,0,Yes,No,5,Yes,No,Fiber optic,No,Yes,No,No,No,No,Month-to-month,No,Bank transfer (automatic),102.32,484.63,No
6459-BEVMQ,Female,0,Yes,No,24,Yes,No,DSL,Yes,Yes,Yes,No,Yes,Yes,Two year,No,Credit card (automatic),95.37,2308.79,No
9883-LKVBL,Male,0,No,No,58,Yes,Yes,DSL,No,Yes,Yes,No,No,Yes,Month-to-month,Yes,Electronic check,87.88,5104.93,No
8692-FHMBB,Female,1,Yes,Yes,65,Yes,No,No,No internet service,No internet service,No internet service,No internet service,No internet service,No internet service,One year,Yes,Electronic check,41.6,2725.91,No
3262-XFTLU,Male,0,Yes,No,1,Yes,Yes,Fiber optic,No,No,No,No,No,No,One year,No,Bank transfer (automatic),85.43,92.67,No
3971-WJUVL,Male,0,No,No,35,Yes,Yes,DSL,No,No,No,Yes,No,Yes,Month-to-month,Yes,Mailed check,75.81,2653.12,No
7001-CMJYY,Male,0,No,No,63,No,No phone service,Fiber optic,Yes,No,No,No,No,Yes,Month-to-month,No,Credit card (automatic),86.89,5480.64,No
8049-YZUQE,Male,0,Yes,Yes,33,Yes,Yes,DSL,Yes,Yes,No,No,No,Yes,Two year,Yes,Mailed check,86.43,2830.7,No
8337-EEXCD,Male,0,No,No,21,No,No phone service,Fiber optic,Yes,No,No,No,Yes,No,Month-to-month,No,Credit card (automatic),89.59,1902.61,Yes
5598-QBKFH,Male,0,Yes,Yes,52,Yes,No,Fiber optic,No,Yes,No,Yes,No,Yes,One year,No,Electronic check,107.88,5614.0,No
2627-SMZAU,Male,0,Yes,No,57,Yes,Yes,DSL,Yes,Yes,No,No,No,No,Two year,No,Mailed check,79.94,4550.45,No
9186-MSLQX,Male,0,Yes,Yes,69,Yes,No,DSL,No,No,No,No,No,Yes,Month-to-month,No,Credit card (automatic),64.41,4450.86,No
5771-PZMES,Male,0,Yes,No,66,Yes,No,No,No internet service,No internet service,No internet service,No internet service,No internet service,No internet service,Month-to-month,Yes,Electronic check,40.72,2690.35,No
7235-FTBHW,Male,0,Yes,Yes,2,Yes,No,DSL,No,No,Yes,No,Yes,No,One year,No,Bank transfer (automatic),79.25,150.94,Yes
6556-QQDZH,Male,1,No,No,59,Yes,Yes,Fiber optic,Yes,No,Yes,No,Yes,No,Month-to-month,Yes,Mailed check,112.55,6643.6,Yes
8077-ZFRBR,Female,0,No,No,12,Yes,No,No,No internet service,No internet service,No internet service,No internet service,No internet service,No internet service,Month-to-month,No,Bank transfer (automatic),42.23,514.44,No
4968-BSZBX,Male,0,No,No,61,Yes,No,DSL,No,No,No,No,No,Yes,Month-to-month,No,Electronic check,74.83,4575.82,Yes
8591-PXHTS,Female,1,No,Yes,58,Yes,Yes,DSL,No,No,No,No,Yes,No,Two year,Yes,Bank transfer (automatic),70.26,4072.04,No
6223-WXUQZ,Male,1,Yes,No,16,Yes,No,No,No internet service,No internet service,No internet service,No internet service,No internet service,No internet service,One year,Yes,Bank transfer (automatic),36.68,575.26,No
5999-REHXM,Male,0,Yes,No,32,Yes,Yes,Fiber optic,No,No,No,No,No,Yes,Month-to-month,No,Bank transfer (automatic),89.35,2867.63,Yes
5600-VHGAF,Female,0,Yes,Yes,56,Yes,Yes,DSL,Yes,No,No,Yes,No,Yes,Month-to-month,Yes,Electronic check,84.24,4716.34,No
5608-THLFV,Male,0,No,No,62,Yes,Yes,DSL,Yes,No,No,No,No,No,Two year,Yes,Mailed check,66.24,4094.2,No
5723-DQJWG,Male,0,Yes,No,63,Yes,No,Fiber optic,Yes,No,No,No,No,No,Two year,Yes,Mailed check,90.61,5715.02,No
8781-SDUTL,Male,0,Yes,Yes,25,Yes,No,Fiber optic,No,No,No,Yes,No,Yes,Month-to-month,No,Bank transfer (automatic),95.79,2404.7,No
2446-MQDJS,Female,0,No,Yes,5,Yes,No,Fiber optic,No,Yes,No,No,No,No,One year,Yes,Credit card (automatic),96.88,465.95,No
5975-ZFULF,Female,0,Yes,Yes,71,Yes,No,Fiber optic,No,Yes,Yes,No,Yes,Yes,Month-to-month,Yes,Electronic check,114.19,8088.88,No
9559-QNHXA,Female,1,No,No,63,Yes,Yes,Fiber optic,No,Yes,Yes,Yes,Yes,No,Month-to-month,Yes,Credit card (automatic),118.75,7498.9,No
2036-ERCVE,Male,1,Yes,No,15,Yes,Yes,No,No internet service,No internet service,No internet service,No internet service,No internet service,No internet service,Two year,No,Credit card (automatic),46.1,697.07,No
7087-VXHBU,Male,1,No,No,42,Yes,No,No,No internet service,No internet service,No internet service,No internet service,No internet service,No internet service,Month-to-month,Yes,Mailed check,44.08,1810.31,No
5037-YEPCM,Female,0,No,No,69,Yes,No,Fiber optic,No,No,No,Yes,Yes,No,Month-to-month,Yes,Mailed check,101.84,7027.22,No
1009-UQCML,Male,0,Yes,Yes,23,Yes,No,Fiber optic,No,No,Yes,No,Yes,No,Month-to-month,Yes,Electronic check,106.87,2479.85,Yes
7062-MMVNV,Female,0,Yes,No,57,Yes,Yes,No,No internet service,No internet service,No internet service,No internet service,No internet service,No internet service,Month-to-month,No,Mailed check,35.63,2035.18,No
8967-WYSPN,Male,0,No,No,35,Yes,Yes,Fiber optic,No,Yes,No,No,No,No,Two year,Yes,Credit card (automatic),82.31,2871.4,No
2840-VSWSM,Male,0,No,No,71,Yes,Yes,No,No internet service,No internet service,No internet service,No internet service,No internet service,No internet service,Month-to-month,No,Electronic check,42.34,3028.02,No
3656-ZTWQN,Female,0,Yes,Yes,29,Yes,Yes,DSL,No,No,No,Yes,Yes,Yes,One year,No,Credit card (automatic),78.59,2318.72,No
1308-BSFBU,Male,0,Yes,No,11,Yes,No,DSL,No,No,No,No,No,No,One year,No,Mailed check,66.87,734.71,No
6584-CMMAQ,Male,1,Yes,No,69,Yes,Yes,Fiber optic,No,No,No,No,Yes,No,Two year,Yes,Bank transfer (automatic),100.19,6893.26,No
4569-XCWAU,Male,0,Yes,No,25,No,No phone service,Fiber optic,No,Yes,Yes,No,Yes,Yes,Two year,Yes,Mailed check,94.67,2379.31,No
8042-KGDJS,Male,0,No,No,20,No,No phone service,No,No internet service,No internet service,No internet service,No internet service,No internet service,No internet service,One year,No,Electronic check,18.25,349.62,No
7523-EAPPZ,Male,0,Yes,No,14,Yes,Yes,Fiber optic,No,Yes,Yes,No,No,Yes,Month-to-month,Yes,Mailed check,108.71,1527.3,No
7851-PQRLS,Female,0,Yes,Yes,29,Yes,Yes,Fiber optic,No,Yes,No,No,No,Yes,Month-to-month,No,Mailed check,98.93,2877.29,Yes
2758-VWLLM,Male,0,No,No,60,Yes,No,DSL,No,No,Yes,No,No,No,Two year,Yes,Mailed check,75.35,4519.4,No
8355-EJQSH,Female,0,No,No,25,Yes,No,Fiber optic,No,No,Yes,Yes,No,Yes,Month-to-month,No,Bank transfer (automatic),102.99,2584.47,Yes
2054-NRUAA,Male,0,Yes,Yes,19,Yes,No,No,No internet service,No internet service,No internet service,No internet service,No internet service,No internet service,Month-to-month,Yes,Electronic check,41.67,770.42,Yes
4478-PAELG,Male,0,No,No,32,Yes,Yes,DSL,No,No,Yes,No,No,No,Month-to-month,No,Bank transfer (automatic),75.51,2427.92,No
7394-AXELZ,Female,0,No,No,38,Yes,No,Fiber optic,No,No,Yes,No,Yes,Yes,Month-to-month,Yes,Mailed check,101.3,3827.23,No
6963-ZATBQ,Female,1,Yes,No,60,Yes,No,DSL,Yes,Yes,No,No,No,Yes,Month-to-month,No,Credit card (automatic),88.54,5304.09,No
3933-UCXMN,Male,0,Yes,No,14,Yes,Yes,Fiber optic,Yes,Yes,Yes,No,Yes,No,Month-to-month,Yes,Mailed check,106.16,1473.5,Yes
6139-AHTZZ,Male,0,No,Yes,23,Yes,Yes,DSL,No,No,Yes,No,Yes,Yes,Month-to-month,Yes,Electronic check,84.07,1916.17,No
5820-GMMKJ,Female,0,Yes,Yes,51,No,No phone service,Fiber optic,No,No,Yes,Yes,Yes,Yes,One year,Yes,Credit card (automatic),93.79,4794.78,No
8814-KATRK,Male,0,Yes,Yes,31,Yes,Yes,No,No internet service,No internet service,No internet service,No internet service,No internet service,No internet service,Two year,No,Credit card (automatic),30.93,984.73,No
6669-YYUQA,Female,1,No,No,54,Yes,Yes,No,No internet service,No internet service,No internet service,No internet service,No internet service,No internet service,Month-to-month,No,Bank transfer (automatic),36.83,2015.3,No
5609-VWUZN,Male,0,Yes,No,32,Yes,Yes,Fiber optic,No,Yes,Yes,Yes,Yes,Yes,Two year,Yes,Mailed check,113.07,3630.3,No
1987-MHWUL,Female,0,Yes,No,8,No,No phone service,DSL,No,Yes,Yes,No,No,Yes,Month-to-month,Yes,Mailed check,65.84,508.81,No
4493-DBHFG,Female,0,Yes,Yes,62,Yes,Yes,Fiber optic,No,Yes,No,No,Yes,No,Month-to-month,No,Credit card (automatic),99.84,6208.4,No
9985-SPEWR,Male,0,Yes,Yes,50,Yes,Yes,Fiber optic,No,No,No,No,No,Yes,Month-to-month,Yes,Electronic check,91.23,4564.03,Yes
5632-MPWTM,Male,0,No,No,9,Yes,No,Fiber optic,No,No,Yes,No,No,No,One year,Yes,Electronic check,97.32,916.35,No
7007-YHXQE,Male,1,Yes,No,12,Yes,Yes,Fiber optic,No,No,No,No,No,No,Two year,Yes,Credit card (automatic),87.5,1048.43,No
9701-SKFXV,Female,1,Yes,Yes,24,Yes,No,DSL,Yes,No,No,No,No,No,Month-to-month,Yes,Electronic check,72.8,1736.36,No
1400-RCHPF,Male,0,No,No,69,Yes,No,Fiber optic,No,Yes,Yes,Yes,Yes,No,One year,No,Bank transfer (automatic),118.75,8194.88,No
5611-LPVDV,Female,0,No,Yes,21,Yes,No,Fiber optic,Yes,No,No,No,No,Yes,Two year,No,Credit card (automatic),104.0,2184.79,No
3001-ALHEL,Female,0,No,No,64,Yes,No,Fiber optic,Yes,Yes,No,No,Yes,No,Month-to-month,Yes,Electronic check,107.44,6866.85,Yes
8818-QTDBJ,Female,0,Yes,No,35,No,No phone service,Fiber optic,No,Yes,No,No,No,Yes,Month-to-month,No,Credit card (automatic),82.31,2856.83,Yes
7969-XCMKT,Male,0,Yes,No,14,Yes,No,Fiber optic,No,Yes,Yes,No,Yes,No,Month-to-month,No,Credit card (automatic),103.95,1488.59,No
2849-MWMUQ,Male,0,No,No,8,Yes,No,Fiber optic,No,No,No,No,Yes,No,Month-to-month,Yes,Bank transfer (automatic),95.6,754.79,Yes
6376-GZFYZ,Female,0,Yes,No,24,Yes,No,DSL,No,No,Yes,No,No,No,Two year,Yes,Mailed check,77.06,1825.62,No
5601-WTTBD,Male,0,Yes,Yes,16,Yes,No,Fiber optic,No,No,No,No,No,Yes,Month-to-month,Yes,Electronic check,96.14,1539.14,No
1626-AWEAY,Male,0,No,No,43,Yes,No,Fiber optic,No,Yes,No,No,Yes,No,Two year,Yes,Bank transfer (automatic),97.25,4156.97,Yes
3508-VZNYZ,Female,1,No,No,71,Yes,No,Fiber optic,No,No,No,No,No,No,Two year,Yes,Electronic check,84.09,5968.42,No
2298-DJPUE,Male,0,No,No,58,Yes,Yes,Fiber optic,No,No,Yes,No,No,No,Month-to-month,Yes,Mailed check,99.62,5779.91,No
2740-HGYKW,Male,0,Yes,No,22,Yes,Yes,Fiber optic,No,Yes,No,No,Yes,No,Month-to-month,Yes,Bank transfer (automatic),95.08,2076.23,No
1502-CVFBQ,Female,0,No,No,68,Yes,Yes,Fiber optic,No,Yes,Yes,No,No,Yes,One year,No,Credit card (automatic),108.99,7401.17,No
2325-BKPNQ,Female,0,Yes,Yes,70,Yes,No,Fiber optic,No,No,No,No,No,Yes,One year,Yes,Electronic check,100.06,7012.17,No
1212-GJHPF,Female,0,No,No,30,Yes,Yes,No,No internet service,No internet service,No internet service,No internet service,No internet service,No internet service,One year,No,Electronic check,45.81,1357.79,No
6687-YRKLQ,Male,1,Yes,Yes,35,Yes,No,Fiber optic,No,No,Yes,No,Yes,No,Month-to-month,No,Electronic check,100.69,3508.17,Yes
7514-HASRC,Female,1,No,No,35,Yes,Yes,DSL,No,No,No,Yes,No,Yes,Two year,No,Credit card (automatic),70.97,2496.24,No
6638-BRTAT,Female,0,No,No,30,Yes,Yes,Fiber optic,No,No,No,Yes,No,Yes,Month-to-month,Yes,Mailed check,97.63,2913.93,No
2083-GSJZY,Female,0,No,No,11,Yes,No,Fiber optic,Yes,No,No,No,No,No,One year,Yes,Electronic check,99.66,1079.15,No
9881-CEEQL,Female,0,No,No,65,Yes,Yes,DSL,No,Yes,No,Yes,No,No,Month-to-month,Yes,Credit card (automatic),78.91,5138.17,No
7711-GERQS,Female,0,Yes,No,25,Yes,Yes,Fiber optic,No,No,No,No,Yes,No,One year,Yes,Electronic check,96.82,2417.3,No
3808-NYQYL,Female,0,Yes,Yes,6,Yes,No,DSL,No,Yes,No,No,Yes,Yes,Month-to-month,Yes,Mailed check,93.31,565.91,Yes
1403-UMBDH,Female,1,Yes,Yes,72,No,No phone service,No,No internet service,No internet service,No internet service,No internet service,No internet service,No internet service,Month-to-month,Yes,Bank transfer (automatic),18.25,1314.72,No
2718-SQHCB,Male,0,No,No,9,Yes,Yes,Fiber optic,No,No,Yes,No,No,No,Month-to-month,No,Credit card (automatic),107.78,972.02,Yes
9509-JCTWC,Female,0,Yes,Yes,68,Yes,Yes,DSL,No,No,Yes,No,Yes,No,Two year,No,Mailed check,84.81,5758.44,No
9503-TGULR,Male,0,Yes,Yes,9,Yes,No,Fiber optic,No,No,No,Yes,Yes,Yes,Month-to-month,Yes,Bank transfer (automatic),103.39,928.27,Yes
2142-FUVAF,Female,0,Yes,Yes,30,Yes,No,Fiber optic,No,No,Yes,Yes,No,No,Month-to-month,No,Electronic check,105.01,3165.54,No
6467-XSSKB,Male,0,No,No,38,Yes,No,No,No internet service,No internet service,No internet service,No internet service,No internet service,No internet service,Month-to-month,Yes,Mailed check,36.85,1396.64,No
7892-VLNFL,Male,0,Yes,No,16,Yes,No,Fiber optic,No,Yes,No,No,Yes,No,Month-to-month,No,Mailed check,113.45,1796.35,No
3177-LDQFT,Male,0,No,No,42,Yes,No,Fiber optic,No,No,No,Yes,Yes,Yes,Two year,Yes,Electronic check,104.1,4351.81,No
5659-XFGFR,Female,1,Yes,Yes,41,No,No phone service,No,No internet service,No internet service,No internet service,No internet service,No internet service,No internet service,Month-to-month,Yes,Credit card (automatic),22.95,932.91,No
1961-SVSDM,Female,0,Yes,No,63,Yes,No,Fiber optic,No,No,No,No,No,Yes,Two year,Yes,Bank transfer (automatic),93.81,5942.89,No
5800-KMUWH,Male,0,No,No,30,Yes,No,DSL,No,Yes,No,No,No,No,Month-to-month,No,Mailed check,72.36,2174.81,No
3968-EKPTG,Male,0,Yes,No,63,Yes,No,Fiber optic,No,Yes,No,No,Yes,No,Month-to-month,Yes,Electronic check,92.77,5826.64,Yes
2946-ACBES,Female,0,No,No,54,Yes,No,Fiber optic,No,No,No,No,Yes,No,Two year,Yes,Bank transfer (automatic),88.67,4783.29,No
7967-ZPLXD,Male,0,Yes,Yes,59,Yes,No,No,No internet service,No internet service,No internet service,No internet service,No internet service,No internet service,Month-to-month,Yes,Mailed check,36.77,2147.78,No
6671-VNGQZ,Male,0,No,No,45,Yes,No,Fiber optic,No,No,No,Yes,No,No,Two year,No,Bank transfer (automatic),92.86,4169.13,No
3123-PBFUM,Male,0,Yes,Yes,13,Yes,No,Fiber optic,No,No,Yes,No,No,No,Month-to-month,Yes,Bank transfer (automatic),93.75,1205.21,Yes
2792-JCUYC,Female,1,Yes,Yes,48,Yes,Yes,DSL,No,Yes,Yes,No,Yes,No,Month-to-month,Yes,Credit card (automatic),85.02,4071.36,No
3141-WXUTW,Male,1,No,No,52,Yes,Yes,Fiber optic,No,Yes,No,No,No,Yes,Month-to-month,Yes,Mailed check,101.93,5302.09,No
4360-XXFBN,Male,1,No,No,27,No,No phone service,DSL,Yes,Yes,No,Yes,Yes,No,Month-to-month,Yes,Credit card (automatic),68.92,1868.79,No
7823-WDKUB,Female,0,No,No,46,Yes,Yes,Fiber optic,No,Yes,No,Yes,Yes,No,Two year,Yes,Mailed check,107.78,4982.96,No
7505-GAFTW,Male,0,Yes,Yes,45,Yes,No,No,No internet service,No internet service,No internet service,No internet service,No internet service,No internet service,Month-to-month,Yes,Bank transfer (automatic),39.91,1798.75,No
1731-MESUZ,Female,0,Yes,No,46,Yes,No,No,No internet service,No internet service,No internet service,No internet service,No internet service,No internet service,Month-to-month,Yes,Mailed check,38.66,1770.99,No
4193-HHULA,Female,0,No,No,50,Yes,Yes,DSL,No,No,No,No,No,Yes,Month-to-month,Yes,Credit card (automatic),66.91,3314.77,No
9527-CYDNH,Male,0,Yes,No,49,Yes,No,Fiber optic,No,No,Yes,No,Yes,Yes,Month-to-month,No,Mailed check,104.96,5127.72,Yes
7180-KJMZF,Male,0,Yes,No,47,Yes,No,No,No internet service,No internet service,No internet service,No internet service,No internet service,No internet service,Month-to-month,Yes,Electronic check,37.87,1787.37,No
2977-BTSQA,Male,0,No,No,23,Yes,Yes,DSL,Yes,No,No,No,Yes,No,Month-to-month,Yes,Credit card (automatic),70.19,1609.81,No
8114-VYYGT,Male,0,Yes,Yes,50,Yes,Yes,DSL,Yes,Yes,No,No,No,No,Month-to-month,Yes,Electronic check,73.2,3645.88,Yes
4623-QHRYR,Female,0,No,No,10,Yes,No,DSL,No,Yes,Yes,No,No,Yes,One year,No,Credit card (automatic),76.08,770.01,No
9286-YCZVL,Female,1,Yes,No,64,Yes,Yes,Fiber optic,No,No,No,No,Yes,Yes,One year,Yes,Credit card (automatic),101.32,6484.84,No
6400-QUVCA,Female,0,No,No,57,Yes,Yes,No,No internet service,No internet service,No internet service,No internet service,No internet service,No internet service,Two year,Yes,Mailed check,39.34,2225.06,No
3218-NWRDT,Male,0,No,No,19,Yes,No,No,No internet service,No internet service,No internet service,No internet service,No internet service,No internet service,Month-to-month,No,Electronic check,45.6,887.98,Yes
5213-JUHQE,Female,0,No,No,5,Yes,No,DSL,No,Yes,No,No,No,No,Month-to-month,Yes,Electronic check,66.86,334.01,Yes
4433-PQYGX,Female,0,No,No,11,Yes,Yes,No,No internet service,No internet service,No internet service,No internet service,No internet service,No internet service,Month-to-month,No,Electronic check,32.97,353.61,Yes
8348-JDGRU,Female,0,Yes,Yes,49,Yes,No,DSL,No,Yes,Yes,No,No,No,One year,Yes,Credit card (automatic),72.58,3560.21,No
6509-TCNWK,Male,1,Yes,Yes,2,Yes,No,Fiber optic,No,No,No,No,No,No,Month-to-month,Yes,Electronic check,89.01,188.83,Yes
9089-CZURQ,Female,0,Yes,No,7,Yes,No,No,No internet service,No internet service,No internet service,No internet service,No internet service,No internet service,One year,No,Electronic check,36.17,258.2,No
9426-KDYCR,Male,0,No,No,51,Yes,No,Fiber optic,No,No,No,No,No,No,Month-to-month,Yes,Electronic check,86.45,4431.75,No
3393-YZMNL,Female,1,Yes,Yes,35,Yes,No,Fiber optic,Yes,Yes,No,No,Yes,No,One year,Yes,Mailed check,103.47,3610.42,No
4826-YGZRZ,Female,0,No,No,24,Yes,Yes,Fiber optic,No,No,No,No,No,No,One year,No,Mailed check,90.57,2166.43,No
6508-VMMGF,Female,0,No,No,20,Yes,Yes,No,No internet service,No internet service,No internet service,No internet service,No internet service,No internet service,Month-to-month,No,Bank transfer (automatic),49.95,1020.59,No
1339-KZYSJ,Male,0,Yes,No,36,Yes,Yes,Fiber optic,Yes,Yes,No,No,No,No,Month-to-month,Yes,Credit card (automatic),103.47,3712.69,No
5682-UAYWZ,Female,0,No,No,21,Yes,Yes,No,No internet service,No internet service,No internet service,No internet service,No internet service,No internet service,Month-to-month,No,Electronic check,42.43,879.93,No
1849-YQPEM,Female,0,No,Yes,5,Yes,No,Fiber optic,No,No,No,No,No,Yes,Month-to-month,Yes,Mailed check,91.35,434.07,Yes
4269-ZJFYE,Female,0,No,Yes,33,Yes,No,Fiber optic,No,No,Yes,No,Yes,No,Month-to-month,Yes,Bank transfer (automatic),97.83,3215.61,No
9139-ZHSVN,Female,0,Yes,Yes,67,Yes,No,No,No internet service,No internet service,No internet service,No internet service,No internet service,No internet service,Month-to-month,Yes,Electronic check,46.85,3121.14,No
7272-DNNPY,Female,1,Yes,Yes,37,Yes,No,No,No internet service,No internet service,No internet service,No internet service,No internet service,No internet service,Month-to-month,No,Electronic check,37.48,1372.3,No
8421-QKKAP,Male,0,No,No,42,Yes,Yes,Fiber optic,Yes,No,No,No,No,Yes,Two year,Yes,Credit card (automatic),109.77,4613.68,No
3271-XUXZK,Male,0,Yes,No,24,No,No phone service,DSL,No,Yes,No,Yes,No,Yes,One year,No,Electronic check,66.54,1581.46,No
4855-QLGSL,Female,0,No,No,9,Yes,Yes,DSL,No,No,Yes,Yes,Yes,Yes,Two year,Yes,Credit card (automatic),92.28,821.94,No
9475-FLNXP,Male,0,No,No,54,No,No phone service,DSL,Yes,Yes,No,No,No,No,Two year,Yes,Bank transfer (automatic),52.85,2836.72,No
1621-JXGJD,Male,0,Yes,No,29,Yes,Yes,DSL,No,No,No,No,No,Yes,One year,No,Electronic check,66.93,1932.57,No
7473-DJTXF,Female,0,Yes,No,5,Yes,Yes,DSL,No,Yes,Yes,No,No,No,One year,Yes,Mailed check,78.79,402.71,No
3989-CLZHG,Male,0,Yes,No,22,Yes,No,Fiber optic,Yes,Yes,No,No,No,No,Month-to-month,Yes,Electronic check,103.76,2290.89,Yes
4597-XPQUT,Female,1,No,No,2,No,No phone service,Fiber optic,Yes,No,Yes,No,Yes,Yes,Two year,Yes,Electronic check,89.98,168.39,No
6389-PNEKW,Male,0,Yes,No,63,Yes,No,DSL,No,No,Yes,No,No,No,Month-to-month,Yes,Bank transfer (automatic),75.63,4781.43,No
1354-VPJCU,Male,0,Yes,Yes,72,Yes,No,No,No internet service,No internet service,No internet service,No internet service,No internet service,No internet service,One year,Yes,Credit card (automatic),39.28,2854.59,No
1006-PDXEV,Male,0,No,No,63,Yes,No,Fiber optic,No,Yes,No,No,No,No,Month-to-month,Yes,Electronic check,96.42,6088.3,Yes
6166-ATXFZ,Male,0,Yes,No,59,Yes,No,Fiber optic,No,Yes,No,No,No,No,One year,Yes,Mailed check,92.41,5430.21,No
8184-TJCLV,Male,0,Yes,No,57,Yes,No,Fiber optic,No,No,No,Yes,No,No,One year,No,Mailed check,98.69,5613.17,No
6279-RUJAX,Male,0,No,No,34,Yes,Yes,DSL,Yes,No,No,No,No,No,Month-to-month,Yes,Electronic check,68.93,2357.61,No
6519-PPWUS,Female,0,No,No,28,Yes,No,Fiber optic,No,No,Yes,Yes,Yes,Yes,One year,No,Electronic check,110.07,3094.99,Yes
8037-GTZFP,Male,0,Yes,No,5,Yes,Yes,No,No internet service,No internet service,No internet service,No internet service,No internet service,No internet service,Month-to-month,Yes,Electronic check,49.32,241.93,No
7130-NZKFD,Female,0,Yes,Yes,68,Yes,No,Fiber optic,No,Yes,No,No,No,No,One year,Yes,Credit card (automatic),93.41,6384.09,No
8642-SPLKY,Female,0,No,No,1,Yes,Yes,DSL,Yes,No,Yes,No,Yes,No,One year,Yes,Electronic check,81.8,95.26,No
7122-ZVUPF,Female,0,Yes,No,20,Yes,No,Fiber optic,Yes,Yes,No,No,No,No,One year,Yes,Electronic check,101.09,2003.2,No
6881-TNAZV,Female,1,No,No,31,Yes,No,DSL,No,Yes,Yes,No,Yes,Yes,One year,Yes,Mailed check,89.6,2796.03,No
4169-MCYFK,Male,1,Yes,Yes,48,No,No phone service,No,No internet service,No internet service,No internet service,No internet service,No internet service,No internet service,Month-to-month,Yes,Electronic check,19.85,946.47,No
4856-GRZWN,Male,1,No,No,72,Yes,Yes,Fiber optic,No,No,Yes,No,No,No,One year,No,Electronic check,96.82,6981.12,No
2178-WGXKN,Female,0,No,No,38,Yes,Yes,Fiber optic,No,Yes,No,No,Yes,Yes,Two year,Yes,Credit card (automatic),112.88,4297.85,No
4929-LDPKW,Male,0,No,No,59,Yes,No,No,No internet service,No internet service,No internet service,No internet service,No internet service,No internet service,Month-to-month,No,Credit card (automatic),29.34,1719.4,No
5294-ZHHAT,Female,0,Yes,No,31,Yes,Yes,No,No internet service,No internet service,No internet service,No internet service,No internet service,No internet service,Two year,No,Electronic check,40.26,1260.29,No
1661-GXQPV,Male,1,No,No,72,Yes,No,Fiber optic,No,No,Yes,No,No,No,Month-to-month,Yes,Electronic check,97.75,7047.84,Yes
7942-XRLDJ,Male,1,No,No,13,Yes,Yes,Fiber optic,No,No,No,Yes,Yes,Yes,Month-to-month,Yes,Credit card (automatic),105.53,1369.65,Yes
7346-GSDBJ,Male,0,Yes,No,29,Yes,No,No,No internet service,No internet service,No internet service,No internet service,No internet service,No internet service,Month-to-month,No,Mailed check,39.99,1176.76,No
3068-WKLKH,Male,0,Yes,No,17,Yes,No,DSL,Yes,Yes,No,No,No,No,Two year,Yes,Mailed check,73.01,1252.16,No
9258-TDFBG,Male,0,Yes,Yes,19,Yes,No,Fiber optic,No,Yes,No,No,No,No,Month-to-month,Yes,Electronic check,99.32,1921.06,No
6908-YMBBK,Female,0,Yes,Yes,59,Yes,No,Fiber optic,No,No,No,No,Yes,No,One year,Yes,Mailed check,94.32,5584.59,No
3381-PCFPG,Female,0,Yes,No,51,Yes,No,No,No internet service,No internet service,No internet service,No internet service,No internet service,No internet service,Month-to-month,No,Electronic check,44.39,2258.93,No
4281-FBJHX,Male,0,No,No,48,No,No phone service,DSL,No,Yes,No,No,Yes,Yes,Month-to-month,Yes,Mailed check,70.68,3398.29,No
9033-LGLQK,Male,0,No,No,6,Yes,No,Fiber optic,No,Yes,No,Yes,No,No,Two year,Yes,Credit card (automatic),99.46,595.43,No
7804-ZKCCW,Male,0,No,Yes,67,No,No phone service,Fiber optic,No,No,Yes,No,No,No,Month-to-month,No,Mailed check,70.43,4738.54,No
4744-HQYLH,Female,0,Yes,Yes,68,Yes,Yes,No,No internet service,No internet service,No internet service,No internet service,No internet service,No internet service,Month-to-month,No,Credit card (automatic),45.5,3114.68,No
8763-BWNAF,Male,0,Yes,No,49,Yes,No,No,No internet service,No internet service,No internet service,No internet service,No internet service,No internet service,Month-to-month,Yes,Bank transfer (automatic),38.02,1833.65,No
7112-UERZS,Female,0,Yes,Yes,29,Yes,No,Fiber optic,No,No,No,No,No,Yes,Month-to-month,No,Mailed check,94.16,2730.95,No
7321-ERTCH,Female,0,Yes,No,4,Yes,No,DSL,No,No,No,No,Yes,No,One year,No,Credit card (automatic),73.84,313.14,No
8942-ZETNQ,Male,0,No,No,32,Yes,No,No,No internet service,No internet service,No internet service,No internet service,No internet service,No internet service,Month-to-month,Yes,Credit card (automatic),42.38,1365.68,No
5597-WLQSP,Female,0,Yes,No,8,Yes,Yes,DSL,Yes,No,No,Yes,No,No,One year,Yes,Electronic check,81.3,642.27,No
8915-FYSZJ,Male,0,Yes,No,47,Yes,No,Fiber optic,No,Yes,No,Yes,No,Yes,Month-to-month,No,Credit card (automatic),107.31,5043.1,Yes
5309-BYVHB,Female,0,No,No,52,Yes,Yes,Fiber optic,No,No,No,No,Yes,No,Two year,No,Credit card (automatic),105.37,5482.58,No
7270-SNDYL,Male,0,No,No,5,Yes,No,DSL,No,No,No,No,No,No,Month-to-month,Yes,Electronic check,66.43,343.3,Yes
7520-WPCXS,Female,0,No,No,18,Yes,Yes,DSL,No,No,No,No,Yes,No,Month-to-month,Yes,Mailed check,71.63,1293.91,No
9048-QXWFE,Male,0,Yes,No,47,Yes,Yes,DSL,No,No,No,Yes,No,No,Two year,Yes,Electronic check,65.8,3105.76,No
2441-VFLUL,Male,0,No,No,18,Yes,No,DSL,No,Yes,Yes,No,No,Yes,Month-to-month,No,Electronic check,80.1,1445.67,Yes
1556-JCKTN,Female,0,Yes,No,62,Yes,No,DSL,Yes,Yes,Yes,No,No,Yes,Month-to-month,No,Electronic check,92.55,5751.41,No
7073-CULGR,Female,0,Yes,Yes,29,Yes,Yes,DSL,No,No,No,Yes,Yes,No,Two year,Yes,Electronic check,83.12,2422.13,No
2213-MLDYJ,Female,0,Yes,No,49,Yes,No,No,No internet service,No internet service,No internet service,No internet service,No internet service,No internet service,Two year,No,Credit card (automatic),32.53,1576.71,No
1366-LZSRX,Male,0,No,No,54,Yes,No,Fiber optic,Yes,No,No,No,Yes,Yes,Month-to-month,Yes,Electronic check,106.85,5776.31,Yes
1755-PHSWB,Female,0,Yes,No,44,Yes,No,DSL,Yes,No,No,No,No,No,Two year,Yes,Bank transfer (automatic),68.91,3050.09,No
2423-YMHDJ,Female,1,No,No,46,Yes,No,DSL,No,No,No,No,No,No,Two year,Yes,Credit card (automatic),64.85,2952.31,No
1044-FECZU,Female,0,Yes,Yes,41,Yes,Yes,Fiber optic,No,No,No,No,No,Yes,Two year,No,Mailed check,95.53,3899.1,No
9462-FGGPE,Male,0,No,No,14,Yes,No,Fiber optic,No,No,No,No,No,Yes,Two year,Yes,Credit card (automatic),95.51,1343.16,No
3119-ZJUFY,Female,0,Yes,Yes,21,Yes,No,Fiber optic,No,No,No,Yes,Yes,No,Month-to-month,No,Mailed check,98.67,2081.76,No
7243-WNXJM,Male,0,No,Yes,65,Yes,No,Fiber optic,No,Yes,Yes,Yes,Yes,No,Two year,No,Electronic check,108.37,7039.07,No
1554-EUHCH,Female,1,No,No,25,Yes,No,Fiber optic,No,Yes,No,No,No,Yes,Month-to-month,No,Bank transfer (automatic),101.25,2545.24,No
4174-TCATD,Male,0,No,No,70,Yes,No,No,No internet service,No internet service,No internet service,No internet service,No internet service,No internet service,Month-to-month,Yes,Bank transfer (automatic),34.85,2454.47,No
4776-SNCTB,Male,0,No,No,42,Yes,No,DSL,Yes,Yes,Yes,No,Yes,Yes,Month-to-month,Yes,Bank transfer (automatic),101.97,4274.66,No
3090-CNSRD,Male,1,No,No,57,Yes,Yes,Fiber optic,No,Yes,No,No,Yes,No,Month-to-month,Yes,Electronic check,95.8,5453.89,No
4089-DJFTU,Male,0,Yes,Yes,16,Yes,No,DSL,No,No,No,No,Yes,Yes,Month-to-month,Yes,Mailed check,81.02,1289.91,Yes
8364-EAAWX,Female,0,No,No,14,Yes,Yes,DSL,Yes,No,No,No,Yes,No,Month-to-month,No,Mailed check,76.61,1070.87,No
2905-XNEHG,Male,0,No,No,27,Yes,Yes,Fiber optic,No,No,Yes,No,No,No,Two year,Yes,Credit card (automatic),98.5,2651.71,Yes
7871-EETHG,Male,0,Yes,Yes,57,Yes,Yes,No,No internet service,No internet service,No internet service,No internet service,No internet service,No internet service,One year,Yes,Credit card (automatic),35.56,2035.14,No
8269-YPVWQ,Male,0,Yes,No,50,Yes,No,DSL,No,Yes,No,No,No,Yes,Month-to-month,Yes,Electronic check,71.77,3603.18,No
8466-AAXDT,Female,0,Yes,No,38,Yes,Yes,Fiber optic,No,Yes,No,Yes,No,No,Two year,Yes,Bank transfer (automatic),100.45,3817.33,No
4780-URBJT,Female,0,Yes,Yes,13,Yes,Yes,Fiber optic,Yes,Yes,No,No,Yes,Yes,Two year,Yes,Electronic check,111.02,1430.17,No
9293-VXYXP,Female,0,No,Yes,2,Yes,No,No,No internet service,No internet service,No internet service,No internet service,No internet service,No internet service,Month-to-month,Yes,Bank transfer (automatic),38.47,77.64,No
4024-NVLVS,Male,0,No,No,9,Yes,Yes,Fiber optic,Yes,No,No,Yes,Yes,No,Month-to-month,Yes,Electronic check,101.43,866.09,Yes
2883-YWQEF,Female,0,No,No,48,Yes,Yes,Fiber optic,No,Yes,No,No,No,Yes,Two year,Yes,Mailed check,97.84,4698.47,No
8554-AMQFW,Female,0,Yes,No,69,Yes,No,DSL,Yes,No,No,No,No,No,Month-to-month,No,Mailed check,69.03,4747.4,No
5700-BHKFY,Female,0,Yes,No,71,Yes,No,Fiber optic,No,No,Yes,Yes,No,Yes,Month-to-month,Yes,Credit card (automatic),108.75,7707.19,No
4244-NNFPJ,Male,0,Yes,No,55,Yes,Yes,No,No internet service,No internet service,No internet service,No internet service,No internet service,No internet service,Month-to-month,No,Mailed check,35.03,1928.63,No
1092-KQCUR,Female,1,Yes,No,31,Yes,No,DSL,Yes,No,Yes,No,No,No,Two year,No,Credit card (automatic),78.35,2436.17,No
3789-QHRDQ,Female,0,No,No,52,Yes,Yes,Fiber optic,Yes,No,No,No,Yes,No,Month-to-month,Yes,Electronic check,97.91,5083.48,No
1495-AGEMD,Male,0,No,No,4,Yes,Yes,DSL,No,Yes,Yes,No,Yes,Yes,Two year,Yes,Electronic check,92.2,380.31,No
3199-CXTFC,Male,0,Yes,Yes,25,Yes,No,DSL,Yes,No,No,Yes,No,No,One year,Yes,Electronic check,78.13,1970.59,No
8651-SXEJC,Female,0,Yes,No,16,Yes,Yes,DSL,No,Yes,Yes,No,No,Yes,Month-to-month,Yes,Electronic check,80.8,1289.96,Yes
4809-DANZR,Male,0,No,Yes,71,Yes,No,Fiber optic,No,Yes,Yes,No,No,No,Two year,No,Bank transfer (automatic),101.69,7211.68,No
7811-VZDGQ,Female,0,Yes,No,40,Yes,Yes,Fiber optic,Yes,Yes,Yes,No,Yes,No,Month-to-month,Yes,Mailed check,114.05,4563.72,No
8388-UTHJB,Female,0,Yes,No,68,Yes,Yes,DSL,No,No,Yes,No,No,No,Two year,No,Mailed check,69.37,4697.14,No
3824-DYCJX,Female,0,Yes,Yes,57,Yes,No,Fiber optic,No,Yes,Yes,No,Yes,No,Month-to-month,No,Credit card (automatic),115.26,6554.76,No
9601-KMNVU,Male,1,Yes,Yes,53,Yes,No,No,No internet service,No internet service,No internet service,No internet service,No internet service,No internet service,Two year,Yes,Credit card (automatic),34.5,1827.27,No
5716-JJRWB,Male,0,No,No,13,Yes,Yes,Fiber optic,Yes,Yes,No,No,Yes,Yes,Month-to-month,No,Mailed check,106.65,1379.75,Yes
7918-MDCJF,Female,0,No,No,5,Yes,No,DSL,No,Yes,No,Yes,No,No,Month-to-month,Yes,Bank transfer (automatic),83.37,415.91,No
1936-HWTFS,Female,0,No,No,16,Yes,No,DSL,No,Yes,No,No,Yes,Yes,One year,Yes,Electronic check,80.14,1290.46,No
5064-TFBHZ,Female,0,Yes,No,60,Yes,No,DSL,No,No,Yes,No,Yes,No,Two year,No,Electronic check,73.65,4385.76,No
6001-BZVPT,Female,0,No,No,67,Yes,Yes,Fiber optic,Yes,No,No,Yes,No,No,Two year,Yes,Credit card (automatic),98.27,6573.73,No
2662-QXLAU,Male,0,No,No,51,Yes,No,No,No internet service,No internet service,No internet service,No internet service,No internet service,No internet service,Month-to-month,No,Credit card (automatic),42.22,2150.11,No
7570-TRDCV,Male,1,No,No,64,Yes,Yes,Fiber optic,No,No,Yes,No,No,No,Month-to-month,No,Credit card (automatic),99.63,6355.79,No
8695-BPNJR,Male,0,Yes,No,5,Yes,No,DSL,No,No,No,No,Yes,No,Month-to-month,Yes,Bank transfer (automatic),77.05,400.57,Yes
9226-VDMYF,Male,0,No,No,66,Yes,Yes,Fiber optic,Yes,No,No,No,No,Yes,Month-to-month,No,Credit card (automatic),104.48,6929.09,No
8685-MNGYN,Male,0,No,No,7,No,No phone service,Fiber optic,No,No,No,Yes,No,No,Two year,No,Electronic check,76.03,536.69,No
6173-MCUHF,Female,0,No,No,12,Yes,Yes,No,No internet service,No internet service,No internet service,No internet service,No internet service,No internet service,One year,No,Mailed check,43.77,506.85,No
8037-ESMVB,Male,0,Yes,No,60,Yes,Yes,Fiber optic,No,No,Yes,No,No,No,One year,No,Bank transfer (automatic),92.25,5555.87,No
7970-FWJAM,Male,0,Yes,Yes,68,Yes,Yes,Fiber optic,Yes,Yes,No,No,No,Yes,One year,Yes,Bank transfer (automatic),109.49,7454.8,No
1492-GTPTX,Female,0,No,No,11,Yes,No,No,No internet service,No internet service,No internet service,No internet service,No internet service,No internet service,Month-to-month,No,Electronic check,34.82,375.23,No
5211-PBGTB,Female,0,Yes,Yes,24,Yes,Yes,Fiber optic,No,No,No,No,Yes,No,Month-to-month,Yes,Bank transfer (automatic),98.15,2327.66,No
4232-DWPRS,Female,0,No,No,60,Yes,No,DSL,No,No,No,No,No,No,Two year,Yes,Electronic check,68.7,4101.9,No
3018-BKEHH,Male,1,No,No,37,Yes,Yes,No,No internet service,No internet service,No internet service,No internet service,No internet service,No internet service,Month-to-month,Yes,Bank transfer (automatic),40.08,1485.22,No
8037-HDZBE,Male,1,No,No,29,Yes,Yes,No,No internet service,No internet service,No internet service,No internet service,No internet service,No internet service,One year,No,Mailed check,38.37,1098.91,No
4125-BXJUD,Female,0,Yes,No,33,Yes,Yes,DSL,No,Yes,No,Yes,No,No,Month-to-month,Yes,Mailed check,77.95,2559.3,No
5694-DFKWH,Female,0,No,No,21,Yes,No,DSL,No,Yes,No,No,No,Yes,Month-to-month,Yes,Credit card (automatic),77.85,1644.45,No
7792-CGQMN,Male,0,Yes,Yes,71,Yes,No,No,No internet service,No internet service,No internet service,No internet service,No internet service,No internet service,Month-to-month,Yes,Credit card (automatic),34.59,2460.99,No
7103-BSWUG,Female,0,No,No,38,Yes,No,DSL,No,Yes,No,No,Yes,Yes,Month-to-month,Yes,Credit card (automatic),82.38,3143.84,No
4158-ZUYXL,Female,0,Yes,Yes,19,Yes,No,DSL,No,Yes,Yes,No,Yes,Yes,One year,No,Mailed check,79.76,1533.9,No
2164-FHWGJ,Male,0,Yes,Yes,65,Yes,No,Fiber optic,No,No,Yes,No,No,No,Two year,Yes,Mailed check,103.6,6734.46,No
8660-DRPZM,Male,0,Yes,Yes,69,Yes,Yes,DSL,No,No,No,No,No,Yes,Month-to-month,Yes,Mailed check,74.42,5141.47,No
5690-WZTSX,Male,0,No,No,4,Yes,Yes,DSL,No,No,No,Yes,No,Yes,Two year,No,Bank transfer (automatic),75.26,303.52,No
9816-THRFN,Female,0,No,Yes,70,Yes,Yes,DSL,No,Yes,No,No,No,Yes,Month-to-month,No,Bank transfer (automatic),73.82,5150.3,Yes
4999-ZPZVW,Female,0,Yes,Yes,70,No,No phone service,Fiber optic,No,No,Yes,No,No,Yes,Month-to-month,No,Electronic check,80.78,5658.59,No
2523-UGPMG,Male,0,Yes,No,66,Yes,Yes,Fiber optic,No,No,Yes,No,Yes,No,One year,No,Mailed check,105.16,6945.54,No
9862-XPAEF,Female,1,No,No,10,Yes,No,DSL,No,No,No,No,No,No,Month-to-month,Yes,Bank transfer (automatic),69.39,704.43,Yes
9746-KBQYP,Female,0,Yes,No,26,Yes,No,DSL,No,No,Yes,No,Yes,No,Month-to-month,No,Electronic check,77.56,2034.29,Yes
4995-EXCYF,Male,0,Yes,Yes,63,Yes,No,Fiber optic,Yes,Yes,No,No,No,Yes,Month-to-month,No,Electronic check,113.95,7176.9,Yes
2243-JAAES,Female,0,No,No,27,Yes,No,DSL,Yes,No,Yes,No,Yes,No,Month-to-month,Yes,Credit card (automatic),77.54,2086.97,Yes
8329-FRJLJ,Male,0,Yes,Yes,31,Yes,No,DSL,No,No,No,No,No,No,Two year,Yes,Credit card (automatic),68.09,2101.39,No
9022-NNWRD,Male,0,Yes,No,14,Yes,No,DSL,Yes,No,Yes,No,No,No,Month-to-month,No,Electronic check,86.33,1227.78,Yes
2698-JCSMB,Male,0,Yes,No,30,Yes,No,No,No internet service,No internet service,No internet service,No internet service,No internet service,No internet service,Month-to-month,Yes,Credit card (automatic),37.68,1134.67,No
4603-VXZYQ,Female,1,No,No,34,Yes,Yes,DSL,No,Yes,No,No,Yes,No,Two year,No,Credit card (automatic),84.67,2865.64,No
9343-YRKZK,Female,0,No,No,29,No,No phone service,Fiber optic,No,Yes,Yes,Yes,No,Yes,Month-to-month,No,Electronic check,97.12,2802.5,Yes
2497-CPACF,Male,0,Yes,Yes,18,Yes,No,Fiber optic,No,No,No,No,No,No,Month-to-month,Yes,Electronic check,83.96,1516.03,No
5767-MNNZF,Female,0,Yes,Yes,6,Yes,No,DSL,No,No,No,Yes,No,No,Month-to-month,Yes,Mailed check,75.65,448.31,No
5265-QGEBH,Male,0,Yes,Yes,45,Yes,No,No,No internet service,No internet service,No internet service,No internet service,No internet service,No internet service,Two year,Yes,Bank transfer (automatic),33.42,1495.01,No
3287-EGSVN,Male,0,Yes,Yes,4,Yes,No,No,No internet service,No internet service,No internet service,No internet service,No internet service,No internet service,Two year,Yes,Mailed check,41.67,156.44,No
1598-TDBPL,Female,1,Yes,Yes,63,Yes,Yes,Fiber optic,No,No,No,No,No,Yes,Two year,Yes,Credit card (automatic),99.06,6228.53,No
3806-ZCBQL,Female,0,Yes,No,5,Yes,Yes,No,No internet service,No internet service,No internet service,No internet service,No internet service,No internet service,Month-to-month,Yes,Electronic check,40.48,220.12,No
8213-ALDAM,Male,0,No,No,69,Yes,No,DSL,No,No,Yes,No,Yes,No,Month-to-month,Yes,Electronic check,74.45,5132.67,No
7612-DWNMY,Male,1,Yes,No,40,Yes,Yes,Fiber optic,No,No,Yes,Yes,Yes,No,Two year,Yes,Bank transfer (automatic),107.83,4324.84,No
3962-EUCWV,Male,0,No,No,31,Yes,No,Fiber optic,No,No,Yes,No,Yes,No,Two year,Yes,Mailed check,104.62,3254.64,No
9791-MQXDH,Female,1,No,No,61,Yes,No,Fiber optic,Yes,Yes,No,No,Yes,No,Month-to-month,No,Mailed check,111.39,6768.56,No
5246-RSYME,Female,0,Yes,No,31,Yes,Yes,No,No internet service,No internet service,No internet service,No internet service,No internet service,No internet service,One year,Yes,Credit card (automatic),41.6,,No
2708-VMRPV,Female,0,No,No,10,Yes,No,No,No internet service,No internet service,No internet service,No internet service,No internet service,No internet service,Month-to-month,No,Electronic check,37.11,363.76,No
2965-ETLVD,Female,0,No,No,37,Yes,Yes,DSL,No,Yes,No,Yes,Yes,Yes,Month-to-month,No,Mailed check,95.21,3529.09,No
3446-ZWBVB,Male,1,Yes,No,35,Yes,Yes,DSL,No,No,No,No,No,No,Month-to-month,Yes,Credit card (automatic),62.9,2207.41,Yes
2082-XDHDQ,Female,1,Yes,No,66,Yes,Yes,DSL,No,No,No,No,No,No,Two year,No,Credit card (automatic),63.11,4175.35,No
1514-GHRME,Male,0,No,No,37,Yes,Yes,Fiber optic,No,No,No,No,No,Yes,Two year,Yes,Mailed check,97.72,3615.07,No
5178-MJNHJ,Female,0,Yes,No,5,Yes,No,Fiber optic,No,No,No,No,No,No,Month-to-month,Yes,Mailed check,91.1,454.16,Yes
8049-GHDSS,Male,0,No,No,24,Yes,No,No,No internet service,No internet service,No internet service,No internet service,No internet service,No internet service,Month-to-month,Yes,Electronic check,41.98,1014.13,No
7102-ELHUJ,Female,0,No,No,22,Yes,Yes,No,No internet service,No internet service,No internet service,No internet service,No internet service,No internet service,Month-to-month,Yes,Electronic check,47.1,1063.16,Yes
4743-LUSVL,Female,0,Yes,Yes,16,Yes,No,Fiber optic,Yes,Yes,No,No,Yes,Yes,Month-to-month,Yes,Electronic check,114.45,1823.15,Yes
8375-WNSXW,Female,0,No,No,14,Yes,No,DSL,No,Yes,No,No,No,Yes,Month-to-month,Yes,Mailed check,76.92,1085.74,Yes
3487-TLDJZ,Female,0,No,No,5,Yes,No,Fiber optic,No,No,No,Yes,Yes,No,Month-to-month,No,Credit card (automatic),105.53,542.64,No
9620-UZPUD,Male,0,Yes,Yes,56,Yes,No,Fiber optic,Yes,No,No,No,No,No,Two year,No,Electronic check,97.98,5477.54,No
3688-EYQYK,Male,0,Yes,No,28,No,No phone service,DSL,Yes,Yes,Yes,No,No,Yes,Two year,Yes,Credit card (automatic),67.92,1916.7,No
4630-SPJHN,Male,0,Yes,Yes,27,Yes,No,Fiber optic,Yes,No,No,Yes,No,Yes,Two year,Yes,Mailed check,102.16,2744.68,No
1679-EBDEB,Female,0,No,No,31,Yes,No,No,No internet service,No internet service,No internet service,No internet service,No internet service,No internet service,One year,Yes,Electronic check,36.11,1139.77,No
1499-VEPCY,Male,0,No,No,70,No,No phone service,DSL,No,No,No,No,No,Yes,Two year,Yes,Electronic check,49.22,3417.79,No
3150-TRURN,Female,0,No,No,51,Yes,Yes,Fiber optic,No,No,No,No,No,No,Two year,Yes,Mailed check,89.46,4568.65,Yes
7948-VKYZT,Female,0,No,No,71,Yes,Yes,DSL,No,No,No,No,No,Yes,One year,Yes,Electronic check,70.47,5032.15,Yes
9359-CNRYC,Male,1,No,No,43,Yes,No,DSL,No,Yes,No,Yes,No,Yes,Month-to-month,Yes,Bank transfer (automatic),86.67,3712.24,No
8253-BJSGW,Female,0,Yes,Yes,64,Yes,No,DSL,No,Yes,No,No,No,Yes,Month-to-month,No,Electronic check,77.13,4947.73,No
9373-DGBTX,Male,0,No,No,67,Yes,Yes,No,No internet service,No internet service,No internet service,No internet service,No internet service,No internet service,Month-to-month,Yes,Bank transfer (automatic),39.38,2668.0,No
6414-DEAMT,Male,0,Yes,No,37,No,No phone service,Fiber optic,No,No,No,No,No,No,One year,No,Electronic check,71.85,2628.75,No
2350-WGNSN,Female,0,Yes,No,35,Yes,Yes,No,No internet service,No internet service,No internet service,No internet service,No internet service,No internet service,Month-to-month,Yes,Bank transfer (automatic),39.93,1402.18,No
5300-JLFHU,Male,0,Yes,No,67,Yes,No,No,No internet service,No internet service,No internet service,No internet service,No internet service,No internet service,Month-to-month,Yes,Mailed check,45.35,3023.83,No
8942-WHHBG,Male,0,Yes,Yes,52,Yes,Yes,Fiber optic,No,No,No,No,No,No,Two year,Yes,Credit card (automatic),93.96,4882.25,No
6269-GTBKG,Female,0,No,No,27,No,No phone service,Fiber optic,No,Yes,Yes,No,No,Yes,Month-to-month,No,Bank transfer (automatic),82.54,2212.21,Yes
5448-ALUWG,Female,0,Yes,No,23,Yes,No,Fiber optic,No,Yes,Yes,No,Yes,No,Month-to-month,No,Mailed check,106.82,2474.74,Yes
4858-SMPJW,Male,0,No,No,28,Yes,No,DSL,No,No,Yes,No,No,No,Two year,Yes,Credit card (automatic),62.94,1772.13,No
6682-ZUJHC,Female,0,Yes,No,18,Yes,Yes,DSL,No,No,No,No,No,No,Month-to-month,Yes,Credit card (automatic),66.99,1208.1,Yes
6601-TJAVF,Female,0,Yes,No,34,Yes,No,No,No internet service,No internet service,No internet service,No internet service,No internet service,No internet service,Month-to-month,No,Credit card (automatic),42.56,1447.6,No
6239-BBXSA,Male,0,No,Yes,49,Yes,No,Fiber optic,No,Yes,Yes,No,No,No,One year,Yes,Electronic check,109.41,5360.57,Yes
1905-MSLWR,Male,0,No,No,50,Yes,Yes,No,No internet service,No internet service,No internet service,No internet service,No internet service,No internet service,Two year,Yes,Bank transfer (automatic),35.99,1814.77,No
6527-GSWBT,Male,1,No,No,3,Yes,Yes,Fiber optic,No,Yes,Yes,No,Yes,Yes,Month-to-month,Yes,Bank transfer (automatic),110.03,354.97,Yes
8916-LUJEV,Female,0,Yes,No,4,Yes,No,DSL,No,No,No,No,Yes,Yes,Month-to-month,Yes,Credit card (automatic),82.26,343.62,Yes
3799-UHKSJ,Male,0,Yes,No,45,No,No phone service,DSL,No,Yes,Yes,No,Yes,No,Month-to-month,Yes,Bank transfer (automatic),67.6,3064.77,No
8269-AABGB,Male,0,No,No,39,Yes,Yes,DSL,No,No,Yes,No,Yes,Yes,Month-to-month,Yes,Electronic check,90.05,3497.77,No
4426-AUDZW,Male,1,Yes,No,4,Yes,No,DSL,No,Yes,No,No,Yes,Yes,Two year,No,Electronic check,82.15,328.89,No
7248-VUWPQ,Female,0,Yes,No,70,Yes,Yes,Fiber optic,No,No,No,No,Yes,No,Two year,No,Mailed check,92.83,6487.33,No
5220-QKCYS,Male,0,No,No,71,Yes,Yes,DSL,No,No,No,Yes,Yes,No,Two year,Yes,Mailed check,75.2,5355.14,Yes
7343-GUNBY,Female,0,No,No,4,Yes,No,No,No internet service,No internet service,No internet service,No internet service,No internet service,No internet service,Month-to-month,Yes,Mailed check,40.98,189.64,Yes
9925-WMFAT,Female,0,Yes,No,0,Yes,Yes,Fiber optic,No,No,No,No,No,No,Two year,Yes,Credit card (automatic),89.94, ,No
9017-CSAUA,Female,0,No,No,6,No,No phone service,DSL,Yes,Yes,Yes,Yes,No,No,One year,No,Credit card (automatic),66.72,393.64,No
9777-EKSWJ,Female,0,Yes,Yes,47,Yes,No,Fiber optic,No,Yes,No,Yes,Yes,No,Month-to-month,No,Bank transfer (automatic),104.9,4925.26,Yes
9822-AMZGN,Male,0,No,No,68,Yes,No,No,No internet service,No internet service,No internet service,No internet service,No internet service,No internet service,One year,No,Mailed check,31.54,2115.81,No
5000-KUNTN,Female,0,Yes,Yes,29,Yes,No,DSL,No,No,No,No,Yes,Yes,Month-to-month,Yes,Bank transfer (automatic),80.66,2346.4,No
9975-MVQVX,Male,0,No,No,60,Yes,No,No,No internet service,No internet service,No internet service,No internet service,No internet service,No internet service,One year,No,Credit card (automatic),46.22,2770.65,No
3038-HHMMA,Male,0,No,No,15,Yes,Yes,DSL,No,No,No,No,No,Yes,One year,No,Bank transfer (automatic),65.13,989.08,No
9057-WQHVG,Female,0,No,No,0,Yes,No,Fiber optic,No,No,Yes,No,Yes,No,Month-to-month,Yes,Bank transfer (automatic),100.05, ,Yes
3752-ZYQEC,Male,0,No,No,35,No,No phone service,Fiber optic,Yes,No,Yes,No,Yes,No,One year,No,Electronic check,84.59,2968.72,Yes
9677-GSJMZ,Male,0,No,No,32,Yes,Yes,No,No internet service,No internet service,No internet service,No internet service,No internet service,No internet service,Month-to-month,Yes,Mailed check,32.97,1060.06,No
6336-LKFPP,Female,0,No,No,72,Yes,Yes,DSL,Yes,No,No,No,Yes,No,Month-to-month,No,Bank transfer (automatic),73.89,5291.94,No
1854-KRBZW,Female,0,No,Yes,22,No,No phone service,No,No internet service,No internet service,No internet service,No internet service,No internet service,No internet service,Month-to-month,Yes,Credit card (automatic),18.3,385.26,No
6731-ANXAV,Male,0,Yes,No,31,Yes,No,Fiber optic,No,Yes,No,No,No,Yes,Two year,Yes,Bank transfer (automatic),99.33,3067.55,No
8553-BFTXU,Female,0,No,No,12,Yes,No,DSL,Yes,No,No,No,Yes,No,Month-to-month,Yes,Mailed check,74.97,908.06,No
5730-QNPUB,Male,0,Yes,Yes,29,Yes,Yes,DSL,Yes,No,Yes,No,No,Yes,Two year,Yes,Bank transfer (automatic),82.9,2411.87,No
2885-BVTBC,Female,0,No,No,3,Yes,No,DSL,No,No,Yes,Yes,No,No,Month-to-month,Yes,Mailed check,80.41,262.81,Yes
3383-FNMJD,Female,0,No,No,25,Yes,No,DSL,No,No,Yes,Yes,No,Yes,Month-to-month,Yes,Mailed check,84.58,2097.71,No
6843-URVXW,Male,0,No,No,18,Yes,Yes,No,No internet service,No internet service,No internet service,No internet service,No internet service,No internet service,Month-to-month,Yes,Mailed check,50.91,933.28,No
6863-BJLTW,Female,0,No,No,27,Yes,No,Fiber optic,Yes,No,Yes,No,Yes,No,Month-to-month,Yes,Credit card (automatic),103.02,2777.05,No
6762-JUSVQ,Female,0,No,No,47,Yes,No,DSL,Yes,No,No,Yes,No,No,Two year,Yes,Credit card (automatic),70.29,3312.63,No
6819-JKGGR,Female,0,No,No,57,Yes,Yes,DSL,Yes,Yes,No,Yes,Yes,No,Month-to-month,No,Electronic check,88.6,5075.9,No
4452-DAWLP,Male,0,No,No,22,Yes,No,Fiber optic,Yes,No,No,No,No,Yes,One year,Yes,Electronic check,97.71,2127.64,No
9142-CYSRL,Male,0,Yes,Yes,63,No,No phone service,Fiber optic,No,No,No,No,No,Yes,Two year,Yes,Mailed check,74.15,4684.2,No
7355-EHZGT,Male,0,No,No,22,Yes,No,No,No internet service,No internet service,No internet service,No internet service,No internet service,No internet service,Month-to-month,Yes,Credit card (automatic),42.67,933.62,No
9371-QHWVP,Female,0,No,No,5,Yes,No,DSL,Yes,No,No,Yes,No,No,Month-to-month,Yes,Electronic check,81.26,436.63,No
2034-LLEKD,Female,0,No,No,19,Yes,Yes,Fiber optic,No,Yes,No,No,No,Yes,Month-to-month,Yes,Mailed check,109.14,2092.62,Yes
7232-LTLTT,Male,0,Yes,Yes,17,Yes,Yes,DSL,Yes,No,No,No,No,No,One year,No,Electronic check,69.66,1222.13,No
2441-LTQFV,Male,0,Yes,Yes,7,Yes,Yes,DSL,No,No,Yes,No,No,Yes,Two year,No,Bank transfer (automatic),71.19,473.3,No
2798-ZSHEX,Male,1,No,No,48,Yes,Yes,No,No internet service,No internet service,No internet service,No internet service,No internet service,No internet service,One year,Yes,Electronic check,37.68,1789.45,No
5710-VVBSJ,Female,0,No,No,43,Yes,Yes,Fiber optic,No,No,No,No,No,Yes,Month-to-month,Yes,Mailed check,92.0,3928.79,No
9168-FARPP,Male,0,Yes,Yes,22,Yes,Yes,Fiber optic,No,Yes,No,No,No,No,One year,Yes,Electronic check,88.99,1962.31,Yes
3369-MZUZH,Female,0,No,No,53,Yes,Yes,DSL,No,No,Yes,No,No,No,One year,No,Mailed check,73.17,3912.61,No
8830-KYWDZ,Female,0,Yes,No,16,No,No phone service,DSL,Yes,No,No,No,No,No,Month-to-month,No,Bank transfer (automatic),46.87,739.53,No
6465-UPFZC,Male,0,No,No,71,Yes,Yes,DSL,No,Yes,No,Yes,Yes,No,Month-to-month,Yes,Electronic check,81.32,5763.13,No
8279-FULFF,Male,0,No,No,25,Yes,Yes,Fiber optic,Yes,Yes,Yes,No,No,Yes,Month-to-month,No,Bank transfer (automatic),115.82,2894.02,Yes
3875-XUSRL,Male,0,No,No,16,Yes,No,DSL,No,No,No,No,Yes,No,Two year,No,Electronic check,80.41,1276.36,No
9112-GYKJM,Female,1,No,No,54,Yes,Yes,Fiber optic,Yes,No,Yes,No,No,Yes,One year,Yes,Bank transfer (automatic),110.56,5966.95,Yes
7736-TUCDW,Male,0,No,No,11,Yes,No,DSL,Yes,No,No,No,No,Yes,Month-to-month,Yes,Electronic check,66.84,751.55,Yes
9826-DXGZZ,Female,1,Yes,No,70,Yes,Yes,No,No internet service,No internet service,No internet service,No internet service,No internet service,No internet service,Two year,Yes,Credit card (automatic),35.58,2499.49,No
6731-EUCJR,Female,0,No,No,51,Yes,No,Fiber optic,No,No,No,No,Yes,Yes,Two year,Yes,Bank transfer (automatic),108.39,5553.52,No
1608-KVCJA,Female,1,Yes,No,14,No,No phone service,Fiber optic,No,No,No,No,Yes,No,Month-to-month,No,Electronic check,79.79,1107.52,Yes
6923-BGNFF,Male,0,Yes,Yes,23,No,No phone service,Fiber optic,No,Yes,No,No,Yes,Yes,Month-to-month,Yes,Credit card (automatic),92.12,2129.93,No
8513-UBWMD,Male,0,Yes,Yes,70,Yes,No,DSL,No,Yes,Yes,No,Yes,No,Month-to-month,Yes,Electronic check,80.98,5670.77,No
9159-JHDXG,Male,0,No,No,37,Yes,No,Fiber optic,Yes,No,No,No,No,No,Two year,No,Electronic check,91.85,3386.29,Yes
6330-FXUNJ,Female,0,No,No,40,Yes,Yes,Fiber optic,No,Yes,Yes,No,Yes,Yes,Month-to-month,Yes,Electronic check,118.75,4757.05,Yes
6894-MYSAV,Male,0,No,No,51,Yes,No,No,No internet service,No internet service,No internet service,No internet service,No internet service,No internet service,Two year,Yes,Electronic check,48.75,2489.12,No
2735-HLFYZ,Male,0,No,No,18,Yes,Yes,No,No internet service,No internet service,No internet service,No internet service,No internet service,No internet service,Month-to-month,No,Credit card (automatic),37.52,686.85,No
2401-HJSQS,Male,0,No,No,30,Yes,Yes,Fiber optic,Yes,No,No,No,Yes,No,One year,No,Mailed check,99.11,2980.11,No
1279-NFFUD,Male,0,No,No,30,Yes,No,Fiber optic,Yes,Yes,No,No,Yes,Yes,Two year,No,Electronic check,111.17,3337.85,No
1283-MTNDU,Male,0,No,No,27,Yes,Yes,Fiber optic,No,Yes,Yes,No,No,Yes,Month-to-month,Yes,Mailed check,102.29,2768.06,No
4435-TEXGZ,Male,1,Yes,No,22,Yes,No,DSL,No,No,No,Yes,No,No,Two year,No,Bank transfer (automatic),76.5,1670.89,No
4394-TNBCK,Male,0,No,No,32,Yes,No,Fiber optic,Yes,No,No,No,No,Yes,Two year,Yes,Credit card (automatic),99.84,3187.85,No
2737-QDQEE,Female,0,Yes,Yes,57,Yes,Yes,Fiber optic,Yes,No,Yes,Yes,No,Yes,Month-to-month,Yes,Bank transfer (automatic),108.27,6155.67,Yes
4303-PKJJJ,Female,0,Yes,Yes,33,No,No phone service,DSL,No,Yes,No,Yes,Yes,Yes,Month-to-month,Yes,Electronic check,64.68,2114.65,Yes
4632-WPLTN,Female,1,Yes,Yes,6,Yes,No,No,No internet service,No internet service,No internet service,No internet service,No internet service,No internet service,Two year,Yes,Electronic check,42.06,243.03,No
9540-PFPUF,Male,0,Yes,No,0,Yes,No,Fiber optic,No,No,Yes,No,No,No,Two year,Yes,Credit card (automatic),93.69, ,No
2819-QXJNR,Female,0,No,No,1,Yes,No,Fiber optic,Yes,No,Yes,No,Yes,No,Month-to-month,Yes,Bank transfer (automatic),106.5,85.61,Yes
6971-DKZXU,Male,1,Yes,No,13,Yes,No,Fiber optic,No,No,Yes,Yes,Yes,No,Month-to-month,Yes,Electronic check,110.99,1458.7,Yes
1217-LBHWK,Male,0,No,No,55,Yes,Yes,Fiber optic,No,No,No,Yes,Yes,No,Month-to-month,Yes,Credit card (automatic),98.92,5440.54,No
2515-TURVS,Female,0,Yes,No,44,Yes,No,Fiber optic,No,No,No,No,No,Yes,Month-to-month,No,Electronic check,98.53,4357.47,Yes
6711-XHLPS,Male,0,No,Yes,25,Yes,Yes,DSL,No,No,Yes,No,No,Yes,One year,No,Mailed check,77.69,1944.21,No
5287-LDRCM,Female,0,Yes,Yes,1,Yes,No,No,No internet service,No internet service,No internet service,No internet service,No internet service,No internet service,One year,Yes,Electronic check,41.59,44.59,No
4680-UMANF,Male,1,No,No,23,Yes,Yes,Fiber optic,No,No,Yes,Yes,No,Yes,One year,No,Credit card (automatic),108.95,2480.64,No
4420-HDYGN,Male,1,Yes,No,20,Yes,No,Fiber optic,No,Yes,No,No,No,No,Two year,Yes,Electronic check,93.6,1860.0,No
8452-JYKYL,Female,0,No,No,36,Yes,No,Fiber optic,Yes,No,No,No,No,No,Month-to-month,Yes,Electronic check,96.85,3487.47,Yes
1129-WWZCW,Male,0,No,No,32,No,No phone service,No,No internet service,No internet service,No internet service,No internet service,No internet service,No internet service,Month-to-month,No,Credit card (automatic),18.25,583.25,No
4073-WZEJG,Female,0,No,No,12,Yes,No,DSL,No,No,No,No,No,No,Month-to-month,Yes,Mailed check,60.21,705.75,No
3741-QKRSE,Male,0,No,Yes,32,Yes,No,Fiber optic,No,No,Yes,No,Yes,No,One year,No,Bank transfer (automatic),97.37,3129.2,No
1395-TEEQG,Female,0,Yes,Yes,8,Yes,No,DSL,No,No,No,No,Yes,No,One year,No,Credit card (automatic),69.23,553.47,No
2707-HNWZT,Male,1,Yes,Yes,3,Yes,Yes,Fiber optic,No,No,No,No,No,No,Two year,No,Electronic check,91.63,262.79,No
9088-NKVHV,Male,0,Yes,No,67,Yes,No,Fiber optic,No,No,No,Yes,No,No,Month-to-month,No,Mailed check,99.42,6648.21,No
9982-KRUUE,Male,0,Yes,No,63,Yes,Yes,DSL,No,No,No,Yes,Yes,No,Two year,No,Electronic check,81.43,5131.52,No
9662-NBCTL,Male,0,Yes,No,72,Yes,No,Fiber optic,Yes,No,No,Yes,No,Yes,Month-to-month,Yes,Credit card (automatic),101.92,7334.2,No
1971-NQBJM,Female,0,No,No,6,Yes,No,Fiber optic,No,No,No,Yes,No,Yes,Month-to-month,Yes,Electronic check,98.15,583.31,Yes
8022-RCQXB,Female,0,No,No,49,Yes,Yes,Fiber optic,No,No,No,No,Yes,No,Two year,Yes,Mailed check,93.35,4562.94,No
9878-CQJTW,Female,0,No,No,63,Yes,No,No,No internet service,No internet service,No internet service,No internet service,No internet service,No internet service,Month-to-month,No,Bank transfer (automatic),41.31,2601.3,No
8665-WVHMT,Male,0,No,No,29,Yes,No,DSL,No,No,No,Yes,No,Yes,Two year,Yes,Credit card (automatic),68.84,2013.86,Yes
2515-PNZBC,Female,0,No,No,72,Yes,Yes,Fiber optic,No,No,Yes,No,Yes,No,Month-to-month,Yes,Mailed check,102.15,7351.64,No
1270-PPQFH,Male,1,Yes,No,70,No,No phone service,No,No internet service,No internet service,No internet service,No internet service,No internet service,No internet service,Month-to-month,Yes,Electronic check,19.5,1362.06,No
4751-BUBSL,Male,0,No,No,13,Yes,No,Fiber optic,Yes,No,No,No,No,No,Month-to-month,Yes,Mailed check,93.55,1189.38,Yes
9988-SMSCE,Male,0,Yes,No,63,Yes,No,Fiber optic,No,No,No,No,No,Yes,Two year,No,Electronic check,100.31,6283.48,No
5490-WVKGZ,Female,0,Yes,No,5,Yes,Yes,DSL,No,No,Yes,No,Yes,No,One year,Yes,Mailed check,77.16,390.27,No
6088-CFWXX,Male,0,No,No,11,Yes,Yes,DSL,No,Yes,No,Yes,No,Yes,Month-to-month,Yes,Mailed check,80.01,890.74,No
1062-VCVXJ,Female,0,Yes,Yes,8,Yes,No,Fiber optic,No,Yes,No,Yes,No,No,Two year,No,Mailed check,102.09,800.46,No
2742-TBPHL,Male,0,Yes,Yes,71,Yes,Yes,DSL,Yes,Yes,No,No,No,No,Month-to-month,Yes,Mailed check,80.51,5721.43,No
8429-ZKGWK,Male,0,Yes,No,62,Yes,Yes,Fiber optic,No,Yes,No,No,No,No,Month-to-month,Yes,Bank transfer (automatic),99.71,6184.47,No
2798-XZGDD,Female,1,No,No,20,Yes,Yes,DSL,No,No,No,No,No,No,Two year,No,Electronic check,57.21,1169.26,No
6387-HQUAW,Female,1,Yes,No,70,Yes,No,DSL,No,No,Yes,No,No,Yes,Month-to-month,Yes,Mailed check,80.1,5604.54,No
1262-CTQZP,Female,0,No,No,9,Yes,Yes,Fiber optic,No,Yes,Yes,Yes,No,No,Month-to-month,No,Electronic check,107.31,976.1,Yes
4753-SUSJZ,Female,1,Yes,No,43,Yes,No,Fiber optic,No,No,Yes,No,Yes,Yes,Two year,Yes,Bank transfer (automatic),108.04,4627.64,No
3714-JGHFP,Female,0,No,No,63,Yes,No,DSL,No,No,No,No,Yes,No,Month-to-month,No,Mailed check,67.96,4274.06,No
7558-LYMMB,Male,0,No,Yes,69,Yes,No,Fiber optic,Yes,Yes,No,Yes,Yes,No,Month-to-month,No,Electronic check,118.75,8182.2,No
9130-DDYNB,Male,0,Yes,No,16,No,No phone service,No,No internet service,No internet service,No internet service,No internet service,No internet service,No internet service,Month-to-month,No,Bank transfer (automatic),21.15,340.28,No
4975-QAUSA,Female,1,No,No,56,Yes,No,Fiber optic,No,No,Yes,No,No,Yes,Month-to-month,No,Electronic check,104.95,5879.68,No
6565-FTKEN,Female,0,Yes,No,50,No,No phone service,Fiber optic,No,No,Yes,Yes,Yes,No,Two year,Yes,Mailed check,84.16,4201.7,No
4986-JXRMF,Female,0,Yes,No,41,Yes,No,DSL,No,No,No,No,No,Yes,Two year,Yes,Mailed check,71.77,2966.37,No
6117-AXASJ,Male,0,Yes,No,58,Yes,Yes,DSL,No,No,No,No,No,No,One year,Yes,Credit card (automatic),71.27,4113.0,No
7471-JAYUB,Female,0,Yes,No,66,Yes,Yes,Fiber optic,No,No,No,No,No,No,Month-to-month,No,Bank transfer (automatic),87.95,5803.34,No
1295-NYPAS,Male,0,No,No,10,Yes,No,Fiber optic,No,No,Yes,Yes,No,No,Month-to-month,No,Bank transfer (automatic),97.88,986.56,Yes
4849-RJAAR,Female,0,No,No,34,Yes,No,Fiber optic,No,Yes,Yes,No,No,Yes,Month-to-month,Yes,Electronic check,108.88,3714.09,No
6715-HBUDE,Male,1,No,No,15,Yes,Yes,DSL,No,No,Yes,No,No,No,Two year,No,Electronic check,73.96,1109.94,No
5070-TZRZR,Male,0,Yes,No,30,Yes,No,Fiber optic,No,No,Yes,No,Yes,No,One year,Yes,Electronic check,95.05,2863.11,No
8630-EBSZT,Male,0,No,No,27,Yes,No,No,No internet service,No internet service,No internet service,No internet service,No internet service,No internet service,Month-to-month,Yes,Mailed check,34.34,924.73,No
4088-MCJSD,Female,0,No,Yes,52,Yes,No,No,No internet service,No internet service,No internet service,No internet service,No internet service,No internet service,Month-to-month,No,Electronic check,39.22,2041.74,No
5334-GMUXK,Female,0,Yes,No,44,Yes,No,DSL,Yes,No,No,No,No,No,Month-to-month,No,Electronic check,70.52,3109.15,No
8443-SYTPS,Female,0,No,No,54,Yes,No,Fiber optic,No,Yes,No,No,No,Yes,Two year,Yes,Mailed check,103.89,5606.72,No
3858-STQCN,Female,0,No,No,51,No,No phone service,Fiber optic,No,No,No,Yes,No,No,One year,No,Bank transfer (automatic),72.89,3721.3,No
7397-EUWNZ,Female,0,No,No,25,Yes,No,Fiber optic,Yes,No,Yes,No,Yes,Yes,Month-to-month,Yes,Mailed check,118.14,2940.61,Yes
8719-MXYCZ,Male,0,No,No,46,Yes,No,Fiber optic,No,No,Yes,No,Yes,No,One year,Yes,Electronic check,109.44,5027.45,No
1044-MYTGR,Male,1,Yes,Yes,34,No,No phone service,Fiber optic,Yes,Yes,No,No,Yes,No,Month-to-month,No,Mailed check,91.76,3112.29,No
2931-FXBZL,Female,0,No,No,39,Yes,Yes,No,No internet service,No internet service,No internet service,No internet service,No internet service,No internet service,One year,Yes,Mailed check,43.65,1690.43,No
1582-UBHFU,Female,0,No,No,15,Yes,No,Fiber optic,No,Yes,No,No,No,Yes,Month-to-month,Yes,Credit card (automatic),97.19,1459.51,No
4569-RBSTG,Male,0,No,No,20,Yes,No,Fiber optic,Yes,Yes,Yes,No,Yes,Yes,Month-to-month,Yes,Electronic check,113.46,2270.25,Yes
8930-MSEYF,Female,0,Yes,No,8,Yes,No,No,No internet service,No internet service,No internet service,No internet service,No internet service,No internet service,Month-to-month,Yes,Bank transfer (automatic),38.86,299.23,No
6634-CBDYF,Male,0,Yes,No,11,Yes,Yes,Fiber optic,No,No,No,No,No,Yes,One year,Yes,Bank transfer (automatic),98.01,1076.24,No
8915-PCLMG,Male,0,Yes,Yes,25,Yes,No,DSL,No,No,Yes,No,Yes,Yes,Two year,No,Credit card (automatic),89.83,2226.67,No
6436-WXNXY,Female,0,Yes,Yes,13,Yes,Yes,DSL,No,No,Yes,No,No,No,Month-to-month,No,Credit card (automatic),75.75,965.48,Yes
1792-RUAQX,Male,0,No,No,35,Yes,Yes,Fiber optic,Yes,Yes,No,Yes,Yes,Yes,Month-to-month,Yes,Mailed check,118.28,4171.45,Yes
3413-WYRRN,Female,0,No,No,52,Yes,No,Fiber optic,No,No,No,No,No,No,Two year,No,Bank transfer (automatic),87.41,4534.28,No
4680-LNMVU,Male,0,No,No,11,Yes,Yes,No,No internet service,No internet service,No internet service,No internet service,No internet service,No internet service,Two year,No,Mailed check,40.28,438.85,No
4127-NFEJB,Female,0,Yes,No,15,Yes,No,DSL,No,No,No,No,No,No,Month-to-month,Yes,Credit card (automatic),68.43,1042.01,No
8690-DHGEJ,Male,0,No,No,11,Yes,Yes,DSL,No,No,Yes,Yes,No,Yes,One year,Yes,Bank transfer (automatic),80.83,892.69,No
7472-XEFMH,Male,0,No,No,59,Yes,Yes,Fiber optic,No,Yes,No,No,Yes,No,Month-to-month,Yes,Electronic check,97.66,5753.51,No
8199-FKPKQ,Female,0,No,No,9,No,No phone service,No,No internet service,No internet service,No internet service,No internet service,No internet service,No internet service,One year,Yes,Electronic check,24.48,223.55,No
8194-NLYZZ,Female,0,Yes,No,67,Yes,No,No,No internet service,No internet service,No internet service,No internet service,No internet service,No internet service,One year,Yes,Credit card (automatic),45.8,3081.0,No
1147-WXVTJ,Female,0,No,No,63,No,No phone service,Fiber optic,No,No,No,No,No,Yes,One year,No,Mailed check,72.85,4569.89,No
7533-PVJTU,Male,0,No,No,28,Yes,Yes,No,No internet service,No internet service,No internet service,No internet service,No internet service,No internet service,Month-to-month,Yes,Bank transfer (automatic),46.88,1306.37,No
8503-EWFYA,Male,0,No,No,50,No,No phone service,DSL,Yes,No,No,Yes,Yes,No,Month-to-month,No,Credit card (automatic),61.45,,No
3012-QPSKA,Male,0,Yes,Yes,13,Yes,No,Fiber optic,Yes,No,No,No,No,No,Month-to-month,Yes,Electronic check,93.95,1260.64,Yes
6558-NNKXV,Female,1,Yes,Yes,10,Yes,No,DSL,No,Yes,No,No,Yes,No,Month-to-month,Yes,Electronic check,74.07,727.03,No
2630-AEBTQ,Male,0,No,No,48,Yes,No,DSL,Yes,No,No,No,No,No,Two year,No,Credit card (automatic),75.36,3624.88,No
5166-QVVLQ,Female,0,No,No,48,Yes,Yes,Fiber optic,No,No,No,Yes,No,No,Month-to-month,No,Bank transfer (automatic),95.9,4623.47,No
6191-YUHXK,Male,0,No,No,22,Yes,No,DSL,No,No,Yes,Yes,No,No,Month-to-month,Yes,Bank transfer (automatic),79.31,1750.67,No
7818-ZVCEV,Female,0,Yes,No,35,Yes,Yes,Fiber optic,Yes,No,Yes,No,No,No,One year,No,Mailed check,97.43,3411.85,No
2110-AGMDD,Male,1,Yes,Yes,38,Yes,Yes,Fiber optic,No,No,Yes,Yes,Yes,No,Month-to-month,No,Electronic check,103.24,3947.16,Yes
4049-QPVZA,Male,1,No,No,41,Yes,No,Fiber optic,No,Yes,Yes,Yes,Yes,No,Month-to-month,No,Electronic check,111.89,4571.42,Yes
7193-DJJSG,Male,0,No,No,20,Yes,No,Fiber optic,Yes,No,Yes,No,Yes,No,Month-to-month,No,Electronic check,101.33,2020.52,Yes
9050-KVYNC,Male,0,No,No,60,No,No phone service,DSL,Yes,No,No,No,No,No,Two year,Yes,Electronic check,52.55,3141.36,No
7311-LJLHG,Female,1,No,No,44,Yes,Yes,No,No internet service,No internet service,No internet service,No internet service,No internet service,No internet service,Two year,Yes,Credit card (automatic),37.91,1662.22,No
9905-GMTFQ,Female,0,No,Yes,34,Yes,No,No,No internet service,No internet service,No internet service,No internet service,No internet service,No internet service,Month-to-month,No,Credit card (automatic),42.21,1436.11,No
9058-VAKAQ,Male,1,No,No,37,Yes,Yes,Fiber optic,No,No,No,No,Yes,Yes,Month-to-month,No,Bank transfer (automatic),101.03,3744.68,Yes
3926-XEWJY,Male,0,Yes,No,21,Yes,Yes,Fiber optic,No,No,No,Yes,Yes,No,One year,No,Electronic check,100.68,2134.41,No
2796-GJZTV,Male,0,No,No,24,Yes,No,Fiber optic,No,No,Yes,No,Yes,Yes,One year,Yes,Mailed check,112.77,2688.58,No
5975-VRSWZ,Male,0,Yes,No,56,Yes,No,Fiber optic,No,Yes,No,No,No,No,Month-to-month,Yes,Electronic check,83.54,4686.22,Yes
6181-LRTZS,Female,0,No,No,9,Yes,Yes,No,No internet service,No internet service,No internet service,No internet service,No internet service,No internet service,Month-to-month,No,Electronic check,35.52,321.62,No
9590-TYUXE,Female,0,No,No,11,Yes,No,Fiber optic,No,No,No,Yes,No,No,Month-to-month,No,Electronic check,96.02,1039.7,Yes
9931-JVKLT,Female,0,Yes,Yes,12,No,No phone service,DSL,Yes,No,No,Yes,No,Yes,Month-to-month,Yes,Bank transfer (automatic),63.22,735.39,No
5864-TBWKU,Female,1,Yes,No,67,No,No phone service,DSL,Yes,No,No,Yes,Yes,Yes,Month-to-month,Yes,Mailed check,70.58,4757.24,No
3569-QQDMR,Male,0,Yes,No,59,Yes,No,Fiber optic,Yes,No,No,No,Yes,No,Month-to-month,No,Bank transfer (automatic),112.11,6627.46,Yes
8524-XKREX,Male,0,No,No,68,Yes,No,Fiber optic,Yes,No,No,No,No,Yes,Month-to-month,No,Bank transfer (automatic),105.08,7152.45,No
8811-ZMJUT,Male,0,Yes,No,22,Yes,No,Fiber optic,Yes,Yes,No,No,No,No,Month-to-month,Yes,Mailed check,102.12,2241.86,Yes
2908-NRLJF,Female,0,No,No,25,Yes,No,No,No internet service,No internet service,No internet service,No internet service,No internet service,No internet service,Month-to-month,Yes,Electronic check,43.35,1092.93,No
4703-FHEKR,Male,0,Yes,No,20,Yes,No,Fiber optic,Yes,No,Yes,Yes,No,No,Month-to-month,Yes,Credit card (automatic),107.0,2148.81,No
4398-DVLQN,Male,0,No,No,56,Yes,No,Fiber optic,Yes,No,Yes,No,No,Yes,Month-to-month,Yes,Bank transfer (automatic),107.11,5995.35,No
5556-LUWXL,Female,0,No,Yes,55,Yes,Yes,Fiber optic,Yes,No,Yes,No,Yes,Yes,Month-to-month,No,Electronic check,116.61,6446.45,No
4067-BLZGW,Male,1,No,No,67,Yes,Yes,DSL,No,Yes,No,No,Yes,Yes,Month-to-month,Yes,Bank transfer (automatic),84.97,5700.43,No
7808-RPUCD,Male,1,Yes,Yes,20,Yes,Yes,No,No internet service,No internet service,No internet service,No internet service,No internet service,No internet service,One year,Yes,Mailed check,38.09,741.84,No
2761-ULEBM,Female,0,Yes,No,67,Yes,Yes,DSL,No,No,No,No,No,No,Two year,No,Credit card (automatic),68.03,4570.22,No
4587-EAUUF,Male,0,Yes,Yes,69,Yes,No,No,No internet service,No internet service,No internet service,No internet service,No internet service,No internet service,Two year,No,Bank transfer (automatic),40.56,2785.18,No
5442-GKCYT,Male,0,Yes,No,8,Yes,No,DSL,Yes,No,No,No,No,No,Two year,No,Electronic check,71.44,563.64,Yes
9108-HWNEH,Female,0,Yes,No,25,Yes,No,Fiber optic,No,No,Yes,No,No,No,Month-to-month,Yes,Bank transfer (automatic),95.82,2420.38,No
8302-UTFRY,Male,0,No,No,12,Yes,Yes,Fiber optic,No,No,No,No,Yes,Yes,Two year,Yes,Mailed check,101.88,1212.18,No
1438-HBCZF,Female,0,No,No,71,Yes,No,Fiber optic,No,No,No,No,No,No,Two year,Yes,Bank transfer (automatic),90.86,6439.98,No
2614-BZMUG,Female,1,Yes,No,35,Yes,Yes,No,No internet service,No internet service,No internet service,No internet service,No internet service,No internet service,Month-to-month,Yes,Mailed check,45.07,1584.01,No
6767-XSNFF,Male,0,No,Yes,0,Yes,No,DSL,Yes,No,No,No,No,Yes,Month-to-month,Yes,Electronic check,71.21, ,Yes
6371-LBELE,Female,0,Yes,Yes,40,Yes,No,DSL,No,No,No,Yes,No,No,Month-to-month,No,Electronic check,70.31,2799.88,Yes
5984-HGCNE,Male,0,No,Yes,13,Yes,Yes,DSL,Yes,No,Yes,No,No,No,Two year,No,Credit card (automatic),78.79,1039.26,Yes
6672-YXSVY,Female,0,No,No,25,Yes,No,DSL,Yes,No,No,No,No,No,Month-to-month,Yes,Electronic check,74.77,1880.54,No
7135-GNWSJ,Male,0,No,No,41,No,No phone service,No,No internet service,No internet service,No internet service,No internet service,No internet service,No internet service,Month-to-month,Yes,Bank transfer (automatic),19.91,802.03,No
2515-DKVPB,Female,0,Yes,No,5,Yes,No,DSL,No,Yes,No,No,No,No,Two year,No,Credit card (automatic),70.78,359.99,No
9265-KKVKQ,Male,1,No,No,66,Yes,Yes,No,No internet service,No internet service,No internet service,No internet service,No internet service,No internet service,Two year,No,Credit card (automatic),42.95,2832.41,No
9289-NQJXB,Female,0,Yes,Yes,31,Yes,No,Fiber optic,Yes,No,Yes,Yes,Yes,No,One year,Yes,Credit card (automatic),118.44,3681.83,No
3486-ZMEKG,Male,0,No,No,47,Yes,No,DSL,No,No,Yes,No,No,No,Month-to-month,No,Credit card (automatic),64.88,3038.72,No
5727-FKXBU,Female,0,Yes,Yes,20,Yes,Yes,DSL,No,No,No,Yes,Yes,No,Month-to-month,Yes,Mailed check,76.46,1524.75,No
1703-LSYGB,Female,0,Yes,No,56,Yes,Yes,No,No internet service,No internet service,No internet service,No internet service,No internet service,No internet service,Two year,Yes,Electronic check,42.69,2386.72,No
7756-XPBNK,Female,0,No,No,32,Yes,Yes,Fiber optic,No,No,No,No,No,No,Two year,Yes,Electronic check,87.91,2829.04,No
5062-BHZBX,Female,1,No,No,37,Yes,No,Fiber optic,Yes,No,Yes,No,Yes,No,Month-to-month,Yes,Electronic check,110.81,4104.56,Yes
5657-QYFZG,Female,0,No,No,19,Yes,No,No,No internet service,No internet service,No internet service,No internet service,No internet service,No internet service,One year,Yes,Electronic check,35.95,690.21,No
4141-LQHVA,Female,1,No,No,13,Yes,No,DSL,No,No,No,No,Yes,Yes,Month-to-month,No,Mailed check,80.54,1061.22,Yes
6998-RNQTX,Male,0,Yes,Yes,31,Yes,Yes,Fiber optic,No,No,Yes,No,Yes,No,Month-to-month,Yes,Bank transfer (automatic),94.02,2915.48,No
2965-MPJZN,Female,1,Yes,Yes,23,Yes,Yes,DSL,No,No,No,Yes,Yes,No,Month-to-month,Yes,Credit card (automatic),77.87,1791.02,No
6333-EKRLU,Female,0,No,No,42,No,No phone service,No,No internet service,No internet service,No internet service,No internet service,No internet service,No internet service,Two year,Yes,Mailed check,23.11,979.36,No
2230-DJHVW,Female,0,Yes,No,43,Yes,Yes,Fiber optic,No,Yes,No,No,Yes,Yes,Month-to-month,No,Credit card (automatic),104.97,4508.25,No
5247-NHNST,Male,0,No,Yes,26,Yes,No,DSL,No,No,No,No,No,Yes,Month-to-month,No,Credit card (automatic),71.91,1897.12,No
9719-PJBSV,Male,0,Yes,No,9,No,No phone service,DSL,No,Yes,No,Yes,No,Yes,Month-to-month,Yes,Bank transfer (automatic),66.0,592.66,No
5971-YHBRC,Male,0,Yes,Yes,15,Yes,No,Fiber optic,No,Yes,No,Yes,Yes,No,Two year,Yes,Electronic check,106.57,1601.53,No
1756-SLQTK,Female,0,Yes,Yes,19,Yes,Yes,No,No internet service,No internet service,No internet service,No internet service,No internet service,No internet service,Two year,No,Bank transfer (automatic),38.78,725.66,No
6499-NPSKN,Male,0,No,No,28,Yes,No,DSL,No,No,No,Yes,Yes,No,Two year,No,Bank transfer (automatic),81.15,2263.66,Yes
6319-DFCEL,Male,0,Yes,No,54,Yes,No,No,No internet service,No internet service,No internet service,No internet service,No internet service,No internet service,Month-to-month,Yes,Credit card (automatic),47.38,2555.82,No
9437-YUPEJ,Male,0,Yes,No,19,Yes,Yes,DSL,No,No,Yes,No,No,Yes,One year,Yes,Bank transfer (automatic),72.0,1370.0,No
7895-XZKMN,Male,0,Yes,No,53,Yes,No,No,No internet service,No internet service,No internet service,No internet service,No internet service,No internet service,One year,Yes,Credit card (automatic),36.51,1909.43,No
1506-CBTFS,Female,0,Yes,Yes,4,Yes,Yes,DSL,No,No,Yes,No,Yes,No,Month-to-month,Yes,Electronic check,85.11,357.98,Yes
4377-VCHEL,Male,0,Yes,No,47,Yes,No,DSL,No,No,No,Yes,No,Yes,Month-to-month,Yes,Electronic check,72.93,3433.68,No
6057-ESZBC,Male,1,No,No,46,Yes,No,DSL,No,Yes,No,No,No,No,Month-to-month,Yes,Bank transfer (automatic),66.95,3077.57,No
9568-RYSTD,Female,0,No,Yes,57,Yes,No,DSL,Yes,No,No,No,No,No,Month-to-month,Yes,Credit card (automatic),65.04,3691.54,Yes
5605-JWBAP,Female,1,Yes,Yes,46,Yes,No,No,No internet service,No internet service,No internet service,No internet service,No internet service,No internet service,Month-to-month,No,Electronic check,42.24,1921.61,No
9733-ZQLGZ,Female,1,Yes,Yes,23,Yes,Yes,Fiber optic,Yes,No,No,No,No,No,Month-to-month,Yes,Electronic check,95.96,2227.31,No
2648-DNKMX,Male,0,Yes,No,23,Yes,No,No,No internet service,No internet service,No internet service,No internet service,No internet service,No internet service,One year,No,Bank transfer (automatic),46.64,1064.26,No
3428-XFHAS,Male,0,Yes,No,59,Yes,No,DSL,No,Yes,No,No,No,No,One year,No,Bank transfer (automatic),74.24,4390.07,No
8725-XEUDR,Female,0,Yes,No,70,Yes,Yes,DSL,No,No,Yes,No,Yes,Yes,Two year,No,Mailed check,87.67,6141.57,No
7320-DCBTQ,Male,1,No,No,37,Yes,Yes,DSL,No,No,No,No,No,No,Month-to-month,No,Electronic check,64.95,2400.93,Yes
2074-NVFQH,Female,0,Yes,No,57,Yes,Yes,No,No internet service,No internet service,No internet service,No internet service,No internet service,No internet service,Month-to-month,No,Mailed check,39.17,2223.93,No
3348-KJMEK,Female,0,Yes,No,71,Yes,No,DSL,No,No,No,No,No,No,Month-to-month,No,Electronic check,63.85,4541.89,No
6600-KRCDW,Male,0,No,Yes,65,Yes,No,Fiber optic,No,Yes,Yes,Yes,No,No,One year,Yes,Electronic check,111.06,,No
5155-QTDZL,Male,0,Yes,Yes,2,No,No phone service,Fiber optic,Yes,Yes,Yes,Yes,No,No,Month-to-month,No,Mailed check,99.71,210.41,No
9006-LKQEQ,Male,0,No,No,34,Yes,Yes,Fiber optic,No,Yes,Yes,No,Yes,No,Two year,No,Electronic check,110.92,3792.91,No
9848-RBSAC,Male,0,No,No,43,Yes,No,Fiber optic,No,No,No,Yes,Yes,Yes,Month-to-month,Yes,Bank transfer (automatic),108.81,4658.02,No
3560-HAAUL,Male,1,Yes,No,38,Yes,No,DSL,No,No,No,Yes,No,No,One year,Yes,Bank transfer (automatic),70.64,2689.66,No
2798-LSTGE,Female,0,No,No,42,Yes,Yes,No,No internet service,No internet service,No internet service,No internet service,No internet service,No internet service,Month-to-month,No,Credit card (automatic),34.31,1424.23,No
9633-RZHCK,Female,0,Yes,Yes,50,Yes,No,DSL,No,Yes,No,Yes,No,Yes,Month-to-month,Yes,Credit card (automatic),80.77,4045.2,No
3950-TTBQJ,Female,0,Yes,Yes,16,Yes,Yes,DSL,No,Yes,No,No,Yes,No,Two year,No,Electronic check,74.04,1189.26,No
6533-KNTHE,Female,0,No,No,42,Yes,No,No,No internet service,No internet service,No internet service,No internet service,No internet service,No internet service,Month-to-month,No,Electronic check,39.55,1661.91,Yes
7353-YLZEV,Male,0,No,No,48,Yes,Yes,No,No internet service,No internet service,No internet service,No internet service,No internet service,No internet service,Month-to-month,Yes,Mailed check,39.06,1854.19,No
9892-HDRWB,Female,0,Yes,Yes,48,Yes,No,DSL,No,No,No,Yes,No,Yes,One year,Yes,Bank transfer (automatic),83.97,4056.31,No
6765-WANBE,Male,1,Yes,No,42,Yes,No,Fiber optic,No,No,Yes,No,No,Yes,Month-to-month,No,Electronic check,101.62,4273.73,Yes
5376-HCVEW,Female,0,No,No,31,Yes,No,DSL,No,No,No,No,Yes,No,One year,Yes,Credit card (automatic),75.05,2307.55,No
2590-NTMLU,Female,0,No,No,26,Yes,No,DSL,No,No,Yes,Yes,No,Yes,One year,Yes,Bank transfer (automatic),91.49,2362.96,No
1105-VSULK,Female,0,No,No,9,Yes,No,DSL,No,Yes,No,No,No,No,Two year,No,Credit card (automatic),73.65,663.27,No
6146-RYWBD,Male,0,No,No,55,No,No phone service,No,No internet service,No internet service,No internet service,No internet service,No internet service,No internet service,Two year,Yes,Bank transfer (automatic),19.97,1131.73,No
9518-KPBCK,Male,0,No,No,59,No,No phone service,No,No internet service,No internet service,No internet service,No internet service,No internet service,No internet service,Month-to-month,Yes,Credit card (automatic),18.77,1124.5,No
7455-UXEEP,Female,0,No,No,71,Yes,Yes,No,No internet service,No internet service,No internet service,No internet service,No internet service,No internet service,One year,No,Credit card (automatic),45.46,3237.17,No
5921-ALXDV,Female,0,Yes,Yes,28,Yes,Yes,No,No internet service,No internet service,No internet service,No internet service,No internet service,No internet service,One year,No,Mailed check,46.66,1302.5,No
5024-NRSRC,Female,0,Yes,Yes,15,No,No phone service,Fiber optic,Yes,Yes,No,No,Yes,No,Month-to-month,No,Bank transfer (automatic),95.54,1435.62,No
3657-WATNC,Male,0,No,No,44,No,No phone service,Fiber optic,No,No,Yes,No,No,Yes,One year,Yes,Credit card (automatic),78.84,3451.07,No
2104-ZAAAR,Female,0,No,No,43,Yes,Yes,DSL,No,Yes,No,Yes,No,Yes,Month-to-month,Yes,Credit card (automatic),83.83,3591.34,Yes
9336-EVTFB,Female,0,No,No,26,Yes,No,Fiber optic,No,No,No,No,Yes,No,One year,Yes,Credit card (automatic),100.3,2615.2,Yes
5390-BCMVZ,Male,0,No,No,25,Yes,No,Fiber optic,Yes,No,No,No,No,No,Month-to-month,No,Bank transfer (automatic),106.15,2648.6,Yes
6649-GHQEN,Female,0,No,No,35,Yes,Yes,Fiber optic,No,No,No,No,Yes,Yes,Month-to-month,No,Bank transfer (automatic),106.59,3711.88,No
7919-WBGGP,Male,0,Yes,Yes,30,Yes,No,Fiber optic,No,No,No,No,No,Yes,Month-to-month,No,Mailed check,89.6,2685.25,No
2667-YYHKL,Female,0,No,No,46,Yes,No,Fiber optic,Yes,No,Yes,Yes,No,No,Month-to-month,No,Electronic check,111.6,5127.73,Yes
1383-XUHPK,Male,0,No,No,52,Yes,No,Fiber optic,Yes,No,No,Yes,No,No,Two year,Yes,Mailed check,102.02,5304.87,No
3053-HCVRY,Male,0,No,No,42,Yes,No,DSL,No,No,Yes,No,Yes,Yes,One year,Yes,Electronic check,85.64,3603.35,No
1059-RPQZK,Male,0,No,No,50,Yes,No,DSL,No,No,No,No,Yes,No,Month-to-month,No,Electronic check,62.12,3127.03,No
2269-AMEDD,Female,0,No,No,10,Yes,No,DSL,Yes,No,No,Yes,No,Yes,Month-to-month,No,Electronic check,83.76,831.65,Yes
3492-CMRGD,Male,0,Yes,Yes,22,Yes,Yes,DSL,No,Yes,No,Yes,Yes,No,Two year,No,Mailed check,77.73,1717.65,No
6151-CTKKF,Male,0,No,No,17,Yes,Yes,Fiber optic,No,No,No,No,No,Yes,One year,No,Electronic check,92.95,1601.6,No
3545-DPDSG,Male,0,No,No,58,Yes,No,DSL,Yes,Yes,No,No,Yes,No,Month-to-month,No,Credit card (automatic),78.88,4587.52,No
6088-NRUPW,Female,0,No,No,12,Yes,Yes,DSL,No,No,No,No,No,Yes,Month-to-month,No,Credit card (automatic),66.44,802.77,No
3330-UJRMX,Male,0,No,No,63,Yes,No,Fiber optic,Yes,No,No,No,No,Yes,Month-to-month,No,Bank transfer (automatic),100.39,6333.26,No
3440-NDRAK,Male,0,Yes,No,42,Yes,No,DSL,No,No,No,No,No,No,Month-to-month,Yes,Mailed check,62.92,2655.3,No
1089-HMHKD,Female,0,Yes,Yes,12,Yes,Yes,Fiber optic,No,Yes,No,No,No,No,Month-to-month,No,Credit card (automatic),98.32,1193.78,No
7430-VLBBS,Male,0,Yes,No,28,Yes,Yes,Fiber optic,No,Yes,No,No,No,Yes,One year,Yes,Electronic check,99.55,2748.28,No
9359-WKMDB,Male,0,Yes,No,4,Yes,Yes,DSL,No,Yes,No,Yes,Yes,No,Month-to-month,Yes,Bank transfer (automatic),72.73,270.69,No
7891-LMJHZ,Female,1,Yes,No,17,Yes,No,DSL,No,Yes,No,No,No,No,Month-to-month,Yes,Credit card (automatic),72.14,1221.6,No
8345-SKTJN,Male,0,Yes,Yes,43,Yes,No,DSL,No,Yes,No,No,No,Yes,Two year,No,Bank transfer (automatic),75.03,3239.66,No
2305-TBTQB,Male,0,Yes,Yes,3,Yes,No,DSL,Yes,No,No,Yes,Yes,Yes,Month-to-month,No,Credit card (automatic),81.86,244.98,No
5554-FMATN,Male,0,Yes,No,38,Yes,Yes,DSL,No,Yes,No,No,Yes,Yes,Month-to-month,Yes,Electronic check,80.91,3073.29,No
4260-XRQDN,Male,0,No,No,56,Yes,No,DSL,Yes,No,Yes,No,Yes,Yes,Month-to-month,Yes,Credit card (automatic),95.27,5341.49,Yes
7304-YQESB,Female,0,No,No,17,Yes,Yes,DSL,Yes,No,No,No,No,No,Month-to-month,No,Electronic check,77.75,1323.72,No
3816-YVXJS,Female,0,Yes,No,3,Yes,Yes,Fiber optic,Yes,No,No,No,Yes,Yes,One year,No,Mailed check,107.68,340.7,Yes
7299-FYZCU,Male,0,No,Yes,45,Yes,Yes,DSL,No,No,No,No,Yes,Yes,One year,Yes,Electronic check,77.26,3486.59,No
5028-SPFCN,Female,0,Yes,Yes,27,Yes,No,DSL,No,No,No,No,Yes,Yes,Month-to-month,Yes,Mailed check,87.14,2372.14,Yes
8534-VGWJP,Female,0,No,No,29,Yes,No,Fiber optic,No,No,Yes,No,Yes,No,Month-to-month,Yes,Bank transfer (automatic),107.38,3083.66,No
3919-NNSMN,Male,0,No,No,33,Yes,Yes,DSL,No,No,No,No,No,No,Month-to-month,No,Bank transfer (automatic),65.22,2166.19,No
6861-LNCWD,Male,0,No,No,42,Yes,No,Fiber optic,Yes,Yes,Yes,No,No,No,Two year,Yes,Mailed check,101.54,4256.35,No
8855-UYAFB,Female,0,No,No,33,Yes,Yes,No,No internet service,No internet service,No internet service,No internet service,No internet service,No internet service,Month-to-month,No,Credit card (automatic),48.85,1610.68,No
4757-XUSWA,Female,0,Yes,Yes,22,Yes,Yes,DSL,Yes,Yes,Yes,Yes,No,Yes,One year,Yes,Mailed check,104.42,2269.06,No
8088-HSUSL,Male,0,No,No,10,No,No phone service,No,No internet service,No internet service,No internet service,No internet service,No internet service,No internet service,Two year,Yes,Electronic check,18.46,170.63,No
6503-MRMKE,Female,1,No,No,71,Yes,No,DSL,No,No,No,No,Yes,No,Month-to-month,Yes,Electronic check,73.82,5239.14,No
4486-TWCEN,Female,0,No,No,51,Yes,No,Fiber optic,Yes,No,No,No,Yes,No,One year,Yes,Credit card (automatic),110.17,5627.76,No
7322-EHBBD,Female,0,Yes,No,48,No,No phone service,DSL,No,Yes,No,No,Yes,Yes,One year,Yes,Credit card (automatic),64.65,3117.8,No
7561-WMEYG,Male,0,No,No,16,Yes,No,Fiber optic,No,No,No,No,Yes,No,Month-to-month,No,Bank transfer (automatic),97.31,1550.75,Yes
2392-DJTKL,Female,0,No,Yes,1,Yes,No,No,No internet service,No internet service,No internet service,No internet service,No internet service,No internet service,Two year,Yes,Bank transfer (automatic),35.04,63.86,No
4062-YSRLN,Male,0,No,No,45,Yes,No,Fiber optic,No,No,Yes,No,Yes,No,Two year,Yes,Bank transfer (automatic),102.13,4588.21,No
8964-RVAWY,Female,0,No,No,65,Yes,No,Fiber optic,Yes,Yes,Yes,No,No,Yes,Month-to-month,Yes,Bank transfer (automatic),117.3,7592.66,No
7012-YPGQR,Male,0,Yes,No,27,Yes,No,Fiber optic,No,No,Yes,No,Yes,Yes,One year,Yes,Credit card (automatic),106.32,2894.7,No
2301-EGPDU,Male,1,Yes,No,8,Yes,Yes,DSL,No,Yes,Yes,Yes,No,No,Month-to-month,Yes,Mailed check,82.41,648.3,No
1985-YSJJS,Male,0,No,No,38,Yes,No,Fiber optic,No,Yes,Yes,No,No,No,Month-to-month,No,Bank transfer (automatic),102.85,3912.39,No
1799-TPFXR,Male,0,No,Yes,72,Yes,Yes,DSL,Yes,No,No,No,Yes,Yes,Two year,Yes,Bank transfer (automatic),84.82,6128.57,No
2472-RKUMZ,Male,0,No,No,33,Yes,Yes,No,No internet service,No internet service,No internet service,No internet service,No internet service,No internet service,One year,Yes,Mailed check,39.35,1312.7,No
9344-AKELD,Female,0,Yes,Yes,24,Yes,No,No,No internet service,No internet service,No internet service,No internet service,No internet service,No internet service,Month-to-month,No,Mailed check,33.28,849.36,No
5820-DQLZX,Male,0,No,No,69,Yes,No,Fiber optic,No,No,No,No,Yes,No,Two year,No,Electronic check,94.49,6512.32,No
6401-LTSDK,Female,0,Yes,Yes,17,Yes,No,DSL,No,Yes,No,Yes,No,No,Month-to-month,Yes,Credit card (automatic),80.39,1378.29,Yes
9928-HAWYR,Male,0,No,Yes,25,Yes,No,DSL,No,Yes,Yes,No,No,Yes,Month-to-month,Yes,Electronic check,81.3,2027.94,Yes
6714-JJXWM,Female,0,No,No,17,Yes,Yes,No,No internet service,No internet service,No internet service,No internet service,No internet service,No internet service,Month-to-month,Yes,Electronic check,40.24,690.97,No
3817-EAMPS,Male,0,Yes,No,11,Yes,Yes,Fiber optic,No,No,Yes,No,No,No,Two year,No,Bank transfer (automatic),93.45,1028.41,No
8245-JEWUN,Male,0,No,No,64,Yes,No,Fiber optic,Yes,No,Yes,No,Yes,No,Month-to-month,No,Mailed check,110.01,7029.93,No
1352-MQWNM,Male,0,Yes,No,26,Yes,No,Fiber optic,No,Yes,No,No,No,Yes,Month-to-month,No,Bank transfer (automatic),102.42,2678.67,Yes
4419-KACUJ,Male,0,No,No,58,Yes,No,DSL,No,No,No,No,Yes,Yes,Month-to-month,Yes,Bank transfer (automatic),72.27,4190.28,Yes
8656-KZEEQ,Male,0,No,No,36,Yes,Yes,Fiber optic,No,Yes,No,No,Yes,Yes,One year,No,Mailed check,106.7,3832.75,No
8223-DNFTP,Female,0,Yes,No,53,Yes,No,Fiber optic,No,No,No,No,No,Yes,Month-to-month,Yes,Mailed check,96.27,5093.56,No
6887-GGRJS,Female,0,Yes,No,4,Yes,Yes,No,No internet service,No internet service,No internet service,No internet service,No internet service,No internet service,Two year,No,Bank transfer (automatic),42.26,171.96,No
2385-HCCGM,Female,0,No,No,41,Yes,No,No,No internet service,No internet service,No internet service,No internet service,No internet service,No internet service,Month-to-month,Yes,Electronic check,41.37,1709.52,No
2299-CXNTT,Male,1,Yes,Yes,67,Yes,Yes,Fiber optic,No,Yes,No,No,Yes,No,Month-to-month,Yes,Bank transfer (automatic),97.8,6543.59,No
1914-QWLWY,Male,0,Yes,No,72,Yes,No,Fiber optic,No,No,No,No,Yes,Yes,Two year,Yes,Bank transfer (automatic),93.1,6672.0,No
5917-CQXPV,Male,0,Yes,Yes,14,Yes,No,DSL,No,Yes,Yes,No,No,No,Month-to-month,Yes,Credit card (automatic),72.12,1000.64,Yes
5817-LYDLD,Male,0,Yes,Yes,55,Yes,No,DSL,Yes,Yes,Yes,No,No,Yes,Two year,No,Bank transfer (automatic),97.48,5335.62,No
6891-YZFTW,Female,0,Yes,No,67,Yes,No,Fiber optic,No,No,No,No,Yes,No,Two year,Yes,Mailed check,96.91,6473.29,No
8502-NEMUQ,Female,0,No,No,53,Yes,Yes,Fiber optic,No,No,No,No,Yes,Yes,Two year,Yes,Bank transfer (automatic),102.55,5447.68,No
4494-FRLMY,Female,0,No,No,29,Yes,No,DSL,No,Yes,Yes,Yes,No,No,Month-to-month,Yes,Electronic check,80.88,2344.92,No
1082-FYYHZ,Female,0,Yes,Yes,9,Yes,No,No,No internet service,No internet service,No internet service,No internet service,No internet service,No internet service,Month-to-month,Yes,Mailed check,35.92,312.37,No
2904-BHNAE,Male,1,No,No,40,Yes,No,DSL,No,No,Yes,Yes,No,Yes,Month-to-month,No,Mailed check,82.21,3289.82,No
8117-QQZFX,Female,1,Yes,Yes,1,Yes,No,No,No internet service,No internet service,No internet service,No internet service,No internet service,No internet service,Month-to-month,Yes,Bank transfer (automatic),43.65,23.18,No
4196-YUFFP,Female,0,Yes,Yes,49,Yes,No,Fiber optic,No,Yes,No,No,No,No,Two year,No,Electronic check,88.47,4318.6,No
5524-FGXUE,Male,0,No,No,29,Yes,No,DSL,Yes,Yes,No,No,Yes,Yes,Month-to-month,Yes,Bank transfer (automatic),95.15,2778.33,No
7526-DLARE,Female,0,No,Yes,4,Yes,Yes,Fiber optic,No,No,Yes,No,No,Yes,Month-to-month,Yes,Electronic check,101.45,381.64,Yes
3124-EEBPW,Male,0,No,No,51,Yes,No,No,No internet service,No internet service,No internet service,No internet service,No internet service,No internet service,Month-to-month,No,Electronic check,35.97,1825.48,No
3713-UPGBU,Male,0,No,No,30,Yes,No,No,No internet service,No internet service,No internet service,No internet service,No internet service,No internet service,Month-to-month,No,Mailed check,36.92,1099.24,No
1206-LAUZH,Male,0,No,No,36,Yes,Yes,Fiber optic,No,No,No,No,No,No,Month-to-month,No,Electronic check,93.39,3326.0,No
3822-PNKJE,Female,0,No,No,20,Yes,No,No,No internet service,No internet service,No internet service,No internet service,No internet service,No internet service,One year,No,Mailed check,30.02,617.55,No
3256-QTUNU,Male,0,Yes,No,31,Yes,No,Fiber optic,No,Yes,No,No,No,Yes,Month-to-month,Yes,Mailed check,99.76,3123.96,Yes
6327-JJNHU,Female,0,Yes,No,12,Yes,Yes,No,No internet service,No internet service,No internet service,No internet service,No internet service,No internet service,Month-to-month,No,Mailed check,39.09,466.21,No
2666-BMBEK,Male,0,Yes,Yes,13,No,No phone service,Fiber optic,Yes,No,No,No,No,Yes,Two year,Yes,Credit card (automatic),80.27,1048.51,No
1037-FPJXC,Male,0,No,No,48,Yes,No,DSL,No,No,Yes,No,No,No,One year,Yes,Bank transfer (automatic),73.82,3546.47,No
7476-QRSBV,Male,0,No,No,60,Yes,No,No,No internet service,No internet service,No internet service,No internet service,No internet service,No internet service,Two year,No,Mailed check,44.3,2685.16,No
3981-RHKSY,Female,0,Yes,No,12,No,No phone service,DSL,No,No,No,Yes,No,No,Two year,No,Credit card (automatic),47.86,573.48,No
8900-TNNZE,Male,0,Yes,No,11,Yes,Yes,DSL,No,No,No,Yes,Yes,No,Month-to-month,No,Electronic check,77.41,845.91,Yes
9585-RQQVS,Male,0,No,No,42,No,No phone service,DSL,Yes,Yes,No,Yes,No,Yes,Month-to-month,Yes,Bank transfer (automatic),72.91,3044.54,No
1853-UTXYY,Male,0,Yes,No,40,Yes,Yes,Fiber optic,Yes,No,No,No,No,No,Two year,No,Mailed check,91.99,3668.81,No
1384-RYZPX,Female,0,No,No,28,Yes,Yes,DSL,No,No,No,No,No,Yes,One year,No,Credit card (automatic),71.4,2021.51,No
8923-AXRPE,Female,0,No,No,72,Yes,Yes,Fiber optic,No,No,Yes,No,No,No,Two year,Yes,Mailed check,96.12,6913.53,Yes
9267-HLHZM,Female,0,No,No,71,Yes,No,Fiber optic,No,Yes,No,Yes,No,Yes,Month-to-month,Yes,Electronic check,108.2,7691.79,No
2026-AZFUA,Male,0,Yes,Yes,46,Yes,No,Fiber optic,No,No,No,No,No,No,Two year,Yes,Electronic check,85.0,3880.79,No
9070-RFXHZ,Female,0,No,No,66,Yes,No,No,No internet service,No internet service,No internet service,No internet service,No internet service,No internet service,Two year,Yes,Electronic check,36.36,2387.41,No
6395-LBGBW,Male,0,Yes,Yes,33,Yes,No,Fiber optic,Yes,No,No,No,No,Yes,Month-to-month,Yes,Mailed check,99.17,3266.86,No
1901-CCZZT,Female,0,No,No,0,No,No phone service,DSL,No,No,Yes,No,Yes,No,Month-to-month,No,Bank transfer (automatic),58.33, ,Yes
1663-NYCVA,Female,0,Yes,No,7,No,No phone service,DSL,Yes,No,No,No,No,No,Month-to-month,Yes,Bank transfer (automatic),49.5,341.34,Yes
8234-PXKUW,Male,0,No,Yes,59,Yes,Yes,Fiber optic,No,No,Yes,No,Yes,No,Month-to-month,No,Electronic check,103.08,6102.68,No
3923-RMLVF,Male,0,No,No,9,Yes,No,Fiber optic,No,No,No,No,No,No,Month-to-month,Yes,Electronic check,89.98,811.23,Yes
2076-MVDJS,Female,1,No,Yes,12,Yes,No,Fiber optic,No,No,No,No,No,Yes,Month-to-month,Yes,Electronic check,93.86,1123.23,Yes
5291-QNVXL,Female,0,Yes,No,49,Yes,No,DSL,No,No,No,Yes,No,Yes,Two year,No,Mailed check,77.5,3783.75,No
4884-GLWNS,Female,0,Yes,Yes,34,Yes,No,Fiber optic,Yes,Yes,No,No,No,Yes,Month-to-month,No,Bank transfer (automatic),113.27,3847.66,Yes
4765-STNYX,Female,0,No,No,17,Yes,No,Fiber optic,Yes,No,No,No,No,No,Two year,Yes,Mailed check,95.06,1588.83,No
2425-FYKHV,Male,1,Yes,Yes,59,Yes,No,Fiber optic,No,Yes,No,Yes,Yes,No,Month-to-month,No,Credit card (automatic),113.98,6722.18,No
6418-DCVUJ,Female,0,Yes,No,52,Yes,No,Fiber optic,No,No,Yes,No,Yes,No,Two year,No,Mailed check,99.2,5151.16,No
8761-DWBRW,Male,1,Yes,No,20,Yes,No,Fiber optic,No,No,No,No,No,Yes,Month-to-month,Yes,Bank transfer (automatic),97.3,1947.8,No
6573-UJGGC,Male,0,No,No,15,Yes,No,DSL,No,No,Yes,No,Yes,No,Month-to-month,Yes,Credit card (automatic),74.68,1108.46,No
3495-FUFDT,Male,0,No,No,53,Yes,Yes,Fiber optic,Yes,Yes,No,No,No,No,Two year,Yes,Bank transfer (automatic),103.32,5489.74,No
5840-FSFUA,Female,0,No,Yes,17,Yes,Yes,No,No internet service,No internet service,No internet service,No internet service,No internet service,No internet service,Month-to-month,Yes,Bank transfer (automatic),44.47,761.49,No
6310-QJSKR,Male,0,No,No,17,Yes,Yes,No,No internet service,No internet service,No internet service,No internet service,No internet service,No internet service,Month-to-month,Yes,Bank transfer (automatic),42.28,720.56,No
3011-PUZJM,Female,0,No,No,64,No,No phone service,No,No internet service,No internet service,No internet service,No internet service,No internet service,No internet service,Month-to-month,No,Mailed check,20.83,1310.41,No
5286-WZRVC,Female,0,Yes,Yes,63,Yes,No,No,No internet service,No internet service,No internet service,No internet service,No internet service,No internet service,One year,Yes,Credit card (automatic),41.54,2617.0,No
7832-VTQXR,Female,0,Yes,No,71,Yes,Yes,Fiber optic,Yes,No,No,No,No,No,One year,No,Bank transfer (automatic),91.98,6560.77,No
8616-ERLWX,Male,0,No,No,32,Yes,Yes,Fiber optic,Yes,Yes,Yes,No,Yes,No,Month-to-month,Yes,Credit card (automatic),118.75,3801.61,Yes
8595-FMAZG,Male,0,No,No,53,Yes,No,DSL,No,No,No,No,No,No,Two year,Yes,Mailed check,66.41,3541.36,No
6619-MXVUR,Male,0,Yes,No,14,No,No phone service,No,No internet service,No internet service,No internet service,No internet service,No internet service,No internet service,Month-to-month,No,Electronic check,20.7,298.98,No
2074-YBLKK,Female,0,No,No,72,Yes,No,DSL,No,No,No,No,No,No,Two year,No,Credit card (automatic),65.16,4680.71,No
9794-FPFXT,Female,0,Yes,Yes,3,Yes,Yes,Fiber optic,No,No,No,No,Yes,No,One year,Yes,Electronic check,98.29,297.5,No
4733-BDFKX,Female,0,Yes,No,62,Yes,Yes,Fiber optic,No,No,No,Yes,Yes,No,Month-to-month,Yes,Credit card (automatic),97.63,6046.9,Yes
2076-PJBQS,Male,1,No,Yes,44,No,No phone service,Fiber optic,No,Yes,Yes,No,No,No,One year,Yes,Credit card (automatic),82.24,3644.37,Yes
9634-NHWFS,Male,0,No,No,68,Yes,No,Fiber optic,No,No,No,Yes,No,Yes,Month-to-month,No,Mailed check,109.06,7416.24,No
9489-AYEMG,Male,0,Yes,No,49,Yes,Yes,Fiber optic,Yes,Yes,No,Yes,No,Yes,One year,No,Credit card (automatic),118.41,5798.02,No
2300-SMNMT,Male,1,Yes,Yes,14,Yes,Yes,No,No internet service,No internet service,No internet service,No internet service,No internet service,No internet service,One year,No,Credit card (automatic),38.58,497.45,No
9693-NDHMC,Male,1,No,Yes,49,Yes,Yes,Fiber optic,No,Yes,Yes,Yes,Yes,Yes,Month-to-month,No,Mailed check,118.75,5827.45,No
3061-EZKXP,Female,1,No,No,54,Yes,No,No,No internet service,No internet service,No internet service,No internet service,No internet service,No internet service,One year,Yes,Credit card (automatic),36.23,1950.3,No
5554-YSFGR,Male,0,Yes,No,36,Yes,No,DSL,No,No,Yes,Yes,No,No,Month-to-month,Yes,Bank transfer (automatic),84.16,3024.58,Yes
1020-DBTLA,Male,0,Yes,Yes,42,Yes,Yes,No,No internet service,No internet service,No internet service,No internet service,No internet service,No internet service,One year,No,Electronic check,37.7,1572.06,No
7674-RTDWE,Male,1,No,No,29,Yes,No,No,No internet service,No internet service,No internet service,No internet service,No internet service,No internet service,Month-to-month,Yes,Mailed check,35.65,1052.74,Yes
6137-PFKBM,Female,0,No,No,19,Yes,No,No,No internet service,No internet service,No internet service,No internet service,No internet service,No internet service,Two year,Yes,Credit card (automatic),42.88,822.25,No
7093-HNYFG,Male,0,Yes,No,45,Yes,No,Fiber optic,No,No,Yes,Yes,No,No,Two year,No,Bank transfer (automatic),108.4,4871.35,No
2079-PEWGR,Female,1,Yes,Yes,36,Yes,No,Fiber optic,Yes,No,No,No,Yes,No,Month-to-month,Yes,Bank transfer (automatic),104.47,3754.87,Yes
2702-HEPAB,Female,1,No,No,2,Yes,No,Fiber optic,No,Yes,No,No,No,No,Two year,Yes,Bank transfer (automatic),95.57,195.09,No
5512-PHLKU,Male,0,Yes,No,55,Yes,No,DSL,No,No,Yes,No,No,No,One year,Yes,Bank transfer (automatic),73.14,4020.88,No
5017-WFEKB,Female,0,Yes,Yes,17,Yes,No,No,No internet service,No internet service,No internet service,No internet service,No internet service,No internet service,One year,Yes,Electronic check,42.01,687.06,No
7038-KJNBK,Male,1,Yes,Yes,3,Yes,Yes,DSL,No,Yes,Yes,Yes,No,No,Month-to-month,Yes,Credit card (automatic),88.48,300.26,Yes
9748-RPNMY,Female,0,No,Yes,18,Yes,No,DSL,Yes,No,No,Yes,No,Yes,Two year,Yes,Bank transfer (automatic),85.87,1532.21,No
9372-KYBHH,Female,0,No,No,65,Yes,Yes,Fiber optic,No,No,No,Yes,No,No,Month-to-month,Yes,Credit card (automatic),86.93,5624.28,Yes
7274-QMGNG,Male,0,No,No,56,Yes,No,DSL,No,No,No,Yes,Yes,No,Two year,No,Mailed check,87.13,4895.96,No
5476-JXTEY,Male,0,Yes,No,30,Yes,No,Fiber optic,No,No,No,No,Yes,No,Month-to-month,Yes,Electronic check,99.39,2980.91,Yes
6928-JNEBL,Male,0,Yes,Yes,32,Yes,Yes,No,No internet service,No internet service,No internet service,No internet service,No internet service,No internet service,Month-to-month,Yes,Electronic check,44.88,1448.24,No
8038-JKZZM,Female,1,No,No,31,Yes,No,DSL,Yes,Yes,Yes,No,Yes,No,One year,No,Bank transfer (automatic),98.53,3049.52,No
1397-STXYR,Female,0,No,Yes,3,Yes,No,DSL,No,Yes,No,No,Yes,No,Month-to-month,Yes,Mailed check,79.57,277.45,Yes
1964-FTQLK,Male,0,Yes,Yes,26,Yes,No,Fiber optic,No,Yes,No,No,No,Yes,Month-to-month,Yes,Credit card (automatic),101.5,2633.78,Yes
7385-LDZJG,Male,0,No,No,65,Yes,No,DSL,Yes,Yes,Yes,Yes,Yes,No,One year,No,Credit card (automatic),87.68,5701.84,No
1623-MZDFE,Male,0,Yes,Yes,45,Yes,No,Fiber optic,No,No,No,No,No,No,Month-to-month,Yes,Mailed check,94.16,4241.85,No
1846-QHUKR,Female,1,Yes,Yes,28,Yes,Yes,No,No internet service,No internet service,No internet service,No internet service,No internet service,No internet service,Month-to-month,Yes,Credit card (automatic),40.49,1176.58,No
1804-HKBLM,Male,0,Yes,Yes,72,No,No phone service,Fiber optic,No,No,Yes,No,Yes,No,One year,Yes,Credit card (automatic),84.42,6060.66,No
4634-NVUAR,Female,1,No,Yes,5,Yes,No,DSL,No,No,No,No,Yes,No,Month-to-month,Yes,Electronic check,59.91,288.16,Yes
9135-WHUVJ,Male,1,No,No,63,Yes,Yes,Fiber optic,No,No,No,No,No,No,Month-to-month,No,Electronic check,90.07,5701.81,No
8821-RUTUY,Female,0,No,No,30,No,No phone service,DSL,No,Yes,No,No,Yes,No,Month-to-month,Yes,Bank transfer (automatic),58.73,1752.17,No
8715-LPRWK,Female,0,Yes,Yes,36,Yes,Yes,DSL,Yes,Yes,No,No,No,No,Month-to-month,Yes,Electronic check,86.0,3084.83,Yes
3816-TYXDY,Female,1,No,No,69,No,No phone service,No,No internet service,No internet service,No internet service,No internet service,No internet service,No internet service,One year,Yes,Electronic check,25.83,1803.64,No
8101-DAEYU,Male,0,Yes,Yes,68,Yes,Yes,No,No internet service,No internet service,No internet service,No internet service,No internet service,No internet service,Month-to-month,Yes,Mailed check,45.1,3076.23,No
6177-RKXDH,Male,1,Yes,Yes,58,Yes,Yes,Fiber optic,Yes,No,Yes,No,Yes,No,Two year,No,Credit card (automatic),101.81,5900.23,No
2805-WNSYE,Male,0,No,No,38,Yes,No,Fiber optic,No,No,No,Yes,Yes,No,Month-to-month,Yes,Credit card (automatic),100.22,3799.61,No
9678-DUSVD,Female,0,No,No,43,Yes,Yes,Fiber optic,Yes,No,No,No,Yes,No,Two year,Yes,Electronic check,97.75,4161.8,No
9638-VCPVM,Female,0,Yes,Yes,65,Yes,Yes,Fiber optic,No,Yes,No,Yes,Yes,No,Month-to-month,No,Credit card (automatic),101.85,6631.38,No
4427-GNZQT,Female,0,Yes,No,55,Yes,No,Fiber optic,Yes,No,No,No,No,No,One year,Yes,Electronic check,93.19,5109.68,No
8015-UKUHQ,Female,0,No,No,22,Yes,Yes,DSL,No,No,No,No,Yes,Yes,Month-to-month,No,Credit card (automatic),80.76,1756.59,No
3721-YTQLN,Male,0,Yes,Yes,37,Yes,No,DSL,No,No,No,Yes,No,Yes,Month-to-month,No,Bank transfer (automatic),78.68,2894.56,No
8018-GVGDT,Male,0,No,No,59,Yes,No,DSL,Yes,Yes,No,No,No,No,Month-to-month,Yes,Electronic check,69.21,4062.85,No
7374-JRTUY,Female,0,No,No,58,Yes,No,Fiber optic,No,No,No,No,No,No,One year,Yes,Credit card (automatic),90.36,5229.9,No
8688-LFCPR,Female,0,No,No,21,Yes,No,DSL,No,No,No,No,No,Yes,Month-to-month,Yes,Electronic check,69.3,1458.95,No
7217-ASUTN,Male,1,Yes,No,61,Yes,No,Fiber optic,No,Yes,No,Yes,Yes,No,Month-to-month,Yes,Electronic check,110.6,6740.15,No
1136-MRPPN,Male,1,No,No,41,No,No phone service,Fiber optic,No,No,No,No,No,No,One year,Yes,Electronic check,73.81,3038.69,Yes
5967-HQGMK,Male,0,No,No,24,Yes,No,Fiber optic,No,No,No,Yes,No,Yes,One year,Yes,Mailed check,98.27,2359.76,No
7427-XRDSH,Female,1,No,No,35,Yes,No,Fiber optic,No,No,No,No,No,No,Month-to-month,No,Electronic check,92.9,3294.57,Yes
1445-EZLED,Male,0,Yes,No,32,Yes,Yes,Fiber optic,No,Yes,No,Yes,No,Yes,One year,No,Credit card (automatic),101.52,3237.15,No
6852-UJCJR,Female,0,No,No,5,Yes,No,Fiber optic,No,No,No,No,No,No,Two year,Yes,Mailed check,81.99,411.87,Yes
2025-GAMEE,Female,0,Yes,No,16,Yes,Yes,No,No internet service,No internet service,No internet service,No internet service,No internet service,No internet service,Month-to-month,Yes,Bank transfer (automatic),37.86,583.09,No
2016-TMYKF,Female,0,Yes,Yes,9,Yes,Yes,Fiber optic,No,No,Yes,Yes,Yes,No,One year,Yes,Electronic check,108.08,951.34,No
2836-YQHRP,Male,0,Yes,No,50,Yes,Yes,Fiber optic,No,No,No,No,Yes,Yes,Month-to-month,No,Electronic check,97.82,4900.73,No
2032-SCETL,Female,1,Yes,Yes,30,Yes,Yes,DSL,No,No,No,No,Yes,Yes,Month-to-month,Yes,Mailed check,77.01,2321.74,Yes
2999-BQSEK,Male,0,Yes,No,10,No,No phone service,Fiber optic,No,No,Yes,No,No,No,One year,No,Bank transfer (automatic),77.57,738.59,No
4097-XUGNY,Female,0,No,No,43,Yes,Yes,Fiber optic,No,Yes,No,No,No,Yes,One year,Yes,Bank transfer (automatic),100.59,4326.53,No
4111-DHQZH,Female,0,Yes,No,34,Yes,No,DSL,Yes,Yes,Yes,Yes,No,No,Month-to-month,No,Mailed check,97.5,3326.29,No
1527-EKCAR,Male,0,Yes,Yes,49,Yes,No,Fiber optic,No,No,Yes,No,Yes,No,One year,Yes,Electronic check,95.7,4722.94,Yes
8418-FNPSZ,Male,0,No,No,70,Yes,Yes,Fiber optic,Yes,No,No,Yes,No,No,Month-to-month,Yes,Mailed check,106.47,7443.69,No
8966-HZAZD,Female,0,Yes,No,71,No,No phone service,Fiber optic,No,No,Yes,Yes,Yes,No,Two year,Yes,Bank transfer (automatic),88.33,6278.61,No
2025-CCMRT,Male,0,No,No,34,Yes,No,DSL,No,Yes,No,No,No,No,Month-to-month,No,Electronic check,75.43,2577.51,Yes
1142-HDDTR,Female,0,No,Yes,2,Yes,Yes,Fiber optic,No,Yes,Yes,No,No,No,One year,Yes,Bank transfer (automatic),95.08,178.11,Yes
2889-HYPFY,Male,0,Yes,No,4,Yes,Yes,Fiber optic,Yes,Yes,Yes,Yes,No,No,Two year,Yes,Credit card (automatic),112.81,454.77,No
2787-GSNBV,Male,0,Yes,No,10,Yes,Yes,No,No internet service,No internet service,No internet service,No internet service,No internet service,No internet service,Month-to-month,Yes,Electronic check,43.2,425.28,Yes
3053-SJUXU,Female,0,Yes,Yes,1,Yes,Yes,Fiber optic,No,No,No,Yes,No,Yes,Month-to-month,No,Electronic check,100.45,90.5,Yes
9289-NBNMT,Female,0,No,No,47,Yes,Yes,DSL,Yes,Yes,No,No,No,Yes,Month-to-month,Yes,Mailed check,83.95,3947.08,No
3238-SLSLK,Male,0,Yes,No,69,Yes,No,No,No internet service,No internet service,No internet service,No internet service,No internet service,No internet service,Month-to-month,Yes,Bank transfer (automatic),30.14,2073.39,No
2928-VBFLD,Female,0,No,No,55,No,No phone service,No,No internet service,No internet service,No internet service,No internet service,No internet service,No internet service,Two year,Yes,Mailed check,18.25,1026.72,No
9249-JFGER,Male,0,No,No,51,Yes,Yes,Fiber optic,Yes,No,Yes,No,No,Yes,Two year,Yes,Electronic check,117.12,5976.57,No
5331-FWRKN,Female,0,No,No,23,Yes,Yes,No,No internet service,No internet service,No internet service,No internet service,No internet service,No internet service,Two year,No,Bank transfer (automatic),43.66,1016.07,No
6905-DVGAN,Male,0,No,No,51,No,No phone service,Fiber optic,Yes,Yes,No,Yes,Yes,No,Two year,Yes,Mailed check,93.95,4808.21,No
8886-THKQF,Male,0,Yes,Yes,37,Yes,Yes,Fiber optic,No,Yes,No,No,Yes,Yes,Month-to-month,Yes,Bank transfer (automatic),115.67,4269.76,No
8379-HFCSA,Female,0,No,No,27,Yes,Yes,DSL,No,No,Yes,Yes,No,No,Two year,No,Electronic check,81.53,2181.29,No
8248-ZCCYC,Female,0,No,No,4,Yes,No,DSL,No,No,Yes,No,No,Yes,Month-to-month,No,Credit card (automatic),71.66,305.04,Yes
4668-WDRKL,Male,0,No,No,36,Yes,No,Fiber optic,No,Yes,No,Yes,No,Yes,One year,No,Electronic check,112.5,4039.7,No
9378-RHYPC,Male,0,No,No,30,Yes,Yes,Fiber optic,No,No,No,Yes,Yes,No,One year,Yes,Credit card (automatic),107.14,3207.91,No
4533-FRWAU,Female,0,Yes,No,40,Yes,No,DSL,Yes,Yes,Yes,No,Yes,No,One year,No,Electronic check,84.97,3381.33,No
9245-ZRHDY,Female,0,No,Yes,34,Yes,No,DSL,No,No,No,Yes,Yes,No,Month-to-month,No,Electronic check,80.89,2751.31,No
4712-JTTVX,Female,0,No,No,55,Yes,No,Fiber optic,Yes,No,No,Yes,No,Yes,Two year,Yes,Electronic check,110.16,6078.19,No
8892-EEERP,Male,0,No,No,65,Yes,Yes,Fiber optic,No,No,No,No,No,No,One year,Yes,Credit card (automatic),94.8,6170.12,No
8714-WVBSW,Female,0,No,No,37,Yes,No,DSL,Yes,No,Yes,Yes,No,No,Two year,Yes,Bank transfer (automatic),93.42,3435.53,No
9840-JUKDJ,Female,1,No,No,24,Yes,Yes,Fiber optic,Yes,Yes,No,Yes,No,No,Month-to-month,No,Mailed check,107.12,2593.53,No
3260-XEDPP,Female,0,No,No,22,Yes,No,DSL,No,No,No,No,No,No,Month-to-month,No,Credit card (automatic),69.82,1532.07,No
6049-DMYCV,Male,0,Yes,No,64,Yes,No,DSL,No,No,No,No,Yes,No,Two year,No,Electronic check,75.06,4811.63,No
2131-FXHNK,Female,0,Yes,No,38,Yes,No,Fiber optic,No,No,No,No,No,No,Two year,No,Mailed check,94.66,3602.34,No
6527-KLVPP,Female,0,Yes,Yes,70,Yes,No,DSL,No,Yes,No,No,Yes,Yes,Month-to-month,Yes,Electronic check,74.79,5245.01,No
8249-LVTXL,Male,0,Yes,No,49,Yes,No,Fiber optic,Yes,No,Yes,No,Yes,No,Month-to-month,Yes,Mailed check,104.62,5152.06,Yes
6027-DCCRH,Male,0,No,No,42,Yes,No,DSL,Yes,No,Yes,No,Yes,No,Month-to-month,Yes,Electronic check,80.05,3372.36,No
3599-QKDPP,Male,0,Yes,No,4,Yes,No,No,No internet service,No internet service,No internet service,No internet service,No internet service,No internet service,Two year,No,Electronic check,41.76,161.47,No
2257-GFSFA,Female,0,No,No,53,Yes,No,DSL,Yes,Yes,No,Yes,No,No,Month-to-month,No,Electronic check,79.35,4213.46,No
3400-MUBXH,Male,0,No,No,34,Yes,Yes,Fiber optic,Yes,Yes,No,Yes,No,Yes,Month-to-month,Yes,Mailed check,118.18,4024.73,Yes
4083-AGMRU,Female,0,No,No,7,No,No phone service,Fiber optic,Yes,Yes,No,No,No,No,Month-to-month,No,Electronic check,82.64,586.21,No
5703-CKTRQ,Female,0,Yes,No,25,Yes,Yes,No,No internet service,No internet service,No internet service,No internet service,No internet service,No internet service,Month-to-month,Yes,Electronic check,43.64,1098.47,Yes
5574-NZQQJ,Male,0,No,No,33,Yes,Yes,DSL,Yes,Yes,Yes,Yes,No,No,Month-to-month,Yes,Bank transfer (automatic),92.97,3066.66,Yes
5409-TWURU,Male,0,No,No,65,Yes,No,Fiber optic,No,Yes,No,Yes,No,No,Two year,Yes,Electronic check,96.71,6284.87,No
1296-GFRUD,Female,0,No,No,46,Yes,No,DSL,Yes,Yes,Yes,No,Yes,No,Two year,Yes,Electronic check,88.79,4090.79,Yes
2736-MZAXE,Male,0,Yes,No,28,Yes,Yes,Fiber optic,No,Yes,No,No,Yes,Yes,Month-to-month,No,Mailed check,106.95,3020.52,Yes
3416-RTWAB,Female,0,No,No,71,Yes,Yes,DSL,No,No,Yes,No,No,No,Two year,Yes,Credit card (automatic),76.67,5433.04,No
5303-PGRGY,Male,0,Yes,No,45,Yes,Yes,DSL,No,Yes,Yes,Yes,No,No,Two year,No,Credit card (automatic),76.68,3462.09,No
2596-RNCQD,Male,0,Yes,Yes,70,Yes,Yes,Fiber optic,No,No,No,No,No,No,Two year,Yes,Credit card (automatic),82.46,5739.03,No
5855-RBFHY,Female,0,Yes,Yes,33,Yes,Yes,DSL,No,Yes,Yes,Yes,No,No,Month-to-month,Yes,Bank transfer (automatic),85.11,2801.2,No
2990-YNYVH,Male,0,No,No,62,Yes,No,DSL,Yes,No,No,No,Yes,No,One year,No,Electronic check,70.1,4339.63,No
6037-TBRMA,Female,0,Yes,No,59,Yes,No,DSL,No,Yes,Yes,No,Yes,No,Two year,No,Bank transfer (automatic),78.2,4592.06,No
8802-GWENJ,Male,0,Yes,Yes,52,Yes,Yes,No,No internet service,No internet service,No internet service,No internet service,No internet service,No internet service,Two year,No,Credit card (automatic),40.82,2112.41,No
9036-YUWUH,Female,0,No,No,67,Yes,No,Fiber optic,No,Yes,No,No,No,No,Month-to-month,Yes,Electronic check,92.93,6245.35,Yes
9282-NJETG,Male,0,Yes,Yes,40,Yes,No,Fiber optic,No,No,No,No,Yes,Yes,Month-to-month,Yes,Credit card (automatic),101.89,4062.11,No
6873-BRRNR,Male,0,Yes,No,6,Yes,Yes,No,No internet service,No internet service,No internet service,No internet service,No internet service,No internet service,Month-to-month,Yes,Credit card (automatic),47.17,308.83,No
9943-WLWYD,Female,0,No,No,27,Yes,No,Fiber optic,No,No,No,No,No,Yes,One year,Yes,Bank transfer (automatic),92.24,2501.15,No
4229-TNDMJ,Male,0,No,No,1,Yes,No,DSL,No,Yes,No,Yes,Yes,Yes,Month-to-month,Yes,Mailed check,99.3,90.2,Yes
7648-NDBGD,Female,0,No,No,19,Yes,No,DSL,No,No,Yes,No,Yes,Yes,Month-to-month,Yes,Bank transfer (automatic),85.5,1637.31,Yes
8885-GRDLY,Female,0,No,No,51,Yes,Yes,Fiber optic,No,No,Yes,No,No,Yes,One year,Yes,Credit card (automatic),109.35,5584.07,No
6790-GTNFZ,Male,0,Yes,Yes,9,Yes,Yes,No,No internet service,No internet service,No internet service,No internet service,No internet service,No internet service,Two year,Yes,Electronic check,39.78,382.42,No
9437-PAKNY,Female,1,Yes,No,46,Yes,No,Fiber optic,No,Yes,No,No,Yes,No,One year,Yes,Electronic check,96.35,4417.24,No
7596-FNEMN,Female,0,No,Yes,46,Yes,No,DSL,No,No,No,No,Yes,No,One year,Yes,Bank transfer (automatic),67.47,3119.3,No
5587-LLVNB,Female,0,No,Yes,40,Yes,Yes,No,No internet service,No internet service,No internet service,No internet service,No internet service,No internet service,Month-to-month,Yes,Mailed check,38.83,1566.65,No
7666-QSTEZ,Male,1,Yes,Yes,50,Yes,Yes,Fiber optic,No,Yes,Yes,No,No,Yes,One year,No,Electronic check,107.57,5395.61,No
9912-DFFZY,Female,0,Yes,No,31,Yes,No,DSL,Yes,No,No,No,Yes,Yes,Two year,Yes,Mailed check,85.59,2653.64,No
3384-RFAFB,Female,0,No,No,48,Yes,Yes,DSL,No,No,Yes,No,No,No,Month-to-month,Yes,Bank transfer (automatic),75.91,3637.62,No
8628-UEPEP,Female,0,No,No,54,Yes,No,No,No internet service,No internet service,No internet service,No internet service,No internet service,No internet service,Two year,Yes,Electronic check,36.72,1999.57,No
9062-XVFED,Female,0,Yes,Yes,42,Yes,Yes,No,No internet service,No internet service,No internet service,No internet service,No internet service,No internet service,Month-to-month,Yes,Mailed check,47.36,1961.31,No
2143-QRXCG,Male,0,No,Yes,51,Yes,No,No,No internet service,No internet service,No internet service,No internet service,No internet service,No internet service,One year,No,Mailed check,39.02,2009.22,No
7550-SLDME,Female,0,No,Yes,55,Yes,Yes,No,No internet service,No internet service,No internet service,No internet service,No internet service,No internet service,Two year,No,Electronic check,44.74,2450.71,No
5819-XECTA,Female,0,No,Yes,30,Yes,No,DSL,Yes,Yes,No,No,No,Yes,Two year,Yes,Electronic check,80.06,2400.74,Yes
9849-UKJKK,Female,0,Yes,Yes,66,Yes,No,Fiber optic,No,No,Yes,No,Yes,No,Month-to-month,Yes,Electronic check,107.52,7102.0,No
8555-VEENR,Male,0,Yes,Yes,23,Yes,No,Fiber optic,No,No,Yes,No,No,Yes,Month-to-month,No,Electronic check,111.8,2568.53,No
7543-HMCLS,Male,0,Yes,Yes,4,Yes,Yes,No,No internet service,No internet service,No internet service,No internet service,No internet service,No internet service,Two year,Yes,Electronic check,37.52,157.96,No
3739-HMWQY,Male,0,Yes,Yes,70,Yes,Yes,No,No internet service,No internet service,No internet service,No internet service,No internet service,No internet service,Month-to-month,Yes,Bank transfer (automatic),35.47,2493.08,No
1554-WBHLF,Female,0,Yes,No,61,Yes,No,Fiber optic,No,No,No,No,No,Yes,Month-to-month,Yes,Credit card (automatic),101.87,6218.13,No
9902-XPLUS,Male,0,Yes,No,29,Yes,No,No,No internet service,No internet service,No internet service,No internet service,No internet service,No internet service,Month-to-month,Yes,Electronic check,44.85,1294.18,No
5325-VEGAC,Female,0,Yes,No,15,Yes,No,Fiber optic,No,No,No,No,Yes,Yes,One year,No,Credit card (automatic),109.76,1638.15,No
2788-QWQLG,Male,0,No,No,15,No,No phone service,DSL,No,No,Yes,No,Yes,Yes,One year,Yes,Mailed check,64.48,971.66,No
1912-QDUKJ,Female,0,Yes,Yes,41,Yes,No,DSL,Yes,No,Yes,No,Yes,Yes,Month-to-month,Yes,Bank transfer (automatic),88.72,3604.94,No
1239-FATMU,Male,0,Yes,No,70,Yes,Yes,No,No internet service,No internet service,No internet service,No internet service,No internet service,No internet service,One year,Yes,Mailed check,41.96,2972.51,No
6086-YUDCX,Male,0,Yes,No,23,Yes,Yes,No,No internet service,No internet service,No internet service,No internet service,No internet service,No internet service,One year,Yes,Credit card (automatic),36.89,858.84,No
3421-URSGH,Male,0,Yes,No,51,Yes,No,Fiber optic,No,Yes,No,No,No,No,One year,No,Bank transfer (automatic),100.63,5119.97,No
5993-AHNEG,Female,0,Yes,No,26,Yes,No,Fiber optic,Yes,No,No,No,Yes,No,Month-to-month,Yes,Mailed check,100.46,2608.67,Yes
9850-GXYSD,Female,0,No,No,40,Yes,Yes,Fiber optic,No,Yes,Yes,No,Yes,No,Two year,Yes,Mailed check,106.3,4247.09,No
2850-YANQW,Male,1,Yes,No,46,Yes,No,No,No internet service,No internet service,No internet service,No internet service,No internet service,No internet service,Two year,No,Credit card (automatic),37.63,1766.33,No
9054-GNRZP,Female,0,No,No,56,Yes,Yes,DSL,No,No,No,No,No,No,Month-to-month,No,Credit card (automatic),63.55,3537.99,No
2096-YNEEE,Female,0,Yes,No,53,Yes,Yes,DSL,No,Yes,Yes,Yes,No,No,Two year,Yes,Electronic check,87.17,4603.5,No
7490-YLCXR,Male,0,Yes,Yes,16,Yes,Yes,Fiber optic,No,No,No,No,No,Yes,One year,Yes,Electronic check,89.76,1436.25,No
6136-BZBQQ,Female,0,Yes,Yes,8,No,No phone service,DSL,No,No,No,No,No,Yes,Month-to-month,Yes,Credit card (automatic),52.55,425.15,No
5624-PKPJM,Male,0,Yes,No,40,Yes,Yes,Fiber optic,No,No,No,Yes,No,Yes,Two year,Yes,Bank transfer (automatic),99.16,3968.09,No
7102-TDZCG,Male,0,No,No,29,Yes,No,No,No internet service,No internet service,No internet service,No internet service,No internet service,No internet service,Month-to-month,Yes,Electronic check,40.49,1183.22,No
4121-HJHLU,Male,0,No,No,19,Yes,No,DSL,No,No,No,Yes,Yes,No,Month-to-month,Yes,Electronic check,80.99,1541.17,No
8446-JGSBL,Male,0,No,No,14,Yes,No,Fiber optic,Yes,No,No,No,No,No,Two year,No,Bank transfer (automatic),91.17,1273.04,No
2979-QBVGN,Male,1,Yes,Yes,62,No,No phone service,No,No internet service,No internet service,No internet service,No internet service,No internet service,No internet service,Month-to-month,No,Credit card (automatic),22.67,1418.61,No
6149-MLGUN,Male,0,No,Yes,6,Yes,No,Fiber optic,No,Yes,Yes,No,No,Yes,Two year,Yes,Electronic check,111.84,651.99,No
2941-GLWZK,Male,0,No,No,9,Yes,Yes,DSL,No,Yes,No,Yes,No,Yes,One year,Yes,Electronic check,85.1,780.47,No
4555-DPFVN,Male,1,Yes,Yes,25,Yes,No,Fiber optic,No,No,Yes,Yes,No,No,Month-to-month,Yes,Electronic check,98.74,2435.57,No
2996-XVHCG,Female,0,Yes,No,15,No,No phone service,Fiber optic,Yes,No,Yes,No,Yes,No,Month-to-month,No,Credit card (automatic),85.09,1302.51,Yes
4389-KVZTW,Male,0,No,No,4,Yes,Yes,DSL,No,Yes,No,Yes,Yes,No,Month-to-month,Yes,Credit card (automatic),88.02,341.71,No
2126-DXQFV,Female,1,Yes,Yes,17,Yes,Yes,Fiber optic,No,Yes,No,No,No,No,Two year,No,Bank transfer (automatic),98.65,1689.29,No
2574-UXMRT,Male,0,No,No,26,Yes,Yes,Fiber optic,No,No,Yes,No,No,Yes,Month-to-month,Yes,Mailed check,94.56,2439.87,No
8922-QHEJB,Female,0,Yes,No,31,Yes,Yes,No,No internet service,No internet service,No internet service,No internet service,No internet service,No internet service,One year,No,Mailed check,39.31,1216.73,No
7287-JTBHK,Male,0,No,No,38,Yes,No,No,No internet service,No internet service,No internet service,No internet service,No internet service,No internet service,Two year,Yes,Bank transfer (automatic),45.52,1711.89,No
1787-VQWVA,Male,0,No,No,9,Yes,No,Fiber optic,No,No,No,No,No,No,Two year,Yes,Credit card (automatic),90.1,798.91,No
8787-BWSVM,Female,1,Yes,Yes,71,Yes,Yes,Fiber optic,No,No,No,No,No,No,Two year,Yes,Bank transfer (automatic),92.19,6529.82,No
2441-DCVNF,Female,0,Yes,No,39,Yes,No,DSL,No,No,No,No,No,No,Month-to-month,Yes,Bank transfer (automatic),66.24,2584.61,No
2123-BGTXQ,Female,0,No,No,29,Yes,No,Fiber optic,No,No,No,Yes,No,No,Month-to-month,Yes,Credit card (automatic),104.98,3072.34,Yes
9960-KHSDX,Male,0,No,No,53,Yes,Yes,DSL,No,Yes,Yes,No,No,Yes,Month-to-month,No,Electronic check,80.53,4271.23,Yes
8020-AERTF,Male,0,Yes,Yes,68,Yes,No,DSL,No,Yes,No,Yes,Yes,No,Month-to-month,No,Bank transfer (automatic),89.78,6098.5,No
7721-MSLLK,Male,0,Yes,No,0,Yes,Yes,Fiber optic,Yes,No,No,No,Yes,No,Two year,Yes,Credit card (automatic),107.91, ,Yes
2412-EEVLK,Male,0,Yes,Yes,36,Yes,Yes,DSL,No,No,No,No,No,No,Two year,No,Electronic check,64.16,2299.22,No
8700-XFJKW,Male,0,Yes,No,64,No,No phone service,No,No internet service,No internet service,No internet service,No internet service,No internet service,No internet service,Month-to-month,No,Mailed check,18.63,1166.43,No
7043-PFKAS,Female,0,No,No,17,Yes,Yes,DSL,Yes,No,No,No,No,Yes,Month-to-month,Yes,Mailed check,75.23,1260.53,Yes
9268-UHMYL,Male,0,Yes,Yes,62,No,No phone service,No,No internet service,No internet service,No internet service,No internet service,No internet service,No internet service,Month-to-month,Yes,Credit card (automatic),18.25,1145.79,No
8551-PMQFL,Male,0,Yes,Yes,43,Yes,No,No,No internet service,No internet service,No internet service,No internet service,No internet service,No internet service,Month-to-month,Yes,Bank transfer (automatic),40.0,1726.51,No
3738-UQKVL,Male,0,Yes,Yes,3,Yes,Yes,No,No internet service,No internet service,No internet service,No internet service,No internet service,No internet service,Month-to-month,No,Bank transfer (automatic),32.15,118.8,No
9578-QXZHG,Male,0,Yes,Yes,63,No,No phone service,Fiber optic,Yes,No,No,Yes,No,No,Two year,Yes,Bank transfer (automatic),75.36,4754.55,No
8519-FUEWS,Male,0,Yes,No,4,Yes,Yes,DSL,No,Yes,Yes,No,No,No,Month-to-month,Yes,Mailed check,80.71,324.3,Yes
5688-LRKKE,Male,0,No,No,51,Yes,No,Fiber optic,No,No,Yes,No,No,No,One year,Yes,Electronic check,98.6,5023.63,Yes
2420-XTLVQ,Male,0,No,No,41,Yes,Yes,No,No internet service,No internet service,No internet service,No internet service,No internet service,No internet service,Month-to-month,No,Electronic check,45.4,1870.5,No
6391-CNCSB,Female,0,No,No,57,Yes,No,DSL,Yes,No,Yes,No,Yes,No,Month-to-month,Yes,Electronic check,80.75,4593.4,No
5627-JDMEF,Female,0,Yes,No,22,Yes,No,DSL,No,No,Yes,No,No,Yes,Month-to-month,No,Credit card (automatic),73.43,1640.81,Yes
9008-JKAHJ,Male,0,No,No,8,Yes,Yes,Fiber optic,No,No,Yes,No,Yes,No,Month-to-month,No,Credit card (automatic),98.24,764.69,No
7471-CYDRA,Female,0,No,No,35,Yes,No,Fiber optic,No,No,No,No,No,Yes,Month-to-month,Yes,Electronic check,99.03,3462.58,No
8375-SWYWQ,Female,0,Yes,Yes,54,Yes,Yes,DSL,No,No,No,Yes,No,Yes,One year,No,Electronic check,70.33,3797.18,No
8545-CRZKZ,Male,1,No,No,41,Yes,No,DSL,No,Yes,Yes,No,No,Yes,One year,No,Mailed check,90.28,3704.01,No
5559-MHCXT,Male,0,Yes,No,6,No,No phone service,No,No internet service,No internet service,No internet service,No internet service,No internet service,No internet service,One year,Yes,Bank transfer (automatic),18.31,98.59,No
4601-ZEULQ,Female,0,No,No,46,Yes,Yes,DSL,No,No,No,Yes,No,Yes,Two year,Yes,Electronic check,80.31,3709.27,No
1335-QSZJB,Male,0,Yes,No,29,Yes,No,DSL,No,No,No,No,Yes,No,Two year,Yes,Electronic check,68.98,1993.88,No
1555-DHVED,Female,0,No,No,53,Yes,No,No,No internet service,No internet service,No internet service,No internet service,No internet service,No internet service,Two year,Yes,Bank transfer (automatic),41.48,2182.53,No
1286-KQGMF,Male,0,No,No,67,Yes,Yes,No,No internet service,No internet service,No internet service,No internet service,No internet service,No internet service,Month-to-month,No,Bank transfer (automatic),36.44,2419.05,No
8199-AEPWK,Female,0,No,No,62,Yes,No,Fiber optic,No,Yes,Yes,No,Yes,Yes,Month-to-month,Yes,Mailed check,118.75,7353.95,No
1626-PGHYY,Female,1,No,No,72,Yes,Yes,Fiber optic,No,No,No,No,No,No,Two year,Yes,Electronic check,91.45,6572.05,No
3328-QNZYJ,Male,1,Yes,No,44,Yes,No,DSL,No,No,Yes,No,Yes,No,Two year,Yes,Mailed check,82.96,3653.14,No
1228-AAUTV,Female,1,No,No,52,Yes,No,Fiber optic,No,No,No,Yes,Yes,No,Two year,No,Bank transfer (automatic),106.97,5560.68,No
2255-BERAR,Male,1,Yes,No,7,Yes,No,Fiber optic,No,No,Yes,Yes,No,No,One year,No,Electronic check,105.37,743.68,No
8999-DTPYF,Female,0,Yes,No,12,Yes,No,DSL,No,No,No,No,Yes,No,Two year,Yes,Electronic check,74.72,913.25,No
3041-ASWAM,Female,0,Yes,Yes,9,Yes,No,Fiber optic,No,Yes,Yes,No,No,No,Month-to-month,Yes,Mailed check,101.48,925.67,Yes
7516-UYTYZ,Female,0,No,No,53,Yes,No,Fiber optic,No,No,Yes,Yes,No,Yes,Month-to-month,No,Bank transfer (automatic),106.16,5617.09,Yes
9346-LKLYG,Male,0,No,No,44,No,No phone service,No,No internet service,No internet service,No internet service,No internet service,No internet service,No internet service,Month-to-month,Yes,Electronic check,18.25,780.79,No
7770-RBMET,Female,0,Yes,No,67,Yes,No,DSL,No,Yes,Yes,No,No,No,Month-to-month,Yes,Mailed check,76.69,5139.14,No
5025-JBDUW,Female,0,Yes,Yes,51,Yes,No,DSL,No,No,No,Yes,No,No,Two year,Yes,Electronic check,66.26,3385.92,No
3619-VPJLS,Male,0,Yes,No,63,Yes,Yes,DSL,No,Yes,No,No,No,No,Month-to-month,No,Credit card (automatic),78.58,4954.0,No
9181-MJUNK,Male,0,No,No,55,Yes,Yes,No,No internet service,No internet service,No internet service,No internet service,No internet service,No internet service,One year,No,Credit card (automatic),47.9,2630.7,No
5137-NDBRE,Female,0,Yes,Yes,45,Yes,Yes,Fiber optic,No,No,No,Yes,No,No,Two year,Yes,Mailed check,99.37,4502.8,No
5784-UFKZA,Male,1,Yes,Yes,37,Yes,No,Fiber optic,Yes,No,No,No,No,No,Two year,No,Mailed check,98.6,3655.33,No
7800-EXKAT,Male,0,No,No,9,Yes,No,Fiber optic,No,No,No,No,No,No,Two year,No,Bank transfer (automatic),87.43,803.83,No
2325-JNTLW,Female,0,No,No,43,Yes,No,DSL,No,Yes,No,Yes,No,Yes,One year,No,Credit card (automatic),93.69,4003.38,No
5334-JJVRD,Female,0,No,No,38,No,No phone service,Fiber optic,No,No,No,No,No,No,One year,Yes,Bank transfer (automatic),68.07,2592.18,No
7752-KJCZB,Male,0,Yes,Yes,71,No,No phone service,Fiber optic,Yes,No,Yes,No,No,No,Two year,No,Electronic check,80.17,5699.19,No
9968-BNCMW,Female,0,No,No,66,Yes,Yes,No,No internet service,No internet service,No internet service,No internet service,No internet service,No internet service,Month-to-month,No,Mailed check,41.35,2740.53,No
6309-PCYKN,Female,0,No,No,25,Yes,No,Fiber optic,No,No,No,Yes,No,No,One year,Yes,Electronic check,97.62,2445.52,No
9078-RTEMN,Male,0,Yes,Yes,13,Yes,Yes,Fiber optic,No,Yes,No,No,No,No,Two year,Yes,Electronic check,91.65,1191.16,No
2581-KVYVY,Female,0,No,No,15,Yes,Yes,Fiber optic,No,No,No,No,Yes,Yes,Month-to-month,No,Bank transfer (automatic),99.46,1486.31,No
9985-EWQWR,Male,1,Yes,Yes,35,Yes,Yes,DSL,No,Yes,No,No,No,No,Month-to-month,Yes,Bank transfer (automatic),66.11,2332.76,No
2124-PUCNR,Male,0,Yes,Yes,70,Yes,Yes,Fiber optic,Yes,Yes,No,Yes,Yes,No,Month-to-month,Yes,Mailed check,109.37,7667.64,No
5178-VDJYN,Female,0,No,No,62,Yes,Yes,Fiber optic,No,No,No,Yes,Yes,No,Month-to-month,Yes,Mailed check,108.74,6754.73,No
2628-CQYBC,Male,0,No,No,67,Yes,Yes,Fiber optic,No,No,No,Yes,No,No,One year,Yes,Mailed check,98.56,6586.05,No
4376-FCHRV,Male,0,No,No,16,Yes,Yes,Fiber optic,No,Yes,Yes,No,Yes,Yes,Two year,Yes,Credit card (automatic),118.42,1904.99,Yes
3757-SVAWE,Male,0,Yes,No,0,Yes,No,No,No internet service,No internet service,No internet service,No internet service,No internet service,No internet service,Month-to-month,Yes,Electronic check,47.78, ,Yes
7164-UWKRA,Male,0,No,No,49,Yes,Yes,Fiber optic,No,Yes,No,Yes,Yes,Yes,Month-to-month,No,Electronic check,108.06,5305.77,No
5021-ZDDSN,Male,0,No,No,29,Yes,No,DSL,No,No,No,Yes,No,No,One year,Yes,Credit card (automatic),66.18,1919.25,No
5094-FETJU,Female,0,No,No,33,Yes,Yes,Fiber optic,No,No,Yes,No,No,No,Two year,No,Mailed check,96.62,3191.23,No
4989-KFRGX,Female,0,Yes,No,53,Yes,Yes,DSL,No,No,Yes,No,Yes,Yes,Month-to-month,No,Electronic check,76.58,4043.95,Yes
4674-VMKLL,Male,1,No,Yes,72,Yes,No,DSL,No,No,No,No,No,Yes,Month-to-month,Yes,Credit card (automatic),71.94,5197.81,No
5310-XSABA,Male,0,No,Yes,12,Yes,No,Fiber optic,No,No,No,Yes,Yes,No,Month-to-month,No,Bank transfer (automatic),104.85,1285.64,Yes
7217-EKVDD,Male,0,Yes,Yes,44,Yes,Yes,DSL,Yes,Yes,Yes,No,No,No,Month-to-month,No,Credit card (automatic),84.45,3725.24,No
1714-GCRTE,Male,0,No,No,2,No,No phone service,No,No internet service,No internet service,No internet service,No internet service,No internet service,No internet service,Month-to-month,Yes,Bank transfer (automatic),18.25,27.38,No
5718-HBMSF,Female,1,No,No,36,Yes,No,Fiber optic,No,No,Yes,No,Yes,No,Month-to-month,Yes,Credit card (automatic),101.33,3641.45,Yes
8092-ZBDGW,Male,0,No,No,2,Yes,Yes,DSL,No,Yes,No,No,No,No,Month-to-month,No,Bank transfer (automatic),77.54,142.16,Yes
2278-MNDBC,Male,0,Yes,Yes,59,Yes,Yes,DSL,No,Yes,No,Yes,No,No,Month-to-month,Yes,Bank transfer (automatic),77.25,4573.39,No
1505-NYJGF,Female,0,Yes,No,41,Yes,No,No,No internet service,No internet service,No internet service,No internet service,No internet service,No internet service,Month-to-month,Yes,Credit card (automatic),35.36,1438.31,No
9831-ZRMDY,Male,0,No,No,18,Yes,Yes,DSL,No,Yes,No,No,Yes,No,Two year,Yes,Electronic check,77.35,1402.89,Yes
1012-DSECQ,Female,1,Yes,Yes,16,Yes,No,Fiber optic,Yes,Yes,No,No,Yes,No,Two year,Yes,Electronic check,104.43,1674.8,Yes
1236-GREUC,Female,0,Yes,No,47,Yes,Yes,Fiber optic,No,No,No,No,Yes,No,Two year,Yes,Electronic check,89.29,4214.59,No
6518-BTUVG,Male,0,Yes,Yes,18,Yes,No,No,No internet service,No internet service,No internet service,No internet service,No internet service,No internet service,Month-to-month,No,Electronic check,42.12,779.74,Yes
3126-ZTEAJ,Male,0,Yes,No,28,Yes,No,No,No internet service,No internet service,No internet service,No internet service,No internet service,No internet service,Month-to-month,Yes,Mailed check,42.83,1206.78,No
6985-JVNZW,Male,0,No,No,1,Yes,Yes,Fiber optic,No,No,No,No,No,Yes,Month-to-month,No,Electronic check,97.36,79.93,Yes
5240-WLAHK,Male,0,No,No,25,Yes,No,Fiber optic,No,No,No,No,Yes,No,Month-to-month,Yes,Bank transfer (automatic),91.67,2302.26,Yes
9787-VDANN,Female,0,Yes,Yes,52,Yes,Yes,Fiber optic,No,No,Yes,No,No,Yes,Two year,No,Credit card (automatic),106.87,5534.64,No
7617-GVKJL,Female,0,Yes,No,4,Yes,Yes,DSL,No,No,Yes,No,No,Yes,One year,No,Mailed check,71.44,281.6,No
9499-KPXAN,Female,1,Yes,No,61,Yes,Yes,Fiber optic,No,No,Yes,No,Yes,Yes,Month-to-month,Yes,Mailed check,103.67,6343.34,No
7374-XBTVJ,Male,0,No,No,19,Yes,Yes,Fiber optic,No,Yes,No,No,Yes,No,Month-to-month,Yes,Credit card (automatic),97.53,1857.9,Yes
7714-MRKEV,Female,0,Yes,No,53,No,No phone service,Fiber optic,No,Yes,No,No,No,No,One year,No,Electronic check,78.94,4163.94,No
2947-EXYQP,Female,1,No,No,10,Yes,No,Fiber optic,No,Yes,No,No,No,Yes,Two year,No,Mailed check,102.18,1026.64,No
4246-QQNRP,Male,0,No,No,9,Yes,No,Fiber optic,No,Yes,No,Yes,Yes,Yes,One year,Yes,Credit card (automatic),118.75,1085.94,No
8912-SKRFF,Female,0,Yes,Yes,63,Yes,Yes,Fiber optic,No,Yes,No,No,No,Yes,Month-to-month,No,Electronic check,101.83,6414.24,Yes
8440-PBJZR,Female,0,Yes,No,69,Yes,No,Fiber optic,No,No,No,No,No,No,One year,Yes,Credit card (automatic),97.44,6745.85,No
8816-PBECT,Female,1,No,No,19,Yes,Yes,No,No internet service,No internet service,No internet service,No internet service,No internet service,No internet service,Month-to-month,No,Mailed check,43.63,833.52,No
7808-LTPTS,Male,0,Yes,No,70,Yes,Yes,No,No internet service,No internet service,No internet service,No internet service,No internet service,No internet service,Two year,No,Mailed check,36.45,2558.42,No
5100-RHTXE,Male,0,Yes,No,59,Yes,No,Fiber optic,No,No,Yes,No,Yes,No,Month-to-month,No,Credit card (automatic),95.58,5655.3,No
7002-CKSGF,Male,0,Yes,No,18,Yes,No,Fiber optic,Yes,Yes,Yes,Yes,No,Yes,One year,Yes,Credit card (automatic),118.75,2124.64,No
4454-CRDHH,Male,0,No,No,58,Yes,No,DSL,No,Yes,No,No,Yes,Yes,Month-to-month,Yes,Electronic check,80.63,4675.27,Yes
9710-ZBDTH,Female,0,No,No,71,No,No phone service,DSL,No,No,No,Yes,Yes,Yes,Month-to-month,Yes,Mailed check,61.82,4401.77,No
6796-YDZBF,Female,0,No,No,22,Yes,Yes,Fiber optic,No,Yes,No,No,No,No,Two year,Yes,Electronic check,95.81,2083.32,No
5567-XPDFU,Male,0,Yes,No,32,Yes,Yes,Fiber optic,No,No,Yes,Yes,Yes,No,Two year,Yes,Mailed check,108.28,3480.2,No
6053-ANKAF,Male,1,No,No,21,Yes,Yes,Fiber optic,Yes,No,Yes,Yes,No,Yes,Two year,Yes,Electronic check,117.96,2487.49,No
9417-SBAJM,Male,0,No,No,3,Yes,Yes,Fiber optic,No,No,No,No,No,Yes,One year,Yes,Electronic check,98.81,303.02,Yes
5080-SEBSX,Female,1,No,No,68,Yes,No,No,No internet service,No internet service,No internet service,No internet service,No internet service,No internet service,One year,Yes,Bank transfer (automatic),39.97,2737.97,No
2509-JRDWF,Female,0,No,No,42,Yes,Yes,DSL,Yes,Yes,No,No,Yes,No,Month-to-month,Yes,Credit card (automatic),79.1,3317.3,No
5792-JSECN,Female,1,No,No,13,Yes,Yes,Fiber optic,No,No,Yes,No,No,Yes,Two year,Yes,Credit card (automatic),99.89,1282.35,No
8786-RULDL,Female,0,No,No,38,Yes,No,Fiber optic,No,No,No,No,Yes,Yes,Month-to-month,Yes,Electronic check,107.46,4108.57,Yes
9886-USHQQ,Female,0,Yes,No,56,Yes,No,Fiber optic,Yes,Yes,Yes,No,No,No,One year,No,Credit card (automatic),106.91,5969.66,No
6887-XSFFQ,Female,0,Yes,Yes,62,Yes,No,Fiber optic,No,No,No,Yes,No,No,One year,No,Electronic check,92.32,5741.79,No
8794-YQNVZ,Male,0,No,No,56,Yes,Yes,No,No internet service,No internet service,No internet service,No internet service,No internet service,No internet service,Two year,Yes,Credit card (automatic),44.22,2478.12,No
1250-HJPHH,Male,0,Yes,No,25,No,No phone service,Fiber optic,No,No,No,Yes,No,Yes,One year,Yes,Bank transfer (automatic),81.15,2040.52,No
1219-ALZHF,Female,0,No,No,67,Yes,No,Fiber optic,Yes,Yes,Yes,No,No,No,Month-to-month,No,Mailed check,109.17,7296.86,No
3379-ZRREX,Male,0,No,No,55,No,No phone service,DSL,No,No,No,No,No,No,Two year,Yes,Credit card (automatic),43.66,2391.01,No
2770-ZYPWZ,Female,0,Yes,Yes,32,Yes,Yes,No,No internet service,No internet service,No internet service,No internet service,No internet service,No internet service,Month-to-month,No,Electronic check,37.22,1201.79,No
6222-UQNJR,Male,0,No,No,57,Yes,No,DSL,No,No,No,No,No,No,Month-to-month,Yes,Bank transfer (automatic),59.29,3386.79,No
3405-EGAYG,Male,0,Yes,Yes,72,Yes,No,No,No internet service,No internet service,No internet service,No internet service,No internet service,No internet service,Month-to-month,Yes,Bank transfer (automatic),39.31,2818.41,No
8198-LJFVN,Female,1,Yes,No,2,Yes,No,No,No internet service,No internet service,No internet service,No internet service,No internet service,No internet service,Month-to-month,No,Electronic check,43.39,86.54,No
5046-RVRMX,Female,0,No,No,44,Yes,Yes,Fiber optic,No,No,No,No,Yes,No,Two year,No,Electronic check,96.0,4206.13,No
9060-ZCXEQ,Male,0,No,No,49,Yes,Yes,DSL,Yes,No,No,Yes,Yes,Yes,Month-to-month,No,Mailed check,88.93,4345.52,No
6921-EAYXE,Male,0,Yes,Yes,63,Yes,No,Fiber optic,No,No,No,No,Yes,No,Two year,Yes,Electronic check,95.89,6031.12,No
6411-DPHUP,Male,0,Yes,Yes,35,Yes,No,No,No internet service,No internet service,No internet service,No internet service,No internet service,No internet service,Month-to-month,No,Credit card (automatic),36.98,1271.14,No
5482-SMAQU,Female,0,No,No,25,Yes,Yes,DSL,No,No,Yes,No,No,Yes,Month-to-month,Yes,Electronic check,73.82,1843.55,Yes
5412-EAHUH,Male,1,No,No,14,Yes,Yes,DSL,Yes,No,No,No,No,No,Two year,Yes,Mailed check,66.22,920.86,No
9604-HLUQA,Male,1,No,No,30,Yes,No,DSL,Yes,Yes,No,No,No,Yes,Month-to-month,Yes,Mailed check,80.16,2424.23,No
1686-EWABU,Female,0,Yes,No,30,Yes,No,Fiber optic,No,No,Yes,No,No,Yes,Month-to-month,No,Mailed check,103.39,3083.89,Yes
6605-ZFRDQ,Male,0,Yes,No,60,No,No phone service,DSL,No,Yes,No,No,No,Yes,Month-to-month,Yes,Electronic check,55.6,3338.15,No
1955-XKGZB,Male,0,No,No,62,Yes,Yes,DSL,No,No,No,No,No,Yes,Month-to-month,No,Mailed check,77.4,4800.87,No
8198-NSGXL,Female,0,Yes,No,36,Yes,No,No,No internet service,No internet service,No internet service,No internet service,No internet service,No internet service,One year,Yes,Credit card (automatic),45.07,1600.13,No
4766-LHHDM,Male,0,No,No,50,Yes,No,Fiber optic,No,No,Yes,No,No,Yes,Month-to-month,Yes,Electronic check,107.79,5346.49,Yes
5272-KZCXW,Male,0,Yes,Yes,53,Yes,Yes,Fiber optic,No,No,Yes,No,Yes,No,One year,Yes,Electronic check,106.53,5635.1,No
1200-SFAWC,Male,0,No,No,45,No,No phone service,DSL,No,No,No,No,No,No,Two year,No,Credit card (automatic),49.05,2228.71,No
3689-CDBWB,Male,1,No,No,54,Yes,No,DSL,No,No,No,Yes,No,Yes,One year,No,Credit card (automatic),72.2,3907.77,No
7832-DXWRV,Male,0,No,No,5,Yes,Yes,DSL,No,No,No,Yes,No,Yes,One year,Yes,Mailed check,78.15,385.84,No
3684-UFQYT,Male,0,No,No,33,Yes,No,DSL,No,Yes,No,No,Yes,Yes,Month-to-month,No,Credit card (automatic),86.71,2853.69,No
3426-TXXTT,Male,0,Yes,No,48,No,No phone service,DSL,No,No,Yes,Yes,No,Yes,Two year,Yes,Credit card (automatic),61.87,2976.84,No
8062-TDVEP,Female,0,Yes,No,37,Yes,Yes,Fiber optic,Yes,Yes,Yes,Yes,No,No,Month-to-month,No,Electronic check,116.2,4298.09,No
4054-FGCLL,Male,0,No,No,55,Yes,No,DSL,Yes,Yes,No,Yes,No,No,One year,Yes,Electronic check,84.17,4651.84,No
4630-CQEWA,Male,1,No,No,23,Yes,No,DSL,Yes,No,No,Yes,No,Yes,Month-to-month,Yes,Mailed check,89.55,2060.52,No
1497-HKZNK,Female,0,No,No,69,Yes,No,No,No internet service,No internet service,No internet service,No internet service,No internet service,No internet service,Two year,Yes,Bank transfer (automatic),45.23,3123.46,No
8537-FXKHH,Female,0,Yes,No,9,Yes,No,No,No internet service,No internet service,No internet service,No internet service,No internet service,No internet service,One year,No,Credit card (automatic),40.51,358.52,No
1087-SPRRA,Female,0,Yes,No,58,Yes,No,Fiber optic,No,No,Yes,No,Yes,Yes,Month-to-month,No,Mailed check,113.1,6542.79,Yes
8898-NSAUS,Female,0,No,No,53,Yes,Yes,No,No internet service,No internet service,No internet service,No internet service,No internet service,No internet service,Two year,Yes,Electronic check,38.98,2078.14,No
4315-YRXVE,Male,0,No,No,5,Yes,Yes,No,No internet service,No internet service,No internet service,No internet service,No internet service,No internet service,Month-to-month,Yes,Electronic check,45.15,224.14,No
9967-TEVLW,Female,1,Yes,No,17,No,No phone service,Fiber optic,No,No,No,Yes,No,No,Two year,No,Credit card (automatic),74.51,1274.36,No
2559-GJLRF,Male,0,No,No,68,Yes,No,Fiber optic,Yes,No,Yes,Yes,Yes,Yes,One year,Yes,Mailed check,112.82,7668.99,No
7349-AHRGL,Male,1,Yes,Yes,49,Yes,No,No,No internet service,No internet service,No internet service,No internet service,No internet service,No internet service,Month-to-month,Yes,Electronic check,46.63,2269.82,No
6453-FZWZM,Male,0,Yes,No,57,Yes,No,No,No internet service,No internet service,No internet service,No internet service,No internet service,No internet service,One year,Yes,Bank transfer (automatic),39.96,2277.91,No
4090-ZTVEW,Male,1,No,No,61,Yes,Yes,DSL,No,No,Yes,No,Yes,No,One year,No,Bank transfer (automatic),84.36,5149.2,No
5752-UVCCB,Female,1,No,No,0,Yes,No,Fiber optic,No,No,No,No,No,No,Month-to-month,No,Mailed check,86.1, ,Yes
6785-XADMK,Female,0,Yes,Yes,62,Yes,Yes,Fiber optic,No,No,Yes,No,Yes,Yes,Two year,Yes,Credit card (automatic),103.56,6422.45,No
1926-QXFAF,Male,0,No,No,52,No,No phone service,DSL,No,No,No,Yes,No,No,Month-to-month,Yes,Electronic check,50.86,2632.4,No
2661-MCJCS,Female,1,No,No,17,Yes,Yes,Fiber optic,No,Yes,Yes,Yes,Yes,No,Month-to-month,Yes,Bank transfer (automatic),111.49,1857.55,No
5222-BBMQE,Male,1,No,No,22,Yes,No,DSL,Yes,Yes,No,No,No,No,Month-to-month,Yes,Electronic check,76.6,1686.02,Yes
3911-QMCKE,Female,0,No,No,28,Yes,Yes,DSL,Yes,No,Yes,No,No,No,Two year,Yes,Mailed check,73.25,2049.07,No
9339-VHFDT,Female,1,No,No,44,Yes,No,DSL,No,No,No,No,No,Yes,Month-to-month,Yes,Credit card (automatic),70.36,3091.92,No
9263-GRFYH,Female,1,Yes,Yes,19,Yes,Yes,No,No internet service,No internet service,No internet service,No internet service,No internet service,No internet service,Two year,Yes,Bank transfer (automatic),41.85,793.63,No
1864-XYKXF,Female,0,No,No,20,Yes,Yes,DSL,Yes,No,Yes,No,No,No,Two year,Yes,Mailed check,79.98,1604.95,No
3437-NQKVU,Female,0,Yes,No,39,Yes,No,No,No internet service,No internet service,No internet service,No internet service,No internet service,No internet service,One year,No,Bank transfer (automatic),43.97,1742.14,No
2088-ZDNLL,Female,0,Yes,No,53,Yes,Yes,No,No internet service,No internet service,No internet service,No internet service,No internet service,No internet service,Month-to-month,Yes,Bank transfer (automatic),41.04,2166.51,No
2156-JAZDM,Female,0,Yes,No,31,Yes,No,Fiber optic,No,No,Yes,No,Yes,No,Month-to-month,No,Credit card (automatic),103.8,3192.22,Yes
2944-EKZMZ,Female,1,Yes,No,13,Yes,No,DSL,No,No,No,Yes,No,Yes,Month-to-month,No,Credit card (automatic),75.61,979.62,No
8442-LXJNS,Male,1,No,No,8,Yes,No,Fiber optic,No,No,Yes,No,No,Yes,One year,Yes,Bank transfer (automatic),101.7,796.65,No
6304-VDMRH,Male,0,No,No,60,Yes,No,Fiber optic,No,No,No,No,No,Yes,Month-to-month,No,Electronic check,93.98,5635.89,Yes
8801-HHHSC,Female,0,Yes,No,35,Yes,No,Fiber optic,Yes,No,Yes,No,No,Yes,Month-to-month,Yes,Electronic check,110.89,3854.59,No
2285-UECGK,Male,0,No,No,5,Yes,No,Fiber optic,No,Yes,Yes,No,Yes,No,Month-to-month,No,Mailed check,112.23,581.95,Yes
1298-WCKEH,Male,0,No,No,27,Yes,Yes,DSL,No,No,No,Yes,No,No,Month-to-month,No,Mailed check,71.0,1906.77,No
1407-YYDEX,Male,0,Yes,No,1,Yes,No,No,No internet service,No internet service,No internet service,No internet service,No internet service,No internet service,Month-to-month,No,Credit card (automatic),46.19,43.69,No
4734-BDKPR,Male,0,No,No,14,No,No phone service,Fiber optic,No,No,No,Yes,No,No,Month-to-month,Yes,Mailed check,75.08,1036.93,Yes
2378-JGNHE,Male,0,Yes,No,9,Yes,Yes,Fiber optic,No,No,Yes,No,No,Yes,Two year,No,Mailed check,104.11,917.75,No
8336-PMDBV,Male,0,Yes,No,67,Yes,Yes,Fiber optic,No,No,No,No,No,Yes,Two year,Yes,Mailed check,97.05,6509.67,No
9716-QAMGB,Male,1,No,No,28,No,No phone service,DSL,No,Yes,No,No,Yes,Yes,Month-to-month,Yes,Electronic check,67.78,1875.76,No
2281-MLPSG,Male,0,No,No,12,Yes,No,Fiber optic,No,No,No,Yes,No,No,One year,Yes,Mailed check,91.69,1112.03,No
3576-SEBWF,Male,0,Yes,Yes,47,Yes,Yes,Fiber optic,No,No,No,Yes,Yes,Yes,Month-to-month,Yes,Mailed check,107.91,5092.05,No
2087-TNDWF,Male,1,Yes,No,72,Yes,No,Fiber optic,Yes,Yes,No,No,Yes,Yes,One year,No,Bank transfer (automatic),115.97,8375.06,No
7083-RVTSB,Male,1,No,No,35,Yes,Yes,Fiber optic,No,No,Yes,No,Yes,Yes,Month-to-month,No,Credit card (automatic),110.21,3854.42,Yes
9441-DGLGQ,Female,0,No,No,13,Yes,Yes,No,No internet service,No internet service,No internet service,No internet service,No internet service,No internet service,Month-to-month,No,Mailed check,45.89,591.56,No
1476-LJRNU,Male,0,No,No,34,Yes,Yes,No,No internet service,No internet service,No internet service,No internet service,No internet service,No internet service,Month-to-month,No,Mailed check,45.82,1545.85,No
2479-YKJPD,Female,0,Yes,Yes,45,Yes,No,No,No internet service,No internet service,No internet service,No internet service,No internet service,No internet service,One year,No,Bank transfer (automatic),31.88,1439.45,No
8330-GYDWK,Male,0,No,No,63,No,No phone service,Fiber optic,No,No,Yes,No,Yes,No,Month-to-month,Yes,Credit card (automatic),83.92,5270.76,No
6465-WDJYD,Female,0,No,No,10,Yes,No,Fiber optic,No,No,No,No,Yes,No,One year,Yes,Bank transfer (automatic),97.23,994.88,Yes
1925-NAZXE,Female,0,Yes,Yes,40,Yes,No,DSL,No,No,Yes,No,No,Yes,Month-to-month,Yes,Electronic check,80.41,3208.0,No
2554-UNVZK,Male,0,No,No,3,No,No phone service,DSL,Yes,No,No,No,No,No,Month-to-month,Yes,Mailed check,50.96,157.97,Yes
3284-QRLHG,Male,0,Yes,Yes,37,Yes,No,Fiber optic,No,Yes,Yes,Yes,No,No,Two year,No,Electronic check,104.55,3875.2,No
5693-LLCXS,Male,1,No,No,1,Yes,Yes,No,No internet service,No internet service,No internet service,No internet service,No internet service,No internet service,Month-to-month,Yes,Electronic check,35.58,15.1,No
9269-VQHRP,Female,0,Yes,No,30,Yes,No,Fiber optic,No,No,Yes,Yes,No,No,Month-to-month,No,Credit card (automatic),99.44,2953.65,No
9313-FADER,Female,0,Yes,No,36,Yes,No,No,No internet service,No internet service,No internet service,No internet service,No internet service,No internet service,Month-to-month,Yes,Mailed check,46.35,1681.97,No
2319-DKULG,Male,0,No,No,71,Yes,No,Fiber optic,No,No,No,No,No,No,Month-to-month,No,Electronic check,85.95,6117.43,No
3559-VLJUJ,Female,0,No,No,14,Yes,No,Fiber optic,No,Yes,No,No,No,No,Month-to-month,No,Mailed check,100.68,1442.17,Yes
4210-UHNRE,Male,0,Yes,Yes,17,Yes,No,No,No internet service,No internet service,No internet service,No internet service,No internet service,No internet service,One year,No,Electronic check,43.06,733.04,No
2155-WHJQC,Female,0,No,No,42,Yes,Yes,Fiber optic,No,No,No,No,Yes,Yes,One year,Yes,Electronic check,100.64,4207.48,No
1410-KZPPQ,Female,1,No,No,11,Yes,No,DSL,No,No,No,No,No,No,Month-to-month,Yes,Bank transfer (automatic),70.37,779.24,Yes
8747-WANPF,Male,1,Yes,Yes,4,Yes,Yes,DSL,No,No,Yes,No,No,No,Month-to-month,No,Electronic check,77.77,324.34,Yes
9774-GWCQT,Female,1,No,No,35,Yes,No,DSL,No,No,Yes,No,Yes,No,Month-to-month,No,Electronic check,74.86,2645.57,Yes
5536-CCQWQ,Male,0,Yes,No,17,Yes,Yes,DSL,Yes,Yes,No,No,No,No,Two year,Yes,Bank transfer (automatic),74.83,1281.64,No
1907-UMBJE,Male,0,No,No,49,No,No phone service,No,No internet service,No internet service,No internet service,No internet service,No internet service,No internet service,Month-to-month,No,Credit card (automatic),26.71,1296.02,No
9876-XCPAL,Female,0,Yes,Yes,6,Yes,No,DSL,No,No,No,No,No,Yes,Month-to-month,Yes,Electronic check,65.28,373.12,Yes
2403-TBXFG,Female,0,No,No,1,Yes,No,DSL,Yes,No,No,No,No,Yes,One year,Yes,Mailed check,73.21,60.98,No
8970-XCCWZ,Male,0,Yes,Yes,16,Yes,No,Fiber optic,No,No,No,Yes,No,No,Month-to-month,Yes,Electronic check,92.34,1475.83,No
5398-DDGSC,Female,0,Yes,No,62,Yes,Yes,No,No internet service,No internet service,No internet service,No internet service,No internet service,No internet service,Month-to-month,Yes,Electronic check,35.4,2209.6,No
6772-VDZZH,Female,0,No,No,40,No,No phone service,DSL,Yes,No,No,Yes,Yes,No,Month-to-month,Yes,Mailed check,57.51,2286.92,No
2009-HGGYD,Female,1,Yes,No,20,Yes,No,DSL,No,No,No,No,Yes,No,Two year,Yes,Credit card (automatic),74.75,1472.84,No
3852-UBBHZ,Male,0,No,No,43,Yes,Yes,Fiber optic,No,No,Yes,Yes,Yes,Yes,Two year,Yes,Electronic check,112.93,4872.13,No
8554-YWCKN,Female,1,Yes,No,47,Yes,No,Fiber optic,No,No,Yes,No,No,Yes,Two year,Yes,Electronic check,111.31,5231.11,No
2499-ZQWGT,Male,0,No,No,32,Yes,Yes,DSL,No,No,No,No,No,No,Month-to-month,Yes,Bank transfer (automatic),65.89,2105.39,No
1953-ARBGV,Female,0,No,Yes,12,No,No phone service,DSL,No,No,Yes,Yes,Yes,No,Month-to-month,Yes,Credit card (automatic),61.32,732.77,Yes
5478-KGSYT,Female,0,Yes,Yes,26,Yes,Yes,DSL,No,Yes,Yes,No,No,No,Two year,Yes,Mailed check,81.25,2110.1,No
4229-LCDGK,Female,0,No,No,63,Yes,Yes,No,No internet service,No internet service,No internet service,No internet service,No internet service,No internet service,Two year,Yes,Mailed check,38.42,2418.61,No
9910-WCHBB,Male,1,No,No,51,Yes,No,Fiber optic,No,No,Yes,No,No,No,Month-to-month,Yes,Electronic check,98.33,5012.11,No
4372-ZESKN,Female,0,No,No,26,Yes,Yes,No,No internet service,No internet service,No internet service,No internet service,No internet service,No internet service,Month-to-month,Yes,Credit card (automatic),35.91,942.18,No
8822-VVKBZ,Male,0,No,No,65,Yes,No,Fiber optic,Yes,Yes,No,Yes,No,No,Month-to-month,Yes,Credit card (automatic),109.79,7124.78,No
9944-WMGEJ,Female,0,Yes,Yes,13,Yes,Yes,No,No internet service,No internet service,No internet service,No internet service,No internet service,No internet service,Month-to-month,Yes,Credit card (automatic),31.69,402.41,No
4009-GYRFR,Female,0,Yes,No,12,Yes,Yes,Fiber optic,No,Yes,No,No,No,Yes,Month-to-month,Yes,Electronic check,111.11,1354.46,Yes
7344-NYZLM,Female,0,Yes,No,1,Yes,Yes,No,No internet service,No internet service,No internet service,No internet service,No internet service,No internet service,Month-to-month,Yes,Electronic check,39.61,35.07,No
2953-UYREN,Male,0,No,No,6,Yes,No,No,No internet service,No internet service,No internet service,No internet service,No internet service,No internet service,Month-to-month,No,Electronic check,42.43,258.02,No
8150-BQRNR,Male,0,Yes,No,22,Yes,Yes,Fiber optic,No,Yes,No,No,No,Yes,One year,Yes,Electronic check,98.56,2176.54,Yes
9061-CPVVM,Male,0,Yes,No,3,Yes,Yes,No,No internet service,No internet service,No internet service,No internet service,No internet service,No internet service,Month-to-month,Yes,Mailed check,40.75,118.01,No
9975-HLVLJ,Female,0,Yes,Yes,27,Yes,No,No,No internet service,No internet service,No internet service,No internet service,No internet service,No internet service,Month-to-month,No,Mailed check,40.19,1079.8,No
6001-QZQEB,Female,0,No,No,5,Yes,No,Fiber optic,No,Yes,Yes,No,No,Yes,Two year,Yes,Credit card (automatic),108.92,551.26,No
9705-LEFCE,Female,0,No,No,2,Yes,Yes,DSL,Yes,Yes,No,Yes,No,Yes,Month-to-month,Yes,Bank transfer (automatic),87.9,190.49,No
8021-RQASZ,Male,0,Yes,No,42,Yes,No,No,No internet service,No internet service,No internet service,No internet service,No internet service,No internet service,Two year,No,Electronic check,43.72,1845.56,No
9308-KQHXY,Male,0,No,No,40,Yes,No,DSL,Yes,No,No,No,No,No,Month-to-month,Yes,Electronic check,68.78,2757.61,No
3008-MFQHS,Female,0,No,No,58,Yes,Yes,No,No internet service,No internet service,No internet service,No internet service,No internet service,No internet service,One year,Yes,Credit card (automatic),38.33,2215.79,No
9832-WEDVB,Female,0,No,No,33,Yes,No,No,No internet service,No internet service,No internet service,No internet service,No internet service,No internet service,Month-to-month,No,Credit card (automatic),44.62,1457.92,No
4601-ZLAZS,Male,0,No,No,63,Yes,Yes,DSL,No,Yes,No,No,No,Yes,Two year,No,Electronic check,75.31,4732.82,No
3975-QQPZU,Female,0,Yes,Yes,35,No,No phone service,Fiber optic,No,Yes,Yes,Yes,Yes,No,Month-to-month,No,Credit card (automatic),100.38,3514.48,Yes
3330-ZZBHQ,Male,0,Yes,No,19,Yes,No,No,No internet service,No internet service,No internet service,No internet service,No internet service,No internet service,Month-to-month,Yes,Mailed check,38.9,754.81,No
8904-TPHCX,Female,0,Yes,No,9,Yes,No,DSL,No,Yes,No,No,No,No,Month-to-month,No,Bank transfer (automatic),70.43,644.73,Yes
5793-LZDGW,Male,1,No,No,35,Yes,No,Fiber optic,No,No,Yes,Yes,No,Yes,Two year,Yes,Bank transfer (automatic),106.13,3722.39,No
3558-YWCLU,Female,1,Yes,No,27,Yes,No,DSL,Yes,No,No,No,No,No,Month-to-month,Yes,Bank transfer (automatic),72.49,1955.82,Yes
5405-FBAEG,Female,0,Yes,No,37,Yes,No,Fiber optic,Yes,No,No,No,Yes,Yes,Month-to-month,Yes,Electronic check,104.71,3865.18,No
3716-WNDBD,Male,0,No,No,70,Yes,Yes,No,No internet service,No internet service,No internet service,No internet service,No internet service,No internet service,One year,Yes,Mailed check,42.25,2959.85,No
3821-TBKLD,Male,0,No,No,3,Yes,Yes,Fiber optic,No,Yes,No,No,No,No,Month-to-month,Yes,Electronic check,97.44,321.59,Yes
1527-FDVYQ,Female,0,Yes,No,26,No,No phone service,DSL,No,No,No,No,Yes,Yes,Month-to-month,No,Mailed check,53.47,1366.82,No
7826-UXCZL,Female,0,No,No,9,Yes,No,Fiber optic,Yes,Yes,No,Yes,No,No,Month-to-month,Yes,Electronic check,108.17,978.22,Yes
5886-VMGAE,Female,1,Yes,Yes,57,No,No phone service,DSL,Yes,No,Yes,No,No,No,Month-to-month,No,Bank transfer (automatic),56.35,3218.23,No
1759-KUJQE,Male,0,No,No,39,Yes,No,No,No internet service,No internet service,No internet service,No internet service,No internet service,No internet service,Month-to-month,No,Electronic check,40.14,1584.27,No
6312-YHMZQ,Female,0,No,No,9,Yes,No,No,No internet service,No internet service,No internet service,No internet service,No internet service,No internet service,Month-to-month,Yes,Electronic check,38.59,345.46,Yes
4592-CYQBP,Male,0,Yes,No,58,Yes,Yes,Fiber optic,No,Yes,No,No,No,Yes,Two year,Yes,Electronic check,97.98,5661.52,No
9714-YEKZU,Female,0,No,No,8,Yes,No,Fiber optic,No,Yes,No,Yes,No,Yes,One year,Yes,Bank transfer (automatic),110.96,877.9,No
6040-HUPNY,Female,1,No,No,56,Yes,No,No,No internet service,No internet service,No internet service,No internet service,No internet service,No internet service,One year,Yes,Mailed check,31.32,1751.26,No
4395-RBTPX,Female,0,No,No,72,Yes,Yes,DSL,No,Yes,No,Yes,No,No,Month-to-month,Yes,Mailed check,79.76,5746.26,No
3995-YPEDE,Male,0,Yes,Yes,37,Yes,No,DSL,Yes,No,No,Yes,No,Yes,Month-to-month,Yes,Mailed check,76.16,2834.91,No
3717-PWZSM,Male,0,Yes,No,47,Yes,Yes,Fiber optic,No,No,Yes,No,Yes,No,One year,No,Electronic check,103.21,4872.59,Yes
6519-HFNVB,Female,0,Yes,Yes,1,Yes,No,Fiber optic,No,Yes,Yes,Yes,No,No,Two year,No,Credit card (automatic),113.34,105.26,No
1997-EFDDA,Male,0,No,No,48,Yes,No,Fiber optic,Yes,No,Yes,No,No,No,Month-to-month,Yes,Mailed check,110.4,5294.88,No
4134-TDHZE,Female,0,Yes,No,11,Yes,No,DSL,Yes,No,No,No,Yes,No,One year,Yes,Bank transfer (automatic),80.72,873.1,Yes
9884-NTHHK,Male,0,Yes,No,31,Yes,No,Fiber optic,No,No,No,No,Yes,No,One year,No,Credit card (automatic),99.5,3087.91,No
2151-HXAPS,Female,0,No,No,37,No,No phone service,DSL,No,No,No,Yes,No,Yes,One year,No,Electronic check,52.01,1920.61,No
2272-CPFZE,Female,0,Yes,No,55,Yes,No,DSL,No,Yes,No,No,No,No,Month-to-month,Yes,Bank transfer (automatic),75.65,4153.45,No
2178-HHDRJ,Female,1,Yes,Yes,57,No,No phone service,No,No internet service,No internet service,No internet service,No internet service,No internet service,No internet service,Two year,Yes,Electronic check,23.18,1324.03,No
5742-FCBBW,Female,0,No,No,67,No,No phone service,Fiber optic,Yes,No,No,No,Yes,No,Month-to-month,No,Credit card (automatic),80.47,5411.2,No
3379-HPCQN,Female,0,Yes,No,54,Yes,Yes,Fiber optic,Yes,No,No,No,No,No,Month-to-month,Yes,Electronic check,101.84,5474.79,No
8122-CAUJB,Male,1,No,No,5,Yes,Yes,DSL,No,No,No,No,No,Yes,Month-to-month,Yes,Electronic check,68.05,337.01,No
6006-MYYND,Male,0,Yes,Yes,49,Yes,Yes,No,No internet service,No internet service,No internet service,No internet service,No internet service,No internet service,Two year,Yes,Electronic check,47.68,2346.13,No
7730-EWQJZ,Female,1,Yes,No,12,No,No phone service,Fiber optic,No,No,No,No,Yes,No,One year,Yes,Credit card (automatic),72.5,894.68,No
5628-KERGD,Female,0,Yes,Yes,69,Yes,No,Fiber optic,No,Yes,No,No,Yes,Yes,Month-to-month,No,Electronic check,104.9,7257.02,No
2064-RYGFQ,Male,1,No,No,63,Yes,No,DSL,No,Yes,No,No,Yes,No,Month-to-month,Yes,Credit card (automatic),75.99,4818.24,No
2286-CRNAF,Male,0,Yes,Yes,22,Yes,Yes,Fiber optic,No,Yes,No,Yes,No,No,One year,Yes,Credit card (automatic),109.51,2422.43,No
2785-SRTCW,Female,1,Yes,Yes,5,Yes,No,DSL,No,No,No,No,No,Yes,Two year,No,Credit card (automatic),74.48,384.39,No
2883-ZWMUS,Male,0,No,No,66,Yes,No,Fiber optic,No,No,Yes,No,No,No,Month-to-month,Yes,Electronic check,99.8,6600.19,No
7962-ACXUQ,Female,0,No,No,26,Yes,Yes,No,No internet service,No internet service,No internet service,No internet service,No internet service,No internet service,One year,Yes,Bank transfer (automatic),41.12,1053.79,No
3810-LKLRU,Female,1,No,Yes,62,Yes,No,DSL,Yes,No,No,Yes,Yes,No,Month-to-month,No,Mailed check,83.39,5153.51,No
4452-WCVSN,Female,0,No,No,6,Yes,Yes,Fiber optic,No,No,No,No,No,No,Month-to-month,Yes,Mailed check,95.13,554.03,Yes
4375-JJYAR,Male,0,Yes,No,18,Yes,No,DSL,No,No,No,No,Yes,No,Month-to-month,No,Electronic check,79.87,1454.21,Yes
9900-PRQNR,Male,0,No,Yes,29,Yes,Yes,DSL,No,No,Yes,No,No,No,Month-to-month,No,Credit card (automatic),68.98,2006.54,No
9131-TWPUX,Female,0,No,No,9,No,No phone service,Fiber optic,No,Yes,Yes,No,No,No,One year,Yes,Electronic check,83.85,753.48,No
2907-WSLUE,Male,0,No,No,32,Yes,Yes,No,No internet service,No internet service,No internet service,No internet service,No internet service,No internet service,Month-to-month,Yes,Credit card (automatic),42.33,1356.84,Yes
7285-PXQNN,Male,0,Yes,Yes,67,Yes,No,Fiber optic,Yes,No,No,No,No,No,Month-to-month,Yes,Electronic check,94.42,6342.25,No
5993-XUCNG,Female,0,No,No,13,Yes,No,Fiber optic,Yes,Yes,Yes,No,No,No,Month-to-month,Yes,Credit card (automatic),102.26,1322.51,Yes
2480-WWYKL,Male,0,Yes,Yes,30,Yes,Yes,No,No internet service,No internet service,No internet service,No internet service,No internet service,No internet service,Two year,Yes,Credit card (automatic),39.97,1221.81,No
8001-EBLRL,Female,1,Yes,Yes,5,Yes,Yes,DSL,Yes,No,No,Yes,No,No,Month-to-month,Yes,Electronic check,76.0,368.33,Yes
2900-NYGKH,Female,0,No,No,48,Yes,No,Fiber optic,No,No,No,No,No,Yes,One year,No,Mailed check,89.91,4314.76,No
3641-RJQAR,Female,0,Yes,Yes,30,Yes,Yes,DSL,Yes,Yes,No,No,Yes,Yes,Month-to-month,Yes,Electronic check,100.75,3018.73,Yes
1949-KWJSJ,Female,0,Yes,No,37,No,No phone service,DSL,Yes,No,No,No,No,Yes,Month-to-month,Yes,Electronic check,50.38,1856.63,No
9120-YXKHQ,Female,1,Yes,No,37,Yes,Yes,DSL,Yes,No,No,No,No,No,Month-to-month,Yes,Bank transfer (automatic),65.95,2438.03,Yes
8349-NTXUJ,Female,0,Yes,Yes,48,Yes,Yes,Fiber optic,No,No,Yes,No,Yes,Yes,Month-to-month,Yes,Bank transfer (automatic),114.27,5476.58,No
3248-LPWHD,Male,0,Yes,Yes,53,Yes,No,Fiber optic,Yes,No,Yes,No,Yes,No,Month-to-month,No,Bank transfer (automatic),116.83,6203.85,No
3839-QFKGZ,Male,0,No,No,70,Yes,No,DSL,No,No,Yes,Yes,Yes,No,Month-to-month,Yes,Credit card (automatic),78.04,5454.01,No
5612-TNAGW,Female,0,No,No,52,Yes,No,DSL,No,Yes,No,No,Yes,Yes,One year,No,Bank transfer (automatic),91.96,4775.76,No
5600-SUPPF,Male,0,No,No,61,Yes,Yes,Fiber optic,No,Yes,No,No,No,Yes,Two year,No,Mailed check,99.33,6038.18,No
3243-DHRYL,Male,0,Yes,Yes,5,Yes,No,DSL,No,Yes,No,Yes,Yes,No,Two year,Yes,Credit card (automatic),83.63,442.39,No
6417-WSGGR,Male,0,Yes,No,8,Yes,No,DSL,No,Yes,No,No,Yes,Yes,Month-to-month,Yes,Credit card (automatic),77.41,595.78,Yes
3590-FQRGB,Male,0,No,No,31,Yes,Yes,DSL,No,Yes,No,No,Yes,No,Month-to-month,Yes,Mailed check,76.94,2375.29,No
7912-KREHQ,Male,0,Yes,Yes,10,Yes,No,Fiber optic,No,No,No,No,No,No,One year,Yes,Credit card (automatic),97.39,993.47,Yes
2116-HTUJC,Female,0,Yes,Yes,61,Yes,Yes,DSL,Yes,Yes,No,No,Yes,No,Month-to-month,No,Credit card (automatic),80.05,4880.26,No
1234-PSQKA,Male,0,No,No,62,Yes,No,Fiber optic,Yes,No,Yes,No,Yes,Yes,One year,No,Bank transfer (automatic),107.35,6663.7,No
3035-AMHBQ,Female,0,Yes,No,43,Yes,No,DSL,No,No,No,Yes,No,Yes,Two year,Yes,Credit card (automatic),84.05,3602.27,No
4332-ZLCSS,Female,0,Yes,No,35,Yes,No,No,No internet service,No internet service,No internet service,No internet service,No internet service,No internet service,Month-to-month,No,Electronic check,43.36,1497.5,No
9362-SJSVN,Female,0,Yes,Yes,62,Yes,No,Fiber optic,No,No,Yes,Yes,No,No,Month-to-month,No,Electronic check,101.3,6278.53,No
8151-ZUNMW,Male,0,No,No,41,Yes,No,Fiber optic,No,Yes,No,Yes,No,Yes,Month-to-month,Yes,Electronic check,101.57,4181.62,Yes
8855-GAVFZ,Female,0,Yes,Yes,69,Yes,Yes,No,No internet service,No internet service,No internet service,No internet service,No internet service,No internet service,Month-to-month,Yes,Electronic check,47.8,3277.49,No
1325-XSHAW,Female,1,No,No,58,Yes,Yes,No,No internet service,No internet service,No internet service,No internet service,No internet service,No internet service,Month-to-month,Yes,Bank transfer (automatic),42.15,2441.52,No
2074-CUSDJ,Male,0,No,No,24,Yes,No,Fiber optic,No,No,No,No,No,No,Two year,Yes,Electronic check,86.02,2054.99,No
6997-RJKBA,Female,0,No,No,47,Yes,No,Fiber optic,No,No,Yes,Yes,Yes,No,Month-to-month,Yes,Mailed check,102.26,4810.7,No
9706-FYBZL,Female,0,Yes,No,9,Yes,No,Fiber optic,No,Yes,Yes,No,No,No,Month-to-month,Yes,Mailed check,107.77,969.52,Yes
8254-WJTJU,Female,1,Yes,No,3,Yes,Yes,No,No internet service,No internet service,No internet service,No internet service,No internet service,No internet service,Month-to-month,No,Electronic check,44.58,132.6,No
9630-VTJCN,Female,0,No,No,6,Yes,Yes,DSL,No,No,No,Yes,No,Yes,Month-to-month,No,Credit card (automatic),86.13,506.17,No
2167-NWCXQ,Male,0,No,No,72,Yes,No,Fiber optic,No,Yes,No,No,No,Yes,One year,Yes,Credit card (automatic),107.19,7735.54,No
1422-TAQNT,Male,0,Yes,No,9,Yes,No,No,No internet service,No internet service,No internet service,No internet service,No internet service,No internet service,Month-to-month,Yes,Electronic check,44.54,417.68,No
4385-CKUYE,Male,0,Yes,No,15,Yes,No,No,No internet service,No internet service,No internet service,No internet service,No internet service,No internet service,Month-to-month,No,Bank transfer (automatic),36.87,543.23,No
4162-XHFVM,Male,1,No,No,49,Yes,No,Fiber optic,No,No,No,No,Yes,No,Two year,No,Bank transfer (automatic),100.59,4935.44,No
6248-MQGTJ,Male,1,No,No,12,Yes,Yes,Fiber optic,No,No,No,Yes,Yes,No,One year,Yes,Bank transfer (automatic),98.7,1178.76,No
5711-EAPDX,Female,1,No,No,8,Yes,Yes,DSL,No,Yes,No,Yes,Yes,No,Month-to-month,No,Electronic check,75.04,601.0,Yes
9632-HGNEW,Female,1,No,No,50,Yes,No,No,No internet service,No internet service,No internet service,No internet service,No internet service,No internet service,Month-to-month,No,Electronic check,41.58,2088.14,No
1917-LEVDL,Female,1,Yes,No,69,Yes,No,Fiber optic,Yes,No,Yes,Yes,Yes,No,Two year,Yes,Electronic check,117.66,8119.06,No
8501-LEDQC,Female,0,No,No,9,Yes,No,No,No internet service,No internet service,No internet service,No internet service,No internet service,No internet service,Month-to-month,Yes,Bank transfer (automatic),46.51,393.72,No
4197-QKVSD,Female,1,No,No,48,Yes,No,Fiber optic,No,No,No,Yes,Yes,Yes,Month-to-month,Yes,Mailed check,108.98,5241.04,Yes
8353-XEJKL,Male,0,Yes,No,39,Yes,No,Fiber optic,Yes,Yes,No,No,No,Yes,Month-to-month,Yes,Bank transfer (automatic),103.69,4051.37,Yes
5173-XRXJN,Female,0,No,No,69,Yes,No,Fiber optic,No,No,No,No,No,Yes,Month-to-month,Yes,Mailed check,91.35,6264.05,No
1957-GQEZG,Male,0,Yes,Yes,69,Yes,Yes,DSL,Yes,Yes,Yes,No,Yes,No,Month-to-month,Yes,Bank transfer (automatic),94.61,6542.5,No
2453-UCHES,Male,0,Yes,Yes,41,No,No phone service,Fiber optic,Yes,No,No,Yes,Yes,No,Two year,No,Bank transfer (automatic),88.25,3626.07,No
8587-EKMSJ,Female,0,No,No,64,Yes,No,No,No internet service,No internet service,No internet service,No internet service,No internet service,No internet service,One year,Yes,Electronic check,38.18,2446.82,No
5706-NAPPZ,Male,0,Yes,Yes,14,Yes,Yes,DSL,Yes,No,No,No,Yes,Yes,Two year,No,Bank transfer (automatic),86.66,1204.54,No
5589-XJSXD,Male,0,No,No,43,No,No phone service,Fiber optic,No,No,No,No,No,Yes,Two year,Yes,Electronic check,74.53,3197.76,No
6102-YPXLX,Male,0,Yes,Yes,12,Yes,Yes,DSL,Yes,No,Yes,Yes,No,No,Month-to-month,No,Electronic check,87.71,1041.87,No
6658-MFEGU,Male,0,Yes,Yes,1,Yes,No,Fiber optic,No,No,No,No,No,No,Month-to-month,Yes,Credit card (automatic),95.67,81.4,No
5211-KMJVK,Female,0,No,No,56,Yes,No,DSL,Yes,No,Yes,No,No,No,Two year,Yes,Bank transfer (automatic),77.39,4315.74,No
5248-PRJBS,Male,0,Yes,Yes,41,Yes,Yes,No,No internet service,No internet service,No internet service,No internet service,No internet service,No internet service,Two year,Yes,Bank transfer (automatic),35.45,1434.69,No
6039-RPNYB,Male,0,No,No,0,No,No phone service,DSL,No,No,Yes,No,No,Yes,One year,Yes,Mailed check,60.95, ,Yes
1830-YXKNL,Male,0,Yes,Yes,58,Yes,No,Fiber optic,No,Yes,Yes,No,No,No,Month-to-month,No,Bank transfer (automatic),110.51,6403.04,No
9973-LUJKS,Female,0,No,No,63,Yes,Yes,No,No internet service,No internet service,No internet service,No internet service,No internet service,No internet service,Month-to-month,No,Electronic check,37.08,2341.25,No
4591-AEWJC,Male,0,No,Yes,29,Yes,Yes,DSL,No,No,Yes,No,No,Yes,Two year,Yes,Electronic check,73.86,2143.8,No
9451-ZMRUB,Female,0,Yes,No,2,Yes,No,DSL,No,No,No,No,Yes,No,Month-to-month,Yes,Mailed check,66.12,143.74,Yes
3669-PPHAY,Female,0,Yes,Yes,21,No,No phone service,Fiber optic,No,No,No,Yes,No,Yes,Two year,No,Bank transfer (automatic),79.84,1679.77,No
6529-ULNLL,Female,0,No,Yes,44,Yes,Yes,DSL,No,No,No,No,Yes,No,Month-to-month,Yes,Electronic check,70.35,3101.13,No
7035-ZUSAN,Female,1,Yes,No,3,Yes,Yes,Fiber optic,Yes,No,No,No,Yes,Yes,Two year,Yes,Electronic check,102.62,303.94,Yes
9600-KPHES,Female,0,Yes,Yes,28,Yes,No,DSL,Yes,Yes,No,Yes,No,Yes,Month-to-month,Yes,Electronic check,84.38,2349.27,No
3821-QQWYP,Female,1,No,No,16,Yes,Yes,Fiber optic,No,No,No,No,Yes,No,Two year,Yes,Mailed check,94.09,1513.64,No
1453-PXMPU,Male,0,Yes,Yes,44,Yes,Yes,DSL,No,No,No,Yes,No,Yes,Month-to-month,Yes,Electronic check,71.39,3128.92,No
4950-KMWMH,Male,0,No,No,15,Yes,Yes,No,No internet service,No internet service,No internet service,No internet service,No internet service,No internet service,Two year,No,Bank transfer (automatic),37.03,572.08,No
6369-SXXUU,Female,0,Yes,Yes,57,Yes,No,DSL,No,No,No,No,No,No,Month-to-month,Yes,Electronic check,67.91,3832.98,Yes
5043-JPSNE,Male,1,No,No,22,Yes,Yes,No,No internet service,No internet service,No internet service,No internet service,No internet service,No internet service,Month-to-month,No,Bank transfer (automatic),47.27,1030.42,No
1132-BLUUV,Male,0,No,Yes,8,Yes,No,No,No internet service,No internet service,No internet service,No internet service,No internet service,No internet service,Month-to-month,No,Electronic check,37.99,288.98,No
7380-AXYWL,Female,0,No,No,19,Yes,Yes,No,No internet service,No internet service,No internet service,No internet service,No internet service,No internet service,One year,Yes,Electronic check,35.63,661.22,No
2931-XEUZX,Male,0,No,No,69,Yes,No,Fiber optic,No,Yes,Yes,No,No,Yes,Month-to-month,No,Electronic check,110.18,7623.49,No
5689-WVZJR,Male,0,Yes,No,58,Yes,No,No,No internet service,No internet service,No internet service,No internet service,No internet service,No internet service,One year,No,Electronic check,44.84,2613.29,No
8353-FFKJU,Male,0,Yes,Yes,43,Yes,No,No,No internet service,No internet service,No internet service,No internet service,No internet service,No internet service,Month-to-month,No,Credit card (automatic),47.42,2055.04,No
9421-DHYQE,Male,0,No,No,15,Yes,Yes,Fiber optic,No,No,Yes,No,Yes,No,One year,Yes,Electronic check,102.24,1547.55,Yes
6431-XJMQW,Female,1,No,No,27,Yes,No,No,No internet service,No internet service,No internet service,No internet service,No internet service,No internet service,Month-to-month,No,Credit card (automatic),35.07,953.58,Yes
6080-YULMS,Male,0,No,No,34,No,No phone service,No,No internet service,No internet service,No internet service,No internet service,No internet service,No internet service,Two year,Yes,Electronic check,20.3,704.98,No
1635-FFVVV,Female,0,No,No,71,Yes,No,No,No internet service,No internet service,No internet service,No internet service,No internet service,No internet service,Month-to-month,Yes,Electronic check,42.48,2998.77,No
1948-HHAGL,Female,0,Yes,Yes,23,Yes,No,Fiber optic,No,Yes,Yes,Yes,Yes,Yes,Two year,Yes,Electronic check,112.71,2593.42,No
8970-EWVDG,Male,0,No,No,59,Yes,No,No,No internet service,No internet service,No internet service,No internet service,No internet service,No internet service,One year,No,Mailed check,43.65,2582.14,No
5123-YUZHX,Male,0,No,No,20,Yes,Yes,Fiber optic,No,No,Yes,Yes,No,Yes,Month-to-month,Yes,Credit card (automatic),108.98,2145.35,No
9604-QDGDV,Female,0,Yes,Yes,11,Yes,Yes,DSL,Yes,No,Yes,No,No,No,Two year,Yes,Bank transfer (automatic),77.88,868.63,No
3817-SGZUK,Female,0,Yes,No,56,Yes,No,DSL,No,Yes,No,No,No,Yes,Month-to-month,No,Bank transfer (automatic),75.4,4219.3,No
5289-BDZVW,Male,0,Yes,No,6,Yes,Yes,Fiber optic,No,No,Yes,No,No,Yes,One year,No,Mailed check,103.9,605.72,Yes
6790-FCTHA,Male,1,Yes,Yes,56,Yes,No,Fiber optic,Yes,Yes,No,Yes,No,Yes,Month-to-month,No,Electronic check,118.33,6660.49,Yes
1202-PWJZK,Female,0,No,No,67,Yes,No,DSL,No,No,No,No,No,Yes,Two year,Yes,Bank transfer (automatic),63.71,4275.28,No
7599-FQGUL,Female,0,Yes,No,10,Yes,Yes,DSL,Yes,No,Yes,Yes,Yes,No,Month-to-month,Yes,Bank transfer (automatic),91.65,914.55,No
1376-FJMGP,Female,0,No,No,42,Yes,No,DSL,No,Yes,No,No,No,No,Month-to-month,No,Electronic check,69.38,2923.46,Yes
9671-THSZF,Male,0,No,No,12,Yes,No,Fiber optic,No,No,No,No,Yes,No,Two year,Yes,Mailed check,94.92,1138.29,Yes
3091-AWVKW,Female,0,No,No,33,Yes,No,DSL,Yes,Yes,Yes,No,No,No,Month-to-month,Yes,Bank transfer (automatic),82.67,2713.12,No
6863-ZYZKR,Female,1,No,No,33,Yes,Yes,Fiber optic,No,No,No,Yes,No,No,One year,Yes,Mailed check,95.94,3148.26,No
2505-XHLQU,Male,1,No,No,5,No,No phone service,DSL,Yes,No,Yes,No,Yes,Yes,Two year,Yes,Mailed check,65.02,324.6,No
7584-YTVPK,Male,0,Yes,No,13,Yes,Yes,DSL,No,No,No,Yes,Yes,No,Month-to-month,Yes,Bank transfer (automatic),77.57,1024.71,Yes
9219-KQGMJ,Female,0,No,No,39,Yes,No,No,No internet service,No internet service,No internet service,No internet service,No internet service,No internet service,Month-to-month,Yes,Mailed check,45.79,1787.29,No
3325-VUSBF,Female,1,No,No,61,Yes,Yes,No,No internet service,No internet service,No internet service,No internet service,No internet service,No internet service,Month-to-month,No,Electronic check,42.75,2596.94,No
2962-TXKHP,Female,0,No,No,19,Yes,No,Fiber optic,No,Yes,No,No,Yes,Yes,Two year,No,Bank transfer (automatic),101.81,1910.39,No
9887-JGNXT,Male,0,No,No,61,Yes,Yes,DSL,No,No,No,No,No,No,Two year,No,Credit card (automatic),64.28,3909.97,No
5663-TAUCK,Male,1,Yes,No,14,Yes,Yes,DSL,No,No,No,No,No,No,Two year,Yes,Electronic check,65.22,921.87,No
4148-SFFXM,Female,0,No,No,1,Yes,No,Fiber optic,No,Yes,No,No,No,No,Month-to-month,Yes,Mailed check,93.08,113.48,Yes
7672-PQSSX,Male,0,No,No,28,Yes,Yes,No,No internet service,No internet service,No internet service,No internet service,No internet service,No internet service,Month-to-month,Yes,Electronic check,34.06,949.23,No
8063-HEWJH,Female,0,Yes,Yes,0,No,No phone service,Fiber optic,No,Yes,Yes,No,No,Yes,Two year,No,Mailed check,83.35, ,Yes
1999-PNVTT,Female,0,No,No,2,Yes,Yes,No,No internet service,No internet service,No internet service,No internet service,No internet service,No internet service,Two year,No,Electronic check,37.14,73.42,No
5845-WZVJG,Female,0,No,No,22,Yes,No,Fiber optic,No,Yes,No,No,No,No,Month-to-month,Yes,Credit card (automatic),89.23,1957.38,No
1011-ZTYUL,Male,0,No,No,43,Yes,Yes,No,No internet service,No internet service,No internet service,No internet service,No internet service,No internet service,Month-to-month,Yes,Credit card (automatic),32.48,1409.49,No
2305-BVHKW,Male,0,No,No,70,Yes,Yes,Fiber optic,No,No,Yes,Yes,Yes,Yes,Month-to-month,No,Electronic check,106.18,7415.21,Yes
5331-YPVDK,Female,0,No,No,45,Yes,No,DSL,No,No,No,Yes,No,Yes,One year,Yes,Credit card (automatic),75.22,3398.32,No
2647-BZNJK,Male,0,No,No,49,No,No phone service,DSL,No,No,Yes,Yes,No,No,Month-to-month,No,Electronic check,56.32,2764.92,No
3168-CXCKD,Female,0,Yes,Yes,50,Yes,Yes,DSL,Yes,Yes,No,Yes,No,Yes,Month-to-month,Yes,Electronic check,87.13,4361.34,No
9365-EKUPK,Female,0,Yes,No,38,Yes,Yes,DSL,Yes,No,Yes,No,No,No,Two year,No,Credit card (automatic),86.71,3296.48,No
6072-LGQJZ,Male,0,Yes,Yes,1,Yes,No,DSL,Yes,Yes,No,No,No,No,Month-to-month,No,Mailed check,69.49,80.8,No
5168-UFRPT,Female,0,No,Yes,24,Yes,No,No,No internet service,No internet service,No internet service,No internet service,No internet service,No internet service,Month-to-month,No,Electronic check,41.03,980.67,No
5155-TBSUM,Male,1,No,No,12,Yes,Yes,DSL,No,No,No,No,No,Yes,One year,No,Electronic check,81.77,981.11,Yes
1308-PUMCK,Male,0,No,No,40,Yes,Yes,Fiber optic,No,Yes,No,Yes,No,No,Two year,No,Electronic check,99.81,3999.25,No
9945-GNJTL,Female,0,Yes,No,56,Yes,No,No,No internet service,No internet service,No internet service,No internet service,No internet service,No internet service,One year,No,Credit card (automatic),37.87,2126.47,No
4458-PPMGC,Male,0,Yes,Yes,31,Yes,Yes,DSL,No,Yes,No,No,Yes,No,Two year,No,Electronic check,70.41,2186.83,No
7213-JQKWS,Female,0,No,Yes,41,Yes,No,Fiber optic,No,No,No,No,No,No,Two year,Yes,Electronic check,86.76,3541.33,No
4635-HTABC,Male,0,Yes,Yes,46,Yes,No,Fiber optic,No,Yes,Yes,Yes,Yes,No,Month-to-month,Yes,Credit card (automatic),109.66,5057.03,Yes
4112-MHEHM,Male,0,Yes,No,0,Yes,Yes,No,No internet service,No internet service,No internet service,No internet service,No internet service,No internet service,Month-to-month,Yes,Mailed check,38.55, ,No
3676-PKYZR,Male,0,No,No,54,Yes,No,No,No internet service,No internet service,No internet service,No internet service,No internet service,No internet service,Month-to-month,Yes,Credit card (automatic),38.09,2057.2,No
5992-AQKGV,Female,0,No,No,53,Yes,No,No,No internet service,No internet service,No internet service,No internet service,No internet service,No internet service,One year,No,Mailed check,40.21,2152.54,No
1379-GUYNN,Male,0,Yes,Yes,70,No,No phone service,DSL,No,Yes,Yes,No,Yes,No,One year,No,Mailed check,67.28,4709.92,No
9702-CMFMX,Male,0,Yes,Yes,30,No,No phone service,No,No internet service,No internet service,No internet service,No internet service,No internet service,No internet service,One year,No,Credit card (automatic),20.87,658.13,No
6364-ZNWEH,Female,0,No,No,70,Yes,No,No,No internet service,No internet service,No internet service,No internet service,No internet service,No internet service,Month-to-month,No,Credit card (automatic),40.52,2841.54,No
3464-UNFEK,Male,1,Yes,Yes,19,Yes,No,Fiber optic,Yes,Yes,Yes,No,No,Yes,Month-to-month,No,Electronic check,117.37,2239.11,Yes
2381-SWZFL,Male,0,Yes,Yes,29,Yes,Yes,Fiber optic,Yes,No,Yes,No,No,Yes,Month-to-month,No,Bank transfer (automatic),106.81,3116.56,No
5534-MLFCK,Male,0,Yes,No,55,Yes,Yes,DSL,No,Yes,Yes,No,Yes,Yes,Month-to-month,Yes,Mailed check,92.33,5063.94,No
1830-BNWNA,Female,1,Yes,Yes,36,Yes,No,No,No internet service,No internet service,No internet service,No internet service,No internet service,No internet service,Month-to-month,No,Electronic check,41.2,1480.56,No
8563-SHGXM,Male,0,Yes,No,26,Yes,No,DSL,No,No,No,No,Yes,Yes,Month-to-month,No,Electronic check,74.91,1932.16,No
2270-GGKJP,Female,0,No,No,42,Yes,No,Fiber optic,No,No,No,No,Yes,No,Two year,No,Mailed check,90.79,3836.56,No
3908-RMYVH,Female,1,Yes,No,33,Yes,Yes,Fiber optic,No,No,No,No,No,No,Month-to-month,Yes,Electronic check,86.11,2832.07,Yes
1379-QJXKG,Male,0,No,No,6,Yes,No,No,No internet service,No internet service,No internet service,No internet service,No internet service,No internet service,One year,No,Credit card (automatic),33.75,216.03,No
4053-WCYFW,Female,0,No,No,62,Yes,Yes,No,No internet service,No internet service,No internet service,No internet service,No internet service,No internet service,Month-to-month,Yes,Electronic check,37.49,2337.18,No
5898-PETRM,Male,0,Yes,Yes,55,Yes,Yes,Fiber optic,Yes,Yes,No,No,No,Yes,Two year,Yes,Mailed check,102.44,5610.37,No
5119-QMZAG,Female,1,No,No,10,Yes,Yes,DSL,No,No,Yes,No,Yes,No,Two year,Yes,Bank transfer (automatic),78.36,786.47,No
8657-VJNAE,Female,0,Yes,Yes,15,No,No phone service,No,No internet service,No internet service,No internet service,No internet service,No internet service,No internet service,Month-to-month,Yes,Mailed check,18.37,283.26,No
9499-RAVKP,Female,0,No,No,41,Yes,Yes,DSL,No,No,No,Yes,No,Yes,Month-to-month,Yes,Mailed check,80.81,3312.72,Yes
8710-WDJGX,Male,0,No,No,32,Yes,No,No,No internet service,No internet service,No internet service,No internet service,No internet service,No internet service,Two year,No,Bank transfer (automatic),39.6,1238.16,No
8025-RBVPG,Male,0,Yes,No,7,Yes,No,DSL,No,Yes,No,No,No,No,One year,No,Electronic check,74.67,521.57,No
4983-LHXYB,Female,0,No,No,26,Yes,No,Fiber optic,No,Yes,No,No,Yes,No,Two year,Yes,Mailed check,97.66,2550.3,No
9422-KVUQT,Female,0,Yes,No,71,No,No phone service,Fiber optic,Yes,No,Yes,No,Yes,Yes,Month-to-month,No,Credit card (automatic),100.53,7136.26,No
7131-WLTZY,Female,0,Yes,Yes,20,Yes,Yes,Fiber optic,No,No,No,Yes,No,Yes,Two year,No,Bank transfer (automatic),104.08,2079.92,No
2331-MNQRW,Male,0,Yes,No,22,Yes,No,Fiber optic,No,No,Yes,No,No,Yes,One year,No,Electronic check,102.55,2284.09,No
5789-SXCRJ,Male,0,No,No,59,Yes,Yes,DSL,No,No,No,No,No,Yes,Month-to-month,No,Credit card (automatic),65.69,3886.18,No
9152-PQUFP,Female,0,No,No,66,No,No phone service,DSL,No,No,Yes,No,No,No,One year,No,Credit card (automatic),49.77,3286.02,No
7956-UFWDG,Female,0,No,No,13,Yes,No,Fiber optic,No,No,No,Yes,Yes,Yes,Month-to-month,Yes,Electronic check,103.41,1324.93,Yes
8708-QPPZF,Female,0,No,No,26,Yes,Yes,DSL,Yes,No,Yes,No,No,No,Month-to-month,Yes,Credit card (automatic),77.29,2010.32,Yes
3692-MWPTV,Male,0,No,Yes,61,No,No phone service,No,No internet service,No internet service,No internet service,No internet service,No internet service,No internet service,Month-to-month,Yes,Mailed check,19.55,1180.97,No
9027-MLBBM,Female,0,Yes,No,61,Yes,No,No,No internet service,No internet service,No internet service,No internet service,No internet service,No internet service,Month-to-month,Yes,Credit card (automatic),42.76,2608.74,No
7741-WKPVH,Male,1,No,No,29,Yes,No,DSL,No,No,No,No,No,Yes,One year,Yes,Mailed check,67.41,1953.04,No
2426-YPDGH,Male,0,Yes,Yes,55,No,No phone service,Fiber optic,No,No,Yes,Yes,Yes,Yes,Month-to-month,Yes,Electronic check,88.8,4900.51,No
2809-LVTYW,Female,0,No,No,22,Yes,Yes,DSL,Yes,No,No,No,No,No,Month-to-month,No,Electronic check,68.39,1506.06,No
3801-BDVJT,Female,1,Yes,Yes,16,Yes,Yes,DSL,Yes,No,No,Yes,Yes,Yes,Month-to-month,Yes,Mailed check,84.78,1374.34,No
5119-XNXGU,Male,0,Yes,No,68,Yes,No,DSL,Yes,No,No,Yes,No,Yes,Month-to-month,No,Electronic check,78.27,5322.8,No
5715-EFHDY,Male,0,Yes,No,47,No,No phone service,No,No internet service,No internet service,No internet service,No internet service,No internet service,No internet service,Month-to-month,Yes,Bank transfer (automatic),19.3,912.4,No
2914-QPNRX,Male,0,Yes,No,57,Yes,No,DSL,No,No,Yes,Yes,Yes,No,One year,Yes,Electronic check,78.74,4497.89,No
9710-WMTEX,Male,1,No,No,17,Yes,No,DSL,No,No,No,No,Yes,Yes,One year,No,Electronic check,71.18,1213.17,No
2759-CVUDZ,Male,0,Yes,Yes,1,Yes,No,Fiber optic,Yes,No,No,No,No,Yes,Two year,Yes,Bank transfer (automatic),106.33,112.57,No
2004-BYFFV,Female,0,Yes,No,1,Yes,Yes,DSL,Yes,Yes,Yes,No,Yes,No,One year,No,Bank transfer (automatic),86.73,90.08,No
6464-NZCYG,Male,0,No,No,50,Yes,No,DSL,No,Yes,Yes,Yes,No,No,One year,Yes,Electronic check,77.13,3845.83,No
6602-HHHPX,Male,0,No,No,21,Yes,Yes,No,No internet service,No internet service,No internet service,No internet service,No internet service,No internet service,Month-to-month,Yes,Electronic check,46.04,993.62,No
2012-RWTZA,Male,0,No,Yes,37,Yes,No,No,No internet service,No internet service,No internet service,No internet service,No internet service,No internet service,Month-to-month,Yes,Bank transfer (automatic),36.2,1350.71,No
4262-LNHGW,Female,1,No,No,51,No,No phone service,Fiber optic,No,No,Yes,No,No,No,Month-to-month,Yes,Electronic check,75.95,3867.46,Yes
3093-YALQZ,Female,1,Yes,No,56,Yes,No,Fiber optic,No,Yes,No,Yes,No,No,Month-to-month,Yes,Electronic check,99.37,5573.93,Yes
7880-ATHWU,Female,0,Yes,Yes,13,Yes,No,Fiber optic,No,No,No,No,Yes,No,Month-to-month,No,Credit card (automatic),95.76,1242.29,Yes
2727-JVYQF,Male,1,Yes,No,41,Yes,Yes,Fiber optic,No,Yes,No,No,No,Yes,Month-to-month,Yes,Electronic check,105.75,4314.23,Yes
4505-VQEGE,Female,0,Yes,No,45,Yes,Yes,DSL,Yes,No,Yes,Yes,Yes,No,Month-to-month,No,Credit card (automatic),83.36,3743.42,No
5221-LPYRQ,Female,1,Yes,No,41,Yes,No,Fiber optic,No,No,No,Yes,No,Yes,Month-to-month,No,Mailed check,104.05,4257.68,Yes
4295-RYAJB,Male,1,No,No,55,Yes,No,Fiber optic,No,No,No,No,Yes,Yes,Month-to-month,Yes,Credit card (automatic),98.89,5435.5,Yes
2833-BQVYF,Male,1,Yes,Yes,26,Yes,Yes,Fiber optic,No,No,No,No,Yes,No,One year,Yes,Mailed check,91.82,2358.26,No
7293-HHQSQ,Female,0,No,No,22,Yes,No,Fiber optic,No,No,No,Yes,Yes,Yes,One year,Yes,Bank transfer (automatic),102.54,2252.69,No
1897-KGAAL,Male,0,No,Yes,23,Yes,Yes,No,No internet service,No internet service,No internet service,No internet service,No internet service,No internet service,One year,Yes,Credit card (automatic),42.54,956.3,No
1903-TBFZT,Female,0,Yes,Yes,7,No,No phone service,DSL,Yes,Yes,No,Yes,No,Yes,One year,Yes,Electronic check,66.4,458.91,Yes
6015-ABXVY,Female,0,No,No,3,Yes,No,Fiber optic,No,No,No,Yes,Yes,Yes,One year,Yes,Electronic check,105.96,329.4,No
8272-AVLSK,Male,1,Yes,Yes,43,Yes,No,DSL,Yes,Yes,Yes,No,No,No,Two year,Yes,Mailed check,81.16,3514.57,No
7488-WZNGQ,Female,1,No,Yes,72,Yes,Yes,Fiber optic,No,No,Yes,No,No,Yes,Month-to-month,No,Bank transfer (automatic),101.72,7320.99,Yes
5498-ETBKS,Male,1,Yes,Yes,9,Yes,No,Fiber optic,No,No,Yes,No,No,No,Two year,No,Mailed check,91.34,819.15,No
9288-QZVFW,Female,0,No,No,18,Yes,Yes,DSL,Yes,No,Yes,Yes,No,Yes,Month-to-month,Yes,Credit card (automatic),84.98,1533.68,No
4025-RENSX,Male,0,No,No,0,Yes,Yes,DSL,Yes,Yes,Yes,No,No,No,One year,No,Electronic check,81.07, ,Yes
9489-VPXCZ,Male,0,No,No,17,Yes,No,Fiber optic,No,No,No,Yes,No,No,Month-to-month,Yes,Electronic check,100.66,1730.3,Yes
2834-KXTWS,Male,0,Yes,Yes,9,Yes,No,Fiber optic,No,Yes,Yes,No,No,Yes,Month-to-month,Yes,Electronic check,113.2,999.06,Yes
6409-EZRSL,Male,0,Yes,No,72,Yes,No,No,No internet service,No internet service,No internet service,No internet service,No internet service,No internet service,Two year,Yes,Electronic check,43.26,3106.79,No
9567-LEEST,Male,0,Yes,Yes,19,Yes,No,No,No internet service,No internet service,No internet service,No internet service,No internet service,No internet service,Month-to-month,No,Electronic check,34.86,666.0,No
2853-SZNZD,Female,0,No,No,68,No,No phone service,No,No internet service,No internet service,No internet service,No internet service,No internet service,No internet service,Month-to-month,No,Electronic check,18.25,1240.01,No
4625-PJCLJ,Male,0,No,No,49,Yes,Yes,Fiber optic,Yes,Yes,No,No,Yes,Yes,Month-to-month,Yes,Electronic check,118.75,5792.06,Yes
2834-JLXMK,Female,0,No,No,22,Yes,No,Fiber optic,Yes,No,No,No,No,Yes,Month-to-month,Yes,Electronic check,106.01,2344.86,No
4502-QGWLL,Male,0,Yes,No,24,Yes,No,Fiber optic,No,No,Yes,No,Yes,No,Two year,Yes,Mailed check,99.21,2390.53,No
1574-XMDEJ,Female,0,No,No,6,Yes,No,DSL,No,No,No,No,Yes,Yes,One year,Yes,Bank transfer (automatic),80.23,488.99,No
8023-CCPMY,Female,0,No,No,67,Yes,Yes,DSL,Yes,No,No,No,No,Yes,One year,Yes,Credit card (automatic),78.47,5258.56,No
7767-RJRQG,Male,0,Yes,Yes,58,Yes,Yes,DSL,Yes,Yes,No,Yes,No,Yes,Month-to-month,Yes,Electronic check,87.05,5017.38,No
4337-YNMVG,Female,0,Yes,No,54,Yes,No,No,No internet service,No internet service,No internet service,No internet service,No internet service,No internet service,Month-to-month,No,Bank transfer (automatic),38.63,2061.85,No
2976-ZVLYJ,Male,0,No,No,1,Yes,No,DSL,No,No,No,No,Yes,No,One year,Yes,Mailed check,72.31,53.9,No
7076-ASEFV,Female,0,Yes,No,72,Yes,No,No,No internet service,No internet service,No internet service,No internet service,No internet service,No internet service,Month-to-month,No,Credit card (automatic),43.17,3107.0,No
2849-MYYLC,Male,0,Yes,Yes,18,Yes,No,Fiber optic,No,Yes,Yes,Yes,Yes,Yes,Month-to-month,No,Bank transfer (automatic),118.75,2114.89,Yes
3582-QJTZQ,Female,0,No,No,48,Yes,Yes,No,No internet service,No internet service,No internet service,No internet service,No internet service,No internet service,Month-to-month,No,Electronic check,43.61,2098.79,No
6622-NEPYS,Male,1,No,Yes,41,Yes,Yes,Fiber optic,Yes,Yes,No,No,Yes,Yes,Month-to-month,Yes,Electronic check,111.83,4578.98,Yes
7769-WKJZM,Female,0,Yes,Yes,1,Yes,No,DSL,Yes,Yes,No,No,No,Yes,Two year,No,Bank transfer (automatic),72.22,72.67,No
7601-RCHHE,Male,0,No,No,28,Yes,Yes,Fiber optic,No,Yes,Yes,Yes,No,Yes,One year,No,Bank transfer (automatic),118.75,3344.75,No
8010-ZZELF,Male,1,Yes,No,10,Yes,No,DSL,No,Yes,No,Yes,Yes,No,Month-to-month,No,Electronic check,75.11,732.91,Yes
1562-QWBRA,Male,1,Yes,Yes,12,No,No phone service,DSL,Yes,No,No,No,No,No,Month-to-month,Yes,Bank transfer (automatic),47.21,569.2,No
8586-BLCKL,Male,0,Yes,Yes,19,Yes,No,Fiber optic,No,No,No,No,No,No,One year,Yes,Electronic check,95.62,1839.4,Yes
5858-VZJYL,Male,0,No,No,0,Yes,Yes,Fiber optic,No,No,Yes,No,Yes,No,Month-to-month,Yes,Credit card (automatic),105.74, ,Yes
2064-QTHQL,Female,0,No,No,51,Yes,Yes,Fiber optic,Yes,No,Yes,No,No,No,Two year,Yes,Credit card (automatic),102.96,5229.8,No
2305-KLJXK,Female,1,Yes,Yes,54,Yes,No,Fiber optic,Yes,No,No,No,No,Yes,Month-to-month,No,Credit card (automatic),96.19,5190.85,No
6635-AHXXZ,Male,0,No,No,47,Yes,No,DSL,No,No,No,No,No,Yes,Month-to-month,No,Credit card (automatic),71.42,3371.05,No
1511-WGACU,Female,0,Yes,No,33,Yes,No,DSL,No,No,No,Yes,No,No,Month-to-month,Yes,Credit card (automatic),76.98,2531.09,No
6326-PXCBY,Male,1,Yes,Yes,14,Yes,Yes,No,No internet service,No internet service,No internet service,No internet service,No internet service,No internet service,One year,Yes,Electronic check,38.76,553.02,No
6455-UNDNZ,Female,0,Yes,Yes,44,Yes,Yes,Fiber optic,Yes,No,Yes,No,No,Yes,Month-to-month,Yes,Mailed check,104.03,4550.34,No
2059-DJLRD,Female,0,No,No,50,No,No phone service,DSL,Yes,Yes,No,Yes,No,No,Two year,Yes,Electronic check,61.52,3055.89,No
9404-DEZKP,Male,1,Yes,No,15,Yes,Yes,Fiber optic,No,No,No,No,Yes,No,Month-to-month,Yes,Mailed check,92.76,1395.99,Yes
4914-GNUAX,Male,0,No,No,20,Yes,No,Fiber optic,No,No,Yes,No,Yes,Yes,Month-to-month,No,Electronic check,97.99,1955.58,Yes
2659-YZYRX,Female,0,Yes,No,62,Yes,Yes,Fiber optic,No,No,No,No,No,Yes,Two year,Yes,Bank transfer (automatic),91.62,5698.78,No
8735-RXJWY,Female,0,No,Yes,48,No,No phone service,DSL,No,No,Yes,No,Yes,No,Month-to-month,No,Electronic check,51.0,2463.48,No
6716-CFENL,Female,0,No,Yes,36,Yes,Yes,DSL,No,No,Yes,No,Yes,Yes,Month-to-month,Yes,Credit card (automatic),88.58,3168.11,Yes
8445-GDQDX,Male,0,Yes,No,22,Yes,No,Fiber optic,Yes,Yes,Yes,No,Yes,No,Month-to-month,No,Credit card (automatic),103.3,2261.31,Yes
1730-MYPVL,Male,0,No,No,16,Yes,Yes,Fiber optic,Yes,No,Yes,No,No,No,One year,No,Credit card (automatic),103.2,1667.33,No
7792-SNCZB,Male,0,No,No,15,Yes,No,Fiber optic,Yes,Yes,No,No,No,No,Month-to-month,Yes,Electronic check,92.51,1374.01,Yes
4212-RUNKK,Female,0,No,No,64,Yes,Yes,DSL,No,No,Yes,No,Yes,Yes,Two year,No,Credit card (automatic),76.7,4901.58,No
9780-JWBRS,Male,1,No,No,36,Yes,Yes,Fiber optic,No,Yes,No,No,Yes,No,One year,No,Electronic check,105.44,3780.49,No
7080-LSLQX,Male,0,Yes,Yes,40,Yes,No,No,No internet service,No internet service,No internet service,No internet service,No internet service,No internet service,One year,Yes,Electronic check,38.51,1521.26,No
7050-TZFQR,Male,0,Yes,No,71,Yes,No,Fiber optic,No,No,No,Yes,No,No,Two year,Yes,Bank transfer (automatic),104.58,7416.95,No
7256-DUEKT,Female,1,No,No,50,Yes,Yes,Fiber optic,No,No,No,No,No,Yes,Two year,Yes,Electronic check,98.74,4933.25,No
3367-DSGVX,Female,0,Yes,Yes,47,No,No phone service,DSL,Yes,Yes,No,Yes,No,No,Month-to-month,Yes,Credit card (automatic),66.12,3119.82,No
4148-TFYFX,Male,0,Yes,Yes,16,Yes,No,Fiber optic,Yes,No,No,No,Yes,No,Two year,Yes,Credit card (automatic),109.42,1759.01,No
8078-HVRSK,Male,0,No,No,25,Yes,Yes,Fiber optic,Yes,Yes,No,No,Yes,No,Month-to-month,No,Mailed check,108.68,2713.3,No
3106-SBJDA,Female,0,No,No,4,Yes,Yes,DSL,Yes,No,Yes,No,Yes,No,Two year,Yes,Mailed check,76.63,324.68,No
1066-CYUZC,Male,0,Yes,No,37,Yes,No,Fiber optic,Yes,No,Yes,Yes,No,No,Month-to-month,No,Credit card (automatic),110.44,4090.5,No
9975-QVWGT,Female,0,No,No,19,Yes,Yes,Fiber optic,No,No,No,No,Yes,No,Month-to-month,No,Bank transfer (automatic),100.1,1890.66,Yes
6827-KMFEY,Female,1,No,No,32,Yes,No,DSL,No,Yes,No,No,No,No,One year,Yes,Electronic check,65.87,2098.73,No
7584-PSKFY,Male,0,No,Yes,30,Yes,Yes,Fiber optic,No,No,No,No,No,Yes,One year,No,Mailed check,94.94,2834.15,No
9905-FVLSC,Male,0,Yes,No,2,Yes,No,Fiber optic,No,Yes,No,No,No,No,Two year,No,Mailed check,94.2,166.53,Yes
5314-CVKGS,Female,0,Yes,Yes,36,Yes,Yes,Fiber optic,Yes,Yes,Yes,No,No,Yes,Month-to-month,Yes,Credit card (automatic),110.53,3988.86,No
9591-JTSMV,Female,1,Yes,Yes,49,Yes,No,Fiber optic,Yes,Yes,No,No,Yes,Yes,One year,Yes,Credit card (automatic),115.64,5635.83,No
2151-XKBZU,Female,0,No,Yes,58,No,No phone service,DSL,No,No,Yes,No,No,No,Month-to-month,Yes,Mailed check,52.0,3042.56,Yes
8344-DUSXJ,Female,0,Yes,No,15,Yes,Yes,Fiber optic,No,Yes,No,No,Yes,No,One year,No,Electronic check,99.24,1501.26,Yes
9345-SGFXR,Female,0,Yes,No,28,Yes,Yes,No,No internet service,No internet service,No internet service,No internet service,No internet service,No internet service,Month-to-month,No,Bank transfer (automatic),40.71,1160.66,No
2064-DVEFQ,Male,0,No,No,38,Yes,Yes,No,No internet service,No internet service,No internet service,No internet service,No internet service,No internet service,Month-to-month,Yes,Mailed check,37.36,1388.7,No
8770-JRSQS,Male,0,No,No,60,Yes,Yes,No,No internet service,No internet service,No internet service,No internet service,No internet service,No internet service,Two year,Yes,Mailed check,42.03,2520.35,No
3047-QATVV,Female,0,Yes,Yes,5,Yes,No,No,No internet service,No internet service,No internet service,No internet service,No internet service,No internet service,One year,Yes,Credit card (automatic),43.1,219.95,No
1265-XLBNP,Male,0,Yes,Yes,36,Yes,No,No,No internet service,No internet service,No internet service,No internet service,No internet service,No internet service,One year,Yes,Credit card (automatic),44.75,1618.24,No
4618-TPFQG,Female,0,No,No,57,Yes,No,Fiber optic,No,No,No,Yes,No,No,Two year,Yes,Mailed check,95.27,5418.71,No
2068-GXPHJ,Female,1,Yes,No,3,Yes,No,Fiber optic,No,No,Yes,No,No,Yes,One year,No,Credit card (automatic),105.53,321.6,No
8738-RUQZR,Female,0,No,No,1,Yes,No,No,No internet service,No internet service,No internet service,No internet service,No internet service,No internet service,One year,No,Electronic check,31.64,19.3,No
4602-GBUYR,Female,0,No,Yes,6,Yes,Yes,Fiber optic,No,No,Yes,Yes,No,No,Two year,No,Electronic check,98.47,584.64,No
5383-DREQH,Male,0,No,No,23,Yes,No,DSL,No,No,No,Yes,No,No,Month-to-month,Yes,Bank transfer (automatic),66.96,1548.23,No
8792-YFHYA,Female,0,No,No,8,No,No phone service,DSL,No,No,No,Yes,Yes,No,Month-to-month,Yes,Mailed check,56.16,447.44,No
5649-DLADK,Male,0,Yes,Yes,27,Yes,Yes,Fiber optic,No,Yes,Yes,No,Yes,Yes,Two year,Yes,Bank transfer (automatic),116.97,3168.7,No
1540-VPLMW,Male,0,No,No,21,Yes,Yes,Fiber optic,No,No,No,No,No,No,One year,No,Electronic check,87.93,1823.96,No
8608-BSMUU,Female,0,No,No,56,Yes,Yes,DSL,Yes,No,No,Yes,No,Yes,Month-to-month,No,Mailed check,88.5,4955.44,No
7374-SFWSG,Female,0,No,No,27,Yes,No,Fiber optic,No,Yes,No,No,Yes,No,Month-to-month,No,Bank transfer (automatic),98.27,2646.88,No
3094-NJSKE,Male,0,No,No,71,Yes,No,Fiber optic,Yes,No,No,No,Yes,No,Month-to-month,Yes,Mailed check,96.87,6885.15,No
4555-VVHVC,Female,0,No,No,11,Yes,Yes,Fiber optic,No,No,No,No,Yes,No,Two year,Yes,Electronic check,99.51,1112.93,No
9855-UASMX,Male,1,No,No,13,Yes,Yes,Fiber optic,No,No,No,No,No,Yes,Two year,Yes,Mailed check,91.6,1221.0,Yes
3159-XWGLR,Female,0,Yes,No,58,Yes,Yes,DSL,No,Yes,No,No,No,Yes,Two year,Yes,Bank transfer (automatic),76.28,4431.68,No
3161-ZEFNM,Male,1,No,No,10,Yes,Yes,Fiber optic,No,No,No,Yes,Yes,No,Two year,No,Mailed check,99.01,1010.74,No
1451-XFCNY,Female,1,Yes,Yes,27,Yes,No,DSL,Yes,Yes,Yes,No,No,No,Two year,Yes,Mailed check,84.96,2303.57,No
1020-MXXEQ,Male,0,Yes,Yes,45,Yes,No,Fiber optic,No,No,No,No,No,Yes,Month-to-month,No,Mailed check,94.46,4242.06,No
8523-SRULB,Male,0,Yes,No,65,Yes,No,Fiber optic,No,No,No,No,Yes,No,Month-to-month,Yes,Electronic check,96.56,6272.83,No
6754-RWYJY,Female,1,No,No,15,Yes,No,DSL,No,Yes,Yes,No,Yes,No,One year,Yes,Electronic check,86.67,1312.68,Yes
1089-ZDRSR,Female,0,No,Yes,20,Yes,No,No,No internet service,No internet service,No internet service,No internet service,No internet service,No internet service,Two year,No,Electronic check,39.85,808.76,No
9917-PDQGQ,Male,0,No,Yes,1,Yes,Yes,Fiber optic,No,No,Yes,No,No,Yes,Month-to-month,No,Mailed check,104.11,112.41,Yes
4425-BRCHQ,Female,0,Yes,No,29,Yes,No,DSL,No,No,Yes,No,Yes,Yes,Two year,No,Credit card (automatic),78.94,2295.74,No
8929-HHHPE,Female,0,No,No,16,Yes,No,Fiber optic,No,Yes,No,No,No,Yes,Two year,Yes,Bank transfer (automatic),109.83,1766.65,Yes
5743-VBZNR,Male,0,Yes,Yes,21,Yes,No,Fiber optic,Yes,No,Yes,No,No,Yes,Month-to-month,Yes,Mailed check,103.93,2186.99,Yes
6555-YRXGF,Female,1,No,No,17,Yes,Yes,No,No internet service,No internet service,No internet service,No internet service,No internet service,No internet service,Month-to-month,Yes,Bank transfer (automatic),39.35,641.82,No
6791-DCFGC,Male,0,Yes,Yes,72,Yes,No,No,No internet service,No internet service,No internet service,No internet service,No internet service,No internet service,Month-to-month,No,Credit card (automatic),43.03,3109.41,No
7557-PEGYX,Female,0,Yes,Yes,40,Yes,No,Fiber optic,No,No,No,No,No,No,Month-to-month,Yes,Credit card (automatic),95.1,3783.72,No
2108-QHJQZ,Female,0,Yes,Yes,36,Yes,No,Fiber optic,No,No,No,No,Yes,No,Month-to-month,No,Credit card (automatic),103.36,3734.83,No
6244-YVUUV,Female,0,Yes,No,32,No,No phone service,Fiber optic,No,No,Yes,Yes,No,No,Month-to-month,Yes,Electronic check,79.93,2544.51,Yes
3297-ZYQTX,Male,0,No,No,42,No,No phone service,DSL,Yes,No,No,No,No,No,One year,Yes,Bank transfer (automatic),48.4,2022.08,No
2373-BZPTN,Female,0,No,No,24,Yes,No,Fiber optic,No,No,Yes,No,No,No,One year,Yes,Bank transfer (automatic),95.75,2285.07,No
5655-AGCLA,Male,0,No,No,10,No,No phone service,Fiber optic,No,No,No,No,No,No,Two year,No,Electronic check,66.82,673.64,No
8222-HTBAL,Male,0,Yes,No,21,Yes,No,Fiber optic,No,No,No,No,Yes,No,One year,Yes,Mailed check,93.37,1947.3,Yes
8091-VPQSS,Female,0,Yes,No,23,Yes,No,Fiber optic,No,Yes,Yes,No,No,Yes,One year,Yes,Electronic check,104.76,2421.88,Yes
7669-ALWLD,Male,0,No,No,19,Yes,No,Fiber optic,No,Yes,No,No,No,Yes,Month-to-month,Yes,Mailed check,100.29,1868.22,Yes
6986-HNNSY,Female,0,Yes,No,10,No,No phone service,Fiber optic,No,Yes,Yes,No,No,Yes,Month-to-month,Yes,Mailed check,88.34,874.48,Yes
7241-ZAULT,Female,0,No,No,62,Yes,No,No,No internet service,No internet service,No internet service,No internet service,No internet service,No internet service,Month-to-month,Yes,Electronic check,40.88,2545.52,No
1767-NARFD,Female,0,No,Yes,31,Yes,Yes,Fiber optic,No,Yes,No,No,Yes,Yes,Two year,No,Mailed check,107.31,3324.84,No
1711-GZZBZ,Female,0,Yes,No,33,Yes,Yes,Fiber optic,No,No,Yes,No,No,No,Month-to-month,No,Electronic check,101.96,3380.53,No
6287-HYFEF,Male,0,No,No,65,Yes,Yes,Fiber optic,No,No,No,No,No,No,Two year,No,Credit card (automatic),90.17,5861.8,No
2311-MDFJR,Male,0,Yes,No,62,Yes,Yes,DSL,No,No,Yes,Yes,Yes,Yes,One year,Yes,Electronic check,90.02,5603.62,No
8721-BRCZG,Male,0,No,No,18,Yes,No,Fiber optic,Yes,No,No,Yes,No,Yes,Month-to-month,Yes,Mailed check,113.68,2059.24,Yes
8710-UHHHM,Male,0,Yes,No,72,Yes,Yes,DSL,No,No,No,No,Yes,Yes,Month-to-month,Yes,Mailed check,76.62,5507.12,No
4977-RMUMH,Male,0,Yes,Yes,30,Yes,Yes,DSL,No,Yes,Yes,No,No,No,One year,Yes,Mailed check,76.88,2315.95,No
3940-TDGHR,Female,0,Yes,No,36,Yes,Yes,Fiber optic,No,No,Yes,No,No,No,One year,Yes,Mailed check,93.24,3324.29,No
2161-LSYLZ,Male,0,No,No,68,Yes,No,DSL,No,No,Yes,Yes,No,No,Month-to-month,Yes,Credit card (automatic),76.4,5181.41,No
6468-UFXGD,Male,1,Yes,Yes,67,Yes,Yes,Fiber optic,No,Yes,No,No,No,No,One year,Yes,Bank transfer (automatic),92.85,6227.88,No
1711-RREXG,Female,0,No,Yes,68,Yes,Yes,No,No internet service,No internet service,No internet service,No internet service,No internet service,No internet service,Month-to-month,No,Electronic check,41.24,2811.55,No
6487-NQTYT,Female,0,Yes,No,12,Yes,No,Fiber optic,Yes,No,Yes,No,No,No,Month-to-month,Yes,Credit card (automatic),95.92,1142.29,No
9163-WJPEY,Male,0,Yes,Yes,5,No,No phone service,Fiber optic,No,No,Yes,Yes,Yes,Yes,Two year,Yes,Mailed check,95.6,474.54,No
9702-XTWVF,Male,1,No,No,22,No,No phone service,DSL,No,No,Yes,No,Yes,Yes,Month-to-month,Yes,Electronic check,63.85,1410.73,Yes
3374-NLTTZ,Male,0,Yes,No,20,Yes,Yes,DSL,No,No,Yes,No,No,No,Month-to-month,Yes,Mailed check,73.77,1469.92,Yes
8095-AJHRJ,Female,0,Yes,No,48,Yes,Yes,No,No internet service,No internet service,No internet service,No internet service,No internet service,No internet service,Two year,No,Electronic check,45.31,2158.68,No
9805-GLVJB,Female,1,Yes,Yes,11,Yes,Yes,No,No internet service,No internet service,No internet service,No internet service,No internet service,No internet service,Month-to-month,No,Mailed check,45.3,508.12,No
3990-JQTPK,Male,0,No,No,17,Yes,Yes,DSL,No,No,Yes,No,No,No,Month-to-month,Yes,Mailed check,76.02,1283.77,No
5524-DEQWN,Male,0,Yes,No,58,Yes,Yes,Fiber optic,No,Yes,Yes,No,Yes,Yes,One year,Yes,Electronic check,110.25,6408.42,No
1543-ZHTXZ,Male,0,Yes,No,43,Yes,No,No,No internet service,No internet service,No internet service,No internet service,No internet service,No internet service,Two year,Yes,Bank transfer (automatic),39.23,1700.1,No
2047-ERUWP,Male,1,No,No,58,Yes,No,No,No internet service,No internet service,No internet service,No internet service,No internet service,No internet service,Two year,No,Electronic check,45.13,2633.14,No
2426-TSMRF,Male,0,No,No,65,Yes,Yes,Fiber optic,Yes,No,No,Yes,Yes,No,Month-to-month,Yes,Bank transfer (automatic),109.31,7098.44,No
8296-BWWSV,Male,1,Yes,No,68,Yes,No,Fiber optic,No,No,No,No,No,Yes,Two year,No,Credit card (automatic),94.3,6395.42,No
9214-DPRYT,Female,0,No,No,71,Yes,Yes,Fiber optic,Yes,Yes,No,Yes,Yes,Yes,Month-to-month,Yes,Electronic check,118.75,8432.9,No
6348-PDHLX,Male,1,Yes,Yes,49,Yes,No,DSL,Yes,No,No,No,No,No,Month-to-month,Yes,Electronic check,68.9,3376.76,No
8755-RCTMR,Male,0,No,No,39,Yes,Yes,Fiber optic,Yes,No,Yes,No,Yes,Yes,One year,No,Electronic check,111.23,4334.96,No
4898-TFDFY,Male,0,Yes,Yes,46,Yes,No,Fiber optic,Yes,No,No,No,Yes,No,Two year,No,Mailed check,98.37,4520.06,No
1678-GJWJX,Male,0,Yes,Yes,53,Yes,No,DSL,No,No,No,No,Yes,Yes,Month-to-month,Yes,Credit card (automatic),82.33,4366.56,Yes
9891-RJQSC,Female,1,Yes,No,63,No,No phone service,DSL,No,No,Yes,Yes,No,No,Month-to-month,Yes,Electronic check,54.22,3416.06,No
8496-LWQWB,Female,0,Yes,Yes,44,No,No phone service,Fiber optic,No,No,No,No,No,Yes,Month-to-month,No,Electronic check,78.09,3438.91,No
1381-CWZZH,Female,0,Yes,Yes,42,Yes,No,Fiber optic,Yes,Yes,No,No,No,No,Month-to-month,No,Bank transfer (automatic),99.49,4167.1,Yes
3378-JVGPR,Male,0,Yes,No,30,Yes,No,Fiber optic,No,Yes,No,No,No,No,Month-to-month,No,Bank transfer (automatic),91.15,2711.69,Yes
4252-MRUEN,Female,0,Yes,Yes,59,Yes,No,DSL,No,Yes,No,Yes,No,No,One year,Yes,Electronic check,78.43,4634.62,No
2388-ARMGB,Female,0,Yes,No,26,Yes,Yes,DSL,No,No,Yes,No,No,Yes,Month-to-month,Yes,Electronic check,79.38,2072.04,Yes
9512-VYCAF,Female,0,Yes,No,25,Yes,No,No,No internet service,No internet service,No internet service,No internet service,No internet service,No internet service,Month-to-month,No,Electronic check,43.48,1092.69,No
1904-MREKN,Female,0,No,No,44,Yes,Yes,DSL,No,No,Yes,No,No,No,One year,Yes,Electronic check,74.78,3297.6,No
3855-MQYHC,Male,0,Yes,Yes,46,No,No phone service,DSL,No,Yes,No,No,Yes,No,Month-to-month,Yes,Mailed check,53.93,2506.51,No
8815-PMTZD,Female,0,Yes,Yes,25,Yes,No,No,No internet service,No internet service,No internet service,No internet service,No internet service,No internet service,Month-to-month,Yes,Electronic check,40.14,1008.34,No
8744-RQWHU,Female,1,Yes,No,0,Yes,No,DSL,Yes,No,No,Yes,Yes,No,Month-to-month,Yes,Electronic check,84.2, ,Yes
6134-YMTMK,Male,0,No,No,54,Yes,No,Fiber optic,No,No,No,No,No,Yes,One year,No,Credit card (automatic),104.24,5616.95,No
4378-YWFWQ,Male,0,No,No,6,Yes,Yes,No,No internet service,No internet service,No internet service,No internet service,No internet service,No internet service,Two year,No,Electronic check,45.7,281.2,No
1937-UDWLX,Male,0,No,No,9,Yes,No,DSL,No,Yes,Yes,No,Yes,No,Month-to-month,Yes,Credit card (automatic),77.45,697.97,No
5347-CUTHE,Male,0,Yes,Yes,8,Yes,No,Fiber optic,Yes,No,No,No,Yes,No,Month-to-month,No,Mailed check,97.65,764.91,No
8773-UHSFE,Male,0,No,No,52,Yes,Yes,No,No internet service,No internet service,No internet service,No internet service,No internet service,No internet service,Two year,Yes,Mailed check,42.7,2218.36,No
6974-VYMDP,Male,1,Yes,No,54,Yes,Yes,DSL,No,No,No,No,No,Yes,One year,No,Credit card (automatic),74.8,4053.35,No
7126-ZCRNQ,Male,0,No,No,37,Yes,Yes,Fiber optic,Yes,Yes,No,Yes,No,Yes,One year,No,Mailed check,111.58,4111.64,No
1833-AQEQA,Female,0,No,No,6,Yes,Yes,Fiber optic,No,No,No,No,Yes,No,Month-to-month,Yes,Electronic check,98.52,589.14,Yes
8210-HLJLN,Male,0,Yes,No,5,Yes,No,Fiber optic,No,No,No,No,Yes,No,Month-to-month,No,Credit card (automatic),101.02,510.04,Yes
6809-SZEWQ,Male,1,No,No,41,Yes,Yes,Fiber optic,Yes,Yes,No,No,No,No,Two year,No,Mailed check,109.55,4482.89,No
3785-YSEER,Female,0,Yes,Yes,61,Yes,No,Fiber optic,Yes,Yes,Yes,No,Yes,No,One year,No,Bank transfer (automatic),115.49,7049.81,No
7566-BRNZT,Male,1,No,No,51,Yes,Yes,Fiber optic,No,No,No,Yes,Yes,Yes,Two year,No,Electronic check,104.7,5345.69,No
9182-AUJPX,Male,0,Yes,No,40,Yes,No,No,No internet service,No internet service,No internet service,No internet service,No internet service,No internet service,Month-to-month,Yes,Electronic check,45.43,1839.47,No
8828-FFTXQ,Male,0,Yes,No,36,Yes,No,DSL,No,Yes,Yes,Yes,No,No,Month-to-month,Yes,Credit card (automatic),85.29,3049.74,No
1491-DTTXN,Male,1,No,No,53,Yes,Yes,DSL,No,No,Yes,Yes,No,No,Month-to-month,Yes,Mailed check,76.25,4065.95,No
4847-CUYBM,Male,0,Yes,No,15,No,No phone service,DSL,Yes,Yes,Yes,No,Yes,Yes,Two year,Yes,Mailed check,73.14,1113.22,No
4197-TUFYD,Male,0,No,No,9,Yes,No,Fiber optic,No,Yes,No,No,No,Yes,Month-to-month,No,Bank transfer (automatic),98.0,930.72,No
8029-TDSGG,Male,1,Yes,Yes,25,Yes,Yes,Fiber optic,No,No,No,Yes,No,Yes,Month-to-month,No,Mailed check,105.6,2644.17,No
1778-TVNUJ,Male,0,Yes,Yes,11,Yes,No,Fiber optic,Yes,No,No,Yes,No,No,One year,Yes,Bank transfer (automatic),94.01,1045.56,No
6085-ULQDN,Female,0,Yes,No,19,Yes,No,DSL,No,No,No,Yes,Yes,No,Two year,Yes,Electronic check,75.71,1431.77,No
8657-UHPQY,Female,1,No,No,64,Yes,No,DSL,No,No,No,No,Yes,No,Month-to-month,Yes,Credit card (automatic),63.92,4099.83,No
8458-VUJKM,Male,0,No,No,35,Yes,No,DSL,No,No,Yes,No,No,No,Month-to-month,No,Electronic check,69.36,2433.88,No
4833-YXXQE,Male,1,No,No,34,Yes,No,Fiber optic,No,No,Yes,Yes,Yes,Yes,One year,Yes,Mailed check,113.52,3841.49,No
2293-GRJRX,Female,1,No,No,54,Yes,No,Fiber optic,No,No,No,No,No,No,Month-to-month,Yes,Credit card (automatic),86.39,4650.56,No
4009-YNVBG,Female,0,Yes,No,21,Yes,Yes,No,No internet service,No internet service,No internet service,No internet service,No internet service,No internet service,One year,No,Bank transfer (automatic),37.58,793.94,No
9377-XPABL,Male,0,Yes,Yes,51,Yes,No,DSL,No,No,Yes,No,No,No,Two year,No,Mailed check,77.02,3942.52,No
9081-KXNDP,Male,0,No,No,37,Yes,No,DSL,No,No,No,No,Yes,No,Month-to-month,No,Credit card (automatic),70.69,2625.64,No
4278-FSEXV,Male,0,No,No,41,Yes,No,Fiber optic,No,No,No,No,Yes,No,Month-to-month,Yes,Electronic check,88.98,3657.25,Yes
8037-BZMTE,Female,0,No,No,27,Yes,No,Fiber optic,No,No,Yes,Yes,No,No,Two year,Yes,Mailed check,93.1,,Yes
7911-HSGYT,Female,0,Yes,Yes,67,Yes,Yes,Fiber optic,Yes,No,No,No,Yes,Yes,One year,Yes,Credit card (automatic),109.65,7372.84,No
5070-LAHUV,Male,1,No,No,71,Yes,Yes,No,No internet service,No internet service,No internet service,No internet service,No internet service,No internet service,Month-to-month,Yes,Bank transfer (automatic),41.93,2990.17,No
9996-CGUJF,Female,1,No,No,9,No,No phone service,Fiber optic,No,No,Yes,Yes,No,Yes,Month-to-month,No,Mailed check,93.44,830.71,Yes
3532-YWAWP,Male,1,No,No,14,Yes,No,DSL,No,No,No,No,No,Yes,One year,No,Credit card (automatic),78.03,1098.32,No
8599-QSPTV,Male,0,No,No,54,Yes,No,No,No internet service,No internet service,No internet service,No internet service,No internet service,No internet service,Month-to-month,No,Bank transfer (automatic),30.43,1644.99,No
5573-CCKMW,Female,0,Yes,No,38,Yes,Yes,Fiber optic,No,Yes,Yes,Yes,No,No,Two year,Yes,Credit card (automatic),105.72,3996.85,No
1298-XBMLP,Female,0,No,No,56,Yes,Yes,DSL,No,No,Yes,Yes,No,Yes,Month-to-month,Yes,Bank transfer (automatic),83.54,4678.14,Yes
1382-UDUPX,Male,0,No,No,24,Yes,No,DSL,No,No,No,No,Yes,Yes,Month-to-month,No,Electronic check,74.63,1778.73,No
9808-WLKRR,Female,1,Yes,Yes,47,Yes,No,Fiber optic,Yes,No,No,Yes,Yes,No,Month-to-month,Yes,Credit card (automatic),116.13,5437.62,No
8111-MMCEV,Female,1,Yes,No,12,Yes,Yes,No,No internet service,No internet service,No internet service,No internet service,No internet service,No internet service,Two year,Yes,Credit card (automatic),35.53,409.82,No
9901-QJBBS,Male,1,No,No,70,Yes,No,DSL,No,No,No,No,Yes,No,Month-to-month,No,Mailed check,72.16,5052.28,No
6775-GEBSQ,Female,0,No,No,49,Yes,Yes,No,No internet service,No internet service,No internet service,No internet service,No internet service,No internet service,One year,Yes,Electronic check,30.98,1517.33,No
3999-TWNGA,Female,0,No,No,47,Yes,No,DSL,No,No,No,No,No,Yes,Two year,Yes,Credit card (automatic),69.16,3249.04,No
8158-PJAVY,Male,0,No,No,9,Yes,No,Fiber optic,Yes,No,No,Yes,No,No,Month-to-month,No,Bank transfer (automatic),103.09,930.64,No
5330-GQWQA,Male,0,No,No,65,Yes,No,DSL,No,Yes,No,No,No,Yes,Two year,Yes,Electronic check,72.43,4698.85,No
2755-CKLNU,Male,0,No,No,20,Yes,Yes,Fiber optic,No,Yes,No,Yes,No,No,One year,No,Mailed check,101.17,2023.49,Yes
2011-YGNFJ,Female,0,Yes,No,8,Yes,Yes,No,No internet service,No internet service,No internet service,No internet service,No internet service,No internet service,Month-to-month,Yes,Credit card (automatic),41.15,321.75,No
8492-BMQPK,Male,0,Yes,No,35,Yes,No,Fiber optic,No,No,Yes,No,No,No,Two year,Yes,Bank transfer (automatic),94.16,3303.35,No
4399-XFMJU,Male,0,Yes,No,70,Yes,No,No,No internet service,No internet service,No internet service,No internet service,No internet service,No internet service,Two year,No,Bank transfer (automatic),33.89,2374.96,No
8251-WCCKL,Male,1,No,No,30,Yes,No,DSL,Yes,No,No,No,No,Yes,Month-to-month,Yes,Bank transfer (automatic),71.49,2167.87,No
1567-XXLUP,Female,0,No,No,0,Yes,No,Fiber optic,Yes,Yes,No,No,Yes,Yes,Two year,Yes,Mailed check,111.64, ,No
6912-WCFLX,Male,0,No,No,66,Yes,No,DSL,No,No,No,Yes,No,Yes,One year,Yes,Bank transfer (automatic),71.51,4722.02,No
6326-KAQGH,Female,1,No,No,47,Yes,No,No,No internet service,No internet service,No internet service,No internet service,No internet service,No internet service,Two year,Yes,Electronic check,45.41,2150.04,No
9962-NDBKB,Male,1,No,Yes,47,Yes,Yes,Fiber optic,Yes,No,No,No,No,No,One year,Yes,Electronic check,93.16,4372.67,No
4858-KXJGQ,Female,0,No,Yes,40,Yes,Yes,Fiber optic,No,No,Yes,No,No,No,Two year,Yes,Credit card (automatic),95.3,3831.16,No
6750-ACEUF,Female,0,Yes,Yes,5,Yes,Yes,DSL,No,Yes,Yes,No,Yes,Yes,Two year,No,Electronic check,81.27,408.04,No
9933-LYFLD,Male,0,No,No,51,Yes,No,DSL,Yes,No,No,No,Yes,No,Two year,Yes,Mailed check,74.85,3827.91,No
8614-QBTXS,Male,0,No,No,10,Yes,No,Fiber optic,No,No,Yes,No,No,Yes,Month-to-month,Yes,Electronic check,99.85,980.23,Yes
8274-GLWQQ,Female,0,Yes,Yes,15,No,No phone service,DSL,No,Yes,No,Yes,No,No,One year,No,Credit card (automatic),58.64,887.35,No
7903-QDFUF,Male,0,Yes,Yes,42,Yes,No,DSL,Yes,Yes,Yes,No,No,No,Two year,Yes,Electronic check,90.45,3793.0,No
6989-MQFHS,Male,0,Yes,No,37,Yes,No,Fiber optic,No,No,No,No,Yes,No,Two year,Yes,Bank transfer (automatic),96.29,3577.94,No
2545-HZDPD,Male,0,No,No,16,No,No phone service,Fiber optic,No,No,No,No,No,No,Two year,Yes,Mailed check,69.42,1121.45,No
7363-DPLSA,Male,0,No,No,4,No,No phone service,DSL,No,No,Yes,No,Yes,No,Month-to-month,No,Mailed check,61.52,243.4,No
5643-PFHSP,Male,0,Yes,Yes,14,Yes,No,No,No internet service,No internet service,No internet service,No internet service,No internet service,No internet service,Two year,Yes,Electronic check,41.37,593.0,No
6209-YKWZP,Male,0,No,No,3,Yes,No,No,No internet service,No internet service,No internet service,No internet service,No internet service,No internet service,Month-to-month,Yes,Credit card (automatic),32.64,101.37,Yes
2906-LBSGY,Female,0,Yes,Yes,72,Yes,No,No,No internet service,No internet service,No internet service,No internet service,No internet service,No internet service,Two year,No,Electronic check,45.7,3292.66,No
6876-MECSU,Female,0,Yes,No,5,Yes,No,DSL,No,No,No,No,Yes,No,Month-to-month,No,Mailed check,72.23,365.92,Yes
3394-AHUPC,Female,0,No,No,51,Yes,Yes,Fiber optic,No,Yes,Yes,Yes,Yes,Yes,Two year,No,Electronic check,116.79,5968.52,No
2032-CUUKS,Female,0,Yes,No,27,Yes,Yes,Fiber optic,No,Yes,Yes,No,No,No,Month-to-month,No,Bank transfer (automatic),101.25,2716.01,No
1188-PGVMW,Male,0,Yes,Yes,22,Yes,No,Fiber optic,No,Yes,No,No,Yes,No,Month-to-month,No,Electronic check,105.67,2338.26,No
6065-LYZLJ,Female,0,No,No,0,Yes,Yes,DSL,No,No,Yes,No,Yes,No,Two year,Yes,Bank transfer (automatic),80.06, ,No
6816-EKWXK,Female,0,Yes,Yes,2,Yes,Yes,Fiber optic,No,No,No,Yes,No,No,Month-to-month,No,Mailed check,93.49,199.19,Yes
4512-WEBBC,Male,0,Yes,No,72,Yes,No,DSL,Yes,Yes,No,No,No,Yes,Month-to-month,No,Bank transfer (automatic),93.72,6730.8,No
8917-AHQQV,Male,0,Yes,No,58,Yes,No,No,No internet service,No internet service,No internet service,No internet service,No internet service,No internet service,Two year,Yes,Electronic check,36.11,2074.54,No
9827-KFCXJ,Female,1,No,No,20,No,No phone service,DSL,Yes,No,No,Yes,No,Yes,Month-to-month,No,Bank transfer (automatic),67.69,1384.42,No
9084-JURTR,Female,0,No,No,42,Yes,Yes,No,No internet service,No internet service,No internet service,No internet service,No internet service,No internet service,Month-to-month,Yes,Electronic check,37.41,1591.29,Yes
3761-CALXR,Female,0,No,No,65,Yes,No,Fiber optic,No,Yes,Yes,No,Yes,Yes,Two year,No,Credit card (automatic),112.88,7357.95,No
7067-GMKDQ,Male,0,No,No,22,Yes,No,DSL,No,No,No,No,Yes,No,Two year,No,Credit card (automatic),78.2,1724.3,No
4270-KQAYF,Female,0,Yes,Yes,70,Yes,Yes,Fiber optic,Yes,No,No,Yes,No,No,Month-to-month,Yes,Electronic check,105.23,7360.03,No
7112-UDFKV,Female,0,Yes,No,38,Yes,No,Fiber optic,No,Yes,No,Yes,Yes,No,Month-to-month,Yes,Mailed check,103.28,3916.48,No
6721-MWMXU,Female,0,Yes,Yes,33,Yes,Yes,DSL,Yes,Yes,Yes,No,No,Yes,Month-to-month,No,Credit card (automatic),91.65,3022.27,No
2549-KAFAC,Female,0,No,No,65,Yes,No,Fiber optic,Yes,Yes,No,Yes,No,No,Two year,No,Electronic check,111.03,7203.61,No
1038-SKMUV,Male,0,No,No,33,Yes,Yes,Fiber optic,No,No,No,No,Yes,No,One year,No,Electronic check,93.27,3066.96,No
5796-LRKLH,Female,0,No,No,4,Yes,No,DSL,Yes,Yes,No,No,No,Yes,Month-to-month,Yes,Mailed check,78.31,345.58,No
2706-ERVLC,Female,0,No,No,10,Yes,Yes,Fiber optic,Yes,Yes,No,No,Yes,No,Two year,No,Electronic check,109.28,1102.0,No
6491-XNABN,Female,1,Yes,No,53,Yes,Yes,Fiber optic,No,Yes,No,No,No,Yes,One year,No,Bank transfer (automatic),106.19,5606.71,No
8753-BUUBF,Female,0,No,No,46,Yes,Yes,No,No internet service,No internet service,No internet service,No internet service,No internet service,No internet service,One year,No,Credit card (automatic),41.17,1883.45,No
1035-PEXCR,Male,0,Yes,No,62,Yes,Yes,No,No internet service,No internet service,No internet service,No internet service,No internet service,No internet service,One year,Yes,Mailed check,41.3,2562.9,No
8080-EGVCL,Female,0,No,No,14,Yes,Yes,DSL,No,Yes,No,Yes,No,Yes,Month-to-month,Yes,Credit card (automatic),80.95,1141.22,No
3250-ALMJV,Male,0,Yes,No,37,Yes,No,Fiber optic,Yes,No,No,No,Yes,No,Month-to-month,No,Electronic check,98.41,3616.77,No
1863-LEUPS,Male,0,Yes,No,27,Yes,Yes,DSL,No,Yes,Yes,Yes,No,Yes,One year,No,Credit card (automatic),85.9,2318.12,Yes
1967-LBHYT,Male,0,No,No,70,Yes,No,Fiber optic,Yes,Yes,Yes,No,No,No,Month-to-month,Yes,Electronic check,102.99,7195.87,No
1705-JWEUH,Male,0,Yes,No,58,Yes,No,DSL,No,No,No,No,No,No,Month-to-month,Yes,Credit card (automatic),59.33,3438.04,No
5292-XSGAF,Male,0,No,No,16,Yes,No,DSL,No,No,No,Yes,Yes,Yes,Two year,No,Credit card (automatic),75.57,1237.27,No
4759-DXBNZ,Male,0,No,No,54,Yes,No,No,No internet service,No internet service,No internet service,No internet service,No internet service,No internet service,One year,Yes,Mailed check,32.07,1738.28,No
4014-NBTZU,Male,0,No,No,52,Yes,No,DSL,No,No,No,No,No,Yes,Two year,Yes,Electronic check,78.9,4116.4,No
2344-JTVKZ,Female,0,Yes,No,28,Yes,Yes,Fiber optic,Yes,No,Yes,Yes,Yes,No,Two year,Yes,Electronic check,110.03,3066.23,No
2831-TMTQL,Female,0,No,No,31,Yes,No,No,No internet service,No internet service,No internet service,No internet service,No internet service,No internet service,Month-to-month,No,Mailed check,37.98,1189.26,No
8337-WVCLT,Male,0,No,No,17,Yes,No,DSL,No,No,No,No,No,No,One year,Yes,Credit card (automatic),62.24,1061.78,No
8800-JTPFX,Male,0,Yes,No,27,Yes,No,Fiber optic,Yes,No,Yes,Yes,No,No,Month-to-month,No,Bank transfer (automatic),109.25,2966.24,No
5002-QGALT,Female,0,No,No,7,Yes,No,DSL,No,No,Yes,Yes,Yes,No,Month-to-month,Yes,Bank transfer (automatic),83.04,547.06,No
3944-YURVW,Male,1,No,No,46,Yes,No,DSL,No,No,No,No,No,Yes,One year,No,Bank transfer (automatic),78.35,3614.91,No
7490-VTWCJ,Male,0,Yes,Yes,36,Yes,Yes,DSL,No,No,No,No,Yes,No,Month-to-month,No,Mailed check,73.49,2625.44,No
8989-MAWRX,Female,0,Yes,Yes,44,Yes,No,DSL,No,No,No,No,No,Yes,Month-to-month,No,Bank transfer (automatic),77.47,3363.95,No
1145-DNENJ,Male,0,No,No,70,Yes,No,DSL,No,No,No,No,Yes,No,Two year,No,Electronic check,69.19,4850.21,No
2891-UAWDP,Female,0,No,No,26,Yes,No,Fiber optic,No,Yes,No,Yes,Yes,Yes,Month-to-month,No,Bank transfer (automatic),118.75,3074.55,Yes
9922-CYHTW,Male,0,No,No,9,No,No phone service,Fiber optic,No,Yes,Yes,Yes,No,Yes,Month-to-month,Yes,Bank transfer (automatic),93.11,825.33,Yes
3085-JWCCH,Female,1,Yes,No,27,Yes,No,DSL,Yes,No,No,No,Yes,No,One year,Yes,Bank transfer (automatic),73.53,2000.5,No
6427-VPMWE,Male,1,No,No,25,Yes,No,DSL,No,Yes,No,No,Yes,Yes,Month-to-month,Yes,Electronic check,83.74,2109.8,Yes
9114-HGYRL,Male,0,Yes,Yes,35,Yes,No,Fiber optic,No,No,No,Yes,No,No,Two year,No,Mailed check,100.23,3506.48,No
3970-LUDEH,Male,1,Yes,No,61,Yes,No,No,No internet service,No internet service,No internet service,No internet service,No internet service,No internet service,Month-to-month,No,Electronic check,42.61,2585.92,No
5339-VFUXL,Male,0,No,No,72,Yes,Yes,No,No internet service,No internet service,No internet service,No internet service,No internet service,No internet service,Two year,Yes,Electronic check,35.06,2500.68,No
9650-XVKHW,Female,0,No,No,46,Yes,No,DSL,No,No,Yes,No,No,No,Month-to-month,Yes,Credit card (automatic),76.65,3515.74,No
4973-ATJYW,Female,0,No,Yes,58,Yes,No,Fiber optic,No,Yes,Yes,No,No,Yes,Month-to-month,No,Mailed check,103.07,5982.68,No
1938-XYUGS,Female,0,Yes,Yes,21,Yes,No,DSL,No,No,No,Yes,Yes,Yes,Month-to-month,Yes,Electronic check,78.82,1649.4,Yes
8811-VLSKG,Female,0,No,No,26,Yes,Yes,Fiber optic,No,Yes,No,No,No,Yes,Month-to-month,No,Credit card (automatic),100.87,2636.83,No
7054-MFRHQ,Male,0,No,No,64,Yes,No,Fiber optic,Yes,Yes,No,Yes,No,Yes,Two year,Yes,Electronic check,115.51,7404.23,No
4252-XWMTE,Male,0,Yes,No,26,Yes,No,Fiber optic,No,No,Yes,No,Yes,No,Month-to-month,No,Mailed check,97.23,2530.05,Yes
9975-FWWEA,Male,0,Yes,No,27,Yes,No,DSL,No,Yes,No,No,No,Yes,Month-to-month,Yes,Mailed check,83.11,2249.5,Yes
7632-WTBRK,Female,0,Yes,Yes,65,Yes,Yes,Fiber optic,No,No,No,Yes,Yes,Yes,Month-to-month,Yes,Mailed check,108.37,7030.48,No
9239-VVKHV,Female,0,Yes,No,58,Yes,No,Fiber optic,No,Yes,Yes,No,No,No,Month-to-month,Yes,Electronic check,104.58,6063.37,No
2036-CBNBP,Female,0,No,No,56,Yes,No,No,No internet service,No internet service,No internet service,No internet service,No internet service,No internet service,Month-to-month,No,Electronic check,44.87,2529.85,No
2505-XLCSJ,Male,1,No,No,52,Yes,Yes,DSL,Yes,No,No,Yes,No,No,Two year,No,Electronic check,69.65,3632.11,No
3356-RYZLW,Male,0,Yes,No,47,Yes,No,Fiber optic,No,Yes,Yes,No,No,Yes,One year,No,Electronic check,108.95,5127.36,No
2883-WYNNP,Female,0,Yes,Yes,40,Yes,Yes,No,No internet service,No internet service,No internet service,No internet service,No internet service,No internet service,Month-to-month,No,Electronic check,44.76,1801.17,No
1656-WTWCV,Female,1,Yes,No,52,Yes,Yes,Fiber optic,Yes,Yes,Yes,No,Yes,No,Month-to-month,No,Credit card (automatic),117.56,6111.48,No
4264-VZXXC,Female,0,No,No,2,Yes,No,Fiber optic,No,No,No,Yes,No,No,Month-to-month,Yes,Electronic check,98.61,182.6,No
3957-HNZSP,Male,0,No,No,4,Yes,No,DSL,Yes,No,No,No,Yes,No,Month-to-month,Yes,Electronic check,75.58,303.38,Yes
8244-ERNER,Female,1,No,No,63,Yes,No,Fiber optic,No,No,No,No,No,Yes,Month-to-month,No,Bank transfer (automatic),97.59,6143.48,No
8563-VWVMB,Female,0,No,No,6,Yes,Yes,Fiber optic,Yes,No,No,No,Yes,No,Month-to-month,Yes,Electronic check,104.97,616.86,Yes
9686-LRAXX,Male,0,No,No,47,Yes,Yes,No,No internet service,No internet service,No internet service,No internet service,No internet service,No internet service,Month-to-month,No,Mailed check,37.65,1799.51,No
9352-EWQDP,Male,0,Yes,Yes,23,Yes,No,Fiber optic,No,Yes,No,No,No,No,Two year,Yes,Mailed check,95.13,2217.23,No
5287-RCPST,Female,0,Yes,No,54,Yes,Yes,Fiber optic,No,Yes,No,No,No,No,Month-to-month,Yes,Credit card (automatic),90.39,4906.11,No
7921-RSCVJ,Female,0,No,No,34,Yes,Yes,Fiber optic,Yes,Yes,No,Yes,Yes,Yes,Month-to-month,Yes,Electronic check,118.75,4059.77,No
5927-PZHKU,Female,0,No,No,22,Yes,No,DSL,No,Yes,Yes,No,No,No,One year,No,Electronic check,76.04,1703.25,No
6708-HJVWD,Female,0,No,No,51,Yes,Yes,DSL,No,No,No,Yes,No,No,Month-to-month,No,Electronic check,68.12,3513.89,No
4598-UCEDN,Male,0,No,No,71,Yes,No,Fiber optic,Yes,No,No,No,Yes,No,One year,No,Mailed check,94.01,6659.21,No
5058-HDRVF,Male,0,No,No,57,Yes,No,No,No internet service,No internet service,No internet service,No internet service,No internet service,No internet service,Month-to-month,No,Electronic check,48.64,2788.08,No
6997-VPPEY,Male,0,Yes,No,16,Yes,No,DSL,No,No,No,No,No,Yes,Month-to-month,Yes,Bank transfer (automatic),70.55,1127.07,No
9607-TXQRV,Female,0,No,No,64,Yes,No,DSL,No,Yes,Yes,No,No,Yes,One year,No,Credit card (automatic),81.19,5186.6,No
1343-FERFK,Male,0,No,No,72,Yes,No,Fiber optic,Yes,Yes,Yes,No,Yes,Yes,Month-to-month,Yes,Mailed check,118.75,8557.71,Yes
5443-TNASL,Male,0,Yes,No,19,Yes,Yes,Fiber optic,Yes,No,No,No,No,No,Two year,No,Mailed check,94.71,1770.59,No
2020-RGMZF,Male,0,No,No,47,Yes,No,No,No internet service,No internet service,No internet service,No internet service,No internet service,No internet service,One year,No,Mailed check,40.61,1930.27,No
8966-MYWVE,Female,1,Yes,No,54,Yes,No,Fiber optic,Yes,Yes,No,No,No,No,Month-to-month,Yes,Electronic check,94.5,5096.12,Yes
8117-JXZQX,Female,0,No,No,45,Yes,No,DSL,No,No,Yes,Yes,No,No,Month-to-month,Yes,Credit card (automatic),71.33,3209.23,No
5799-AWNBB,Female,0,Yes,Yes,72,Yes,No,Fiber optic,No,No,Yes,No,No,No,Month-to-month,No,Electronic check,101.88,7342.88,No
7508-YSLHL,Male,0,Yes,No,18,No,No phone service,Fiber optic,No,Yes,No,No,Yes,Yes,Month-to-month,Yes,Credit card (automatic),85.05,1520.67,No
3905-GDPFD,Male,0,No,No,15,Yes,Yes,Fiber optic,No,Yes,No,No,Yes,No,Month-to-month,Yes,Credit card (automatic),97.83,1465.07,Yes
3482-VPMQP,Male,0,No,No,64,Yes,No,Fiber optic,No,No,No,Yes,Yes,No,Two year,No,Electronic check,101.36,6479.3,No
5478-WTEVE,Female,0,Yes,No,5,Yes,Yes,Fiber optic,No,No,No,No,No,Yes,Month-to-month,No,Credit card (automatic),88.45,437.69,No
1702-LKUSB,Male,0,Yes,Yes,2,Yes,Yes,DSL,Yes,No,No,Yes,No,No,Month-to-month,Yes,Credit card (automatic),86.04,175.46,Yes
5488-VTNQP,Female,0,No,No,65,Yes,Yes,DSL,No,Yes,No,No,No,No,Month-to-month,Yes,Bank transfer (automatic),72.33,4709.49,Yes
3081-PSBSF,Female,0,No,No,61,No,No phone service,Fiber optic,No,No,No,Yes,No,No,Month-to-month,No,Credit card (automatic),69.2,4251.96,No
1069-UKKQP,Female,0,No,No,9,Yes,No,DSL,Yes,Yes,No,Yes,No,No,Month-to-month,Yes,Mailed check,88.19,767.58,No
6584-YRBFL,Female,0,Yes,No,60,Yes,No,Fiber optic,No,Yes,No,No,No,Yes,Two year,No,Bank transfer (automatic),98.43,5904.8,No
5251-JECDY,Female,0,No,No,52,Yes,Yes,Fiber optic,No,Yes,Yes,No,Yes,No,Month-to-month,Yes,Mailed check,100.58,5230.75,No
4559-ZJHMY,Female,0,No,No,66,Yes,Yes,No,No internet service,No internet service,No internet service,No internet service,No internet service,No internet service,Month-to-month,Yes,Credit card (automatic),43.04,2831.84,No
6067-AGZDW,Male,0,Yes,Yes,28,Yes,Yes,DSL,No,No,No,No,No,No,Month-to-month,No,Mailed check,69.4,1933.48,Yes
9356-FPQVV,Female,0,Yes,Yes,23,No,No phone service,Fiber optic,No,No,No,No,No,Yes,One year,No,Electronic check,74.14,1726.09,No
1540-HYJFR,Male,0,Yes,Yes,25,Yes,No,No,No internet service,No internet service,No internet service,No internet service,No internet service,No internet service,Two year,No,Bank transfer (automatic),44.48,1097.12,No
2757-DVCXF,Male,0,Yes,Yes,47,Yes,Yes,DSL,Yes,No,No,No,No,No,One year,No,Bank transfer (automatic),69.94,3293.46,No
1960-TEJJN,Male,0,No,No,68,Yes,No,No,No internet service,No internet service,No internet service,No internet service,No internet service,No internet service,One year,Yes,Credit card (automatic),41.82,2850.85,No
5259-EFEBR,Female,1,Yes,Yes,68,No,No phone service,DSL,Yes,No,No,No,Yes,No,Two year,Yes,Electronic check,58.61,3982.8,No
5236-CHSGK,Female,0,No,Yes,25,Yes,No,DSL,Yes,No,Yes,No,No,No,Two year,No,Bank transfer (automatic),76.43,1866.45,No
7692-SSKMW,Male,0,No,No,4,No,No phone service,Fiber optic,Yes,Yes,No,No,No,No,Month-to-month,Yes,Mailed check,82.76,345.6,No
8849-BWXYG,Female,1,No,No,29,Yes,No,No,No internet service,No internet service,No internet service,No internet service,No internet service,No internet service,One year,Yes,Bank transfer (automatic),41.04,1170.61,No
5511-BCPEF,Male,0,No,No,32,No,No phone service,No,No internet service,No internet service,No internet service,No internet service,No internet service,No internet service,One year,No,Mailed check,20.06,630.05,No
3671-MDVSU,Male,1,No,No,1,Yes,No,DSL,No,Yes,Yes,No,No,No,Month-to-month,No,Electronic check,81.43,85.94,Yes
9333-QJZPM,Female,0,Yes,No,71,Yes,No,DSL,No,No,No,Yes,No,No,One year,No,Electronic check,68.81,4904.25,No
4743-AYVSF,Male,0,Yes,Yes,13,Yes,Yes,Fiber optic,No,No,No,No,Yes,No,One year,Yes,Electronic check,103.52,1336.35,No
9352-EFBGH,Female,0,No,No,42,Yes,No,No,No internet service,No internet service,No internet service,No internet service,No internet service,No internet service,Month-to-month,No,Bank transfer (automatic),33.89,1423.25,No
8153-HYHNQ,Female,0,Yes,Yes,26,Yes,Yes,Fiber optic,No,No,No,No,Yes,No,Month-to-month,No,Electronic check,91.94,2379.25,Yes
8461-UWYCC,Female,0,Yes,No,52,Yes,No,Fiber optic,Yes,Yes,No,No,Yes,No,One year,Yes,Credit card (automatic),115.56,6013.26,No
5041-DMQGC,Female,0,Yes,No,48,Yes,No,Fiber optic,No,No,No,Yes,Yes,No,Month-to-month,Yes,Mailed check,102.8,4938.94,No
9680-JWQRU,Female,0,Yes,Yes,66,No,No phone service,Fiber optic,No,No,No,No,Yes,No,Month-to-month,Yes,Electronic check,72.9,4789.94,No
3386-FZSHR,Female,0,Yes,No,4,Yes,No,No,No internet service,No internet service,No internet service,No internet service,No internet service,No internet service,Month-to-month,No,Credit card (automatic),38.75,168.74,No
4542-WNHSU,Male,0,No,Yes,20,Yes,No,No,No internet service,No internet service,No internet service,No internet service,No internet service,No internet service,Two year,No,Electronic check,42.73,865.58,No
4353-UFFVQ,Female,1,No,No,25,Yes,Yes,Fiber optic,No,Yes,No,No,No,No,One year,Yes,Electronic check,99.51,2494.55,Yes
1316-SHGLL,Male,0,No,No,65,Yes,No,DSL,No,No,No,No,No,No,Month-to-month,No,Electronic check,68.83,4485.8,No
9025-LHUPA,Female,0,Yes,No,26,Yes,No,Fiber optic,No,No,Yes,No,No,No,Two year,No,Mailed check,96.1,2500.66,No
6689-NPEMR,Female,0,No,No,37,Yes,No,Fiber optic,No,No,Yes,No,No,No,Month-to-month,Yes,Electronic check,87.29,3233.24,Yes
7091-SZNLP,Male,0,Yes,No,57,Yes,No,DSL,No,No,No,No,No,Yes,Two year,No,Credit card (automatic),67.31,3806.79,No
3960-HSHTT,Female,0,No,No,67,No,No phone service,Fiber optic,No,No,Yes,No,No,Yes,Two year,Yes,Mailed check,81.27,5442.41,No
9579-DJULR,Male,0,Yes,No,20,No,No phone service,Fiber optic,No,Yes,No,Yes,Yes,No,One year,Yes,Electronic check,91.26,1803.47,Yes
7616-XFGMN,Female,0,Yes,Yes,48,Yes,No,Fiber optic,No,No,Yes,No,Yes,No,Two year,No,Bank transfer (automatic),104.48,5028.88,No
9144-AFXQS,Female,0,No,No,65,Yes,No,Fiber optic,No,Yes,Yes,No,Yes,No,Two year,Yes,Credit card (automatic),114.73,7431.81,No
3247-QJTCG,Female,0,Yes,Yes,19,Yes,Yes,Fiber optic,No,Yes,No,No,Yes,No,Month-to-month,No,Credit card (automatic),101.81,1920.76,Yes
6800-QWVAC,Female,0,Yes,Yes,68,Yes,No,Fiber optic,Yes,Yes,Yes,No,No,No,Month-to-month,Yes,Electronic check,114.97,7822.08,No
4188-ZMXBZ,Male,0,Yes,No,28,Yes,No,Fiber optic,Yes,Yes,Yes,No,Yes,No,Month-to-month,Yes,Credit card (automatic),114.03,3195.2,No
1549-VXHHP,Female,1,No,No,16,Yes,Yes,No,No internet service,No internet service,No internet service,No internet service,No internet service,No internet service,Month-to-month,Yes,Mailed check,42.74,687.94,No
7497-CFUVD,Male,0,No,No,58,Yes,No,DSL,Yes,No,No,Yes,Yes,No,Month-to-month,No,Mailed check,89.48,5185.6,No
9005-WWFSD,Female,0,No,Yes,27,Yes,Yes,No,No internet service,No internet service,No internet service,No internet service,No internet service,No internet service,Month-to-month,Yes,Mailed check,35.04,933.05,No
2767-BMTEE,Male,1,Yes,No,30,Yes,No,No,No internet service,No internet service,No internet service,No internet service,No internet service,No internet service,Month-to-month,Yes,Bank transfer (automatic),48.38,1439.24,No
3492-EVEGH,Male,0,Yes,No,53,Yes,No,Fiber optic,No,Yes,No,No,No,No,Month-to-month,Yes,Mailed check,89.49,4743.88,No
2824-YFMPG,Female,0,No,No,16,Yes,No,No,No internet service,No internet service,No internet service,No internet service,No internet service,No internet service,Two year,No,Bank transfer (automatic),44.46,699.66,No
5240-EMALJ,Male,0,Yes,Yes,19,Yes,No,Fiber optic,No,Yes,Yes,No,No,No,Month-to-month,Yes,Electronic check,111.19,2118.45,Yes
4154-CZADC,Female,0,Yes,No,52,Yes,No,DSL,Yes,No,No,No,Yes,No,One year,No,Electronic check,78.67,4086.29,No
9798-HLUBB,Male,0,No,No,60,Yes,No,Fiber optic,No,No,No,No,Yes,No,Month-to-month,No,Credit card (automatic),100.38,6053.1,No
2642-SZQWX,Female,0,Yes,Yes,13,Yes,Yes,No,No internet service,No internet service,No internet service,No internet service,No internet service,No internet service,Month-to-month,Yes,Mailed check,37.16,494.03,No
3487-EDVSW,Female,1,No,No,71,Yes,No,Fiber optic,No,No,Yes,No,No,No,Month-to-month,Yes,Bank transfer (automatic),101.65,7230.44,No
5564-ZXVVC,Female,0,No,No,3,Yes,Yes,No,No internet service,No internet service,No internet service,No internet service,No internet service,No internet service,Month-to-month,Yes,Electronic check,29.92,94.79,Yes
7702-YHVJF,Female,0,No,No,46,Yes,Yes,Fiber optic,Yes,No,No,No,No,No,Month-to-month,Yes,Electronic check,96.93,4456.54,No
7574-DMYDD,Female,1,No,No,30,No,No phone service,DSL,No,No,No,Yes,Yes,No,Month-to-month,Yes,Electronic check,56.42,1703.72,Yes
9485-UMKZT,Female,0,Yes,Yes,11,Yes,No,No,No internet service,No internet service,No internet service,No internet service,No internet service,No internet service,Month-to-month,Yes,Bank transfer (automatic),34.74,381.89,No
9173-CNTAN,Male,1,No,No,57,Yes,Yes,DSL,No,No,No,No,No,No,Two year,No,Electronic check,57.18,3241.57,No
1500-XSENC,Male,1,No,No,0,No,No phone service,No,No internet service,No internet service,No internet service,No internet service,No internet service,No internet service,Month-to-month,Yes,Bank transfer (automatic),20.74, ,No
8233-EQBDZ,Male,1,No,No,20,Yes,No,DSL,Yes,No,No,Yes,Yes,No,Month-to-month,Yes,Electronic check,79.79,1573.51,No
4472-CSEQV,Male,0,No,No,29,Yes,No,DSL,Yes,No,No,No,Yes,No,Two year,Yes,Electronic check,78.7,2311.03,No
7150-FFFRS,Male,0,No,No,50,Yes,Yes,DSL,No,Yes,Yes,No,Yes,No,Month-to-month,Yes,Bank transfer (automatic),78.58,3932.0,No
5688-KBWRR,Female,0,No,No,16,Yes,Yes,No,No internet service,No internet service,No internet service,No internet service,No internet service,No internet service,One year,Yes,Mailed check,37.79,609.57,No
1933-GHQUW,Female,0,No,No,3,Yes,No,Fiber optic,No,Yes,No,No,Yes,Yes,Month-to-month,Yes,Credit card (automatic),105.57,309.94,Yes
5698-JKTHK,Female,0,Yes,Yes,56,Yes,Yes,DSL,No,Yes,No,No,Yes,No,One year,No,Bank transfer (automatic),76.9,4314.01,No
8075-PMTGB,Male,0,No,No,6,Yes,No,DSL,No,No,No,Yes,No,Yes,Month-to-month,Yes,Electronic check,87.11,515.12,Yes
8094-LHCYT,Female,0,No,No,34,Yes,Yes,No,No internet service,No internet service,No internet service,No internet service,No internet service,No internet service,Two year,Yes,Electronic check,38.2,1306.98,No
3466-QMHHB,Female,1,Yes,Yes,48,Yes,No,DSL,No,No,Yes,No,Yes,Yes,Month-to-month,No,Bank transfer (automatic),84.05,3994.15,No
9772-YWHZG,Female,1,No,No,46,Yes,Yes,No,No internet service,No internet service,No internet service,No internet service,No internet service,No internet service,One year,No,Mailed check,43.24,1999.55,No
8419-CHPZG,Male,0,No,No,7,No,No phone service,Fiber optic,Yes,No,No,No,No,No,Month-to-month,Yes,Electronic check,71.16,502.02,No
4891-WMSLA,Male,0,No,No,44,No,No phone service,Fiber optic,Yes,No,No,Yes,Yes,Yes,Month-to-month,No,Bank transfer (automatic),95.57,4189.17,Yes
3547-PAFYA,Female,0,Yes,Yes,0,Yes,Yes,Fiber optic,No,Yes,Yes,No,No,No,Month-to-month,No,Bank transfer (automatic),100.67, ,Yes
3226-QPEBX,Female,0,No,No,2,Yes,Yes,No,No internet service,No internet service,No internet service,No internet service,No internet service,No internet service,One year,Yes,Electronic check,43.39,86.91,No
5956-PBFBZ,Male,0,No,No,17,Yes,No,DSL,Yes,Yes,No,No,No,No,Month-to-month,Yes,Bank transfer (automatic),75.02,1276.27,No
7926-PSDZN,Female,0,Yes,Yes,51,Yes,Yes,No,No internet service,No internet service,No internet service,No internet service,No internet service,No internet service,One year,Yes,Electronic check,36.3,1865.45,No
5648-ZCLCL,Female,0,No,No,15,Yes,No,DSL,No,No,No,Yes,No,Yes,Two year,Yes,Bank transfer (automatic),73.54,1123.64,No
3404-MSGBD,Male,0,No,No,60,Yes,No,Fiber optic,No,Yes,No,No,Yes,Yes,Month-to-month,Yes,Electronic check,103.01,6207.47,Yes
7441-PZXDT,Male,0,Yes,No,10,Yes,No,Fiber optic,Yes,No,No,No,Yes,No,Two year,Yes,Bank transfer (automatic),101.83,1023.72,No
1812-CVKZA,Female,0,No,Yes,34,Yes,Yes,DSL,Yes,Yes,Yes,Yes,No,No,Two year,Yes,Mailed check,84.41,2876.42,No
5523-HZSUG,Female,0,Yes,No,35,Yes,No,DSL,No,No,No,No,Yes,No,One year,No,Electronic check,75.71,2647.32,No
9049-WUMYS,Female,0,Yes,No,42,Yes,No,Fiber optic,No,No,No,No,No,No,One year,Yes,Electronic check,89.97,3778.24,No
1591-XASFX,Female,0,Yes,Yes,27,No,No phone service,Fiber optic,Yes,No,No,No,No,Yes,Two year,Yes,Credit card (automatic),83.22,2231.63,No
7567-VSPWH,Female,0,No,No,10,No,No phone service,Fiber optic,No,No,No,No,No,Yes,Two year,Yes,Credit card (automatic),78.46,789.35,No
5754-HCXMB,Male,0,No,No,53,Yes,Yes,DSL,No,No,Yes,Yes,Yes,No,Month-to-month,No,Mailed check,86.61,4601.37,No
8425-YRHWT,Male,0,No,No,48,Yes,No,Fiber optic,No,No,Yes,No,No,No,One year,Yes,Bank transfer (automatic),99.96,4779.25,No
3563-HZYSA,Female,0,Yes,No,47,Yes,Yes,No,No internet service,No internet service,No internet service,No internet service,No internet service,No internet service,Month-to-month,Yes,Credit card (automatic),39.75,1882.01,Yes
3066-JNWWG,Female,0,Yes,Yes,68,Yes,No,Fiber optic,No,Yes,No,Yes,No,No,Month-to-month,No,Electronic check,103.89,7041.21,No
1978-GFXAV,Female,0,No,No,64,Yes,Yes,DSL,Yes,No,Yes,Yes,Yes,No,Month-to-month,Yes,Mailed check,83.51,5339.63,No
6910-CSPAF,Female,0,No,No,51,Yes,Yes,DSL,No,No,No,No,No,Yes,Month-to-month,Yes,Mailed check,76.54,3920.45,No
4131-FPQEC,Male,0,Yes,No,31,Yes,Yes,DSL,No,No,No,No,No,No,Month-to-month,Yes,Electronic check,67.55,2075.51,No
6897-MGGAW,Female,0,Yes,Yes,1,Yes,No,Fiber optic,No,Yes,Yes,Yes,No,Yes,One year,No,Electronic check,106.76,132.56,No
8574-PJFHY,Female,1,No,No,15,Yes,No,DSL,No,No,No,No,Yes,Yes,Two year,Yes,Credit card (automatic),79.47,1195.22,Yes
1799-VHGVZ,Female,0,No,No,22,Yes,No,DSL,Yes,No,No,No,No,Yes,Two year,No,Bank transfer (automatic),79.21,1769.95,No
9922-GQHEK,Female,0,Yes,Yes,21,Yes,Yes,DSL,No,No,No,Yes,Yes,No,Month-to-month,No,Bank transfer (automatic),80.55,1695.0,No
1561-DQSGP,Female,0,No,No,69,Yes,No,Fiber optic,No,Yes,No,No,No,No,Month-to-month,No,Bank transfer (automatic),101.11,6979.34,No
7879-XPFTE,Female,0,Yes,Yes,4,Yes,No,DSL,No,Yes,No,Yes,Yes,No,One year,No,Mailed check,82.44,328.67,No
2252-JHDBY,Male,0,No,No,48,Yes,Yes,No,No internet service,No internet service,No internet service,No internet service,No internet service,No internet service,Month-to-month,Yes,Bank transfer (automatic),39.44,1901.12,No
7095-TBVJT,Female,0,Yes,No,35,Yes,No,DSL,No,Yes,No,Yes,Yes,No,Two year,Yes,Bank transfer (automatic),87.12,3042.86,No
5413-FGDVL,Male,0,No,No,23,Yes,No,DSL,No,Yes,No,No,No,No,One year,No,Mailed check,73.92,1699.3,Yes
8019-VEHCA,Female,0,Yes,No,53,Yes,No,Fiber optic,No,No,No,No,No,No,Month-to-month,Yes,Electronic check,94.3,5010.64,Yes
9877-RLEQP,Female,0,No,No,43,Yes,No,Fiber optic,No,Yes,Yes,Yes,Yes,Yes,Month-to-month,No,Electronic check,118.75,5090.33,Yes
3005-AMNVK,Male,0,No,No,61,Yes,No,No,No internet service,No internet service,No internet service,No internet service,No internet service,No internet service,One year,Yes,Credit card (automatic),42.84,2623.99,No
1873-XKTBA,Female,0,Yes,No,11,Yes,Yes,Fiber optic,No,No,No,Yes,No,No,Month-to-month,Yes,Bank transfer (automatic),92.21,1018.11,No
1209-UFUYR,Male,0,Yes,Yes,19,Yes,No,Fiber optic,No,Yes,No,No,No,Yes,Month-to-month,Yes,Mailed check,99.0,1895.06,No
9871-YTVQF,Female,1,No,No,67,Yes,No,Fiber optic,Yes,No,No,No,No,Yes,Month-to-month,No,Electronic check,95.18,6388.93,No
1925-KMJCN,Male,0,Yes,No,63,No,No phone service,No,No internet service,No internet service,No internet service,No internet service,No internet service,No internet service,One year,Yes,Bank transfer (automatic),21.97,1392.79,No
5486-YYQWH,Male,0,Yes,No,28,Yes,Yes,DSL,No,Yes,Yes,No,Yes,Yes,One year,Yes,Mailed check,90.9,2536.99,No
9723-YDSLG,Female,0,No,Yes,29,Yes,No,DSL,No,Yes,No,No,No,Yes,Month-to-month,No,Bank transfer (automatic),76.4,2224.52,No
4707-XYJMN,Female,0,Yes,Yes,14,Yes,No,Fiber optic,No,Yes,Yes,No,Yes,No,One year,Yes,Bank transfer (automatic),106.2,1486.3,No
7601-MKYJG,Male,0,No,No,5,Yes,Yes,No,No internet service,No internet service,No internet service,No internet service,No internet service,No internet service,One year,Yes,Credit card (automatic),38.24,188.1,No
3942-HPRDX,Male,0,No,No,5,Yes,Yes,No,No internet service,No internet service,No internet service,No internet service,No internet service,No internet service,Two year,Yes,Electronic check,38.46,216.38,No
3280-CSFUY,Male,0,Yes,No,0,Yes,Yes,Fiber optic,No,Yes,No,No,No,Yes,Month-to-month,Yes,Bank transfer (automatic),102.7, ,Yes
7232-UMJQJ,Male,0,Yes,No,2,Yes,No,Fiber optic,No,No,No,Yes,No,Yes,Month-to-month,No,Credit card (automatic),101.68,209.35,Yes
8884-MMSEP,Female,0,Yes,No,27,Yes,Yes,No,No internet service,No internet service,No internet service,No internet service,No internet service,No internet service,Two year,Yes,Electronic check,42.94,1190.83,No
7784-UFBEV,Female,0,No,No,47,Yes,Yes,No,No internet service,No internet service,No internet service,No internet service,No internet service,No internet service,Month-to-month,Yes,Bank transfer (automatic),43.18,2025.26,No
3388-BQXFB,Male,0,Yes,No,46,Yes,No,Fiber optic,No,No,No,No,Yes,No,Two year,Yes,Electronic check,99.62,4596.09,No
2260-DEERF,Female,0,No,No,49,Yes,No,DSL,No,No,No,No,Yes,No,One year,No,Bank transfer (automatic),69.6,3429.9,No
5934-KRRQX,Male,0,No,No,47,No,No phone service,Fiber optic,No,No,No,No,No,Yes,Month-to-month,No,Bank transfer (automatic),72.51,3370.99,No
2766-NKNDH,Female,0,No,No,48,Yes,Yes,Fiber optic,No,No,Yes,Yes,No,Yes,Month-to-month,Yes,Credit card (automatic),106.61,5165.62,Yes
9468-VLCRH,Female,0,Yes,No,28,Yes,No,Fiber optic,Yes,Yes,No,Yes,No,No,Month-to-month,Yes,Credit card (automatic),103.86,2887.22,Yes
3964-CGFAQ,Female,0,Yes,Yes,22,Yes,No,DSL,No,No,No,No,No,Yes,Two year,No,Credit card (automatic),72.42,1585.34,No
9724-DBCPV,Female,1,No,Yes,31,Yes,Yes,Fiber optic,Yes,No,No,No,No,Yes,Month-to-month,No,Bank transfer (automatic),99.67,3094.47,No
3786-CCQJJ,Male,0,No,No,57,Yes,Yes,No,No internet service,No internet service,No internet service,No internet service,No internet service,No internet service,Two year,Yes,Bank transfer (automatic),40.51,2306.91,No
3147-XJSTB,Female,0,No,No,39,Yes,Yes,Fiber optic,No,No,No,Yes,Yes,Yes,One year,Yes,Bank transfer (automatic),112.58,4384.82,No
3235-XXKDH,Male,0,Yes,Yes,61,Yes,Yes,DSL,No,No,No,Yes,Yes,No,One year,No,Bank transfer (automatic),73.37,4436.8,No
9542-SBTDH,Male,0,No,No,24,Yes,Yes,Fiber optic,No,No,No,Yes,No,No,One year,Yes,Credit card (automatic),97.28,2323.43,No
5334-JSDXQ,Female,0,Yes,Yes,44,Yes,No,Fiber optic,No,No,No,No,Yes,Yes,Two year,No,Electronic check,101.43,4456.39,No
3750-YMKAZ,Female,0,No,No,46,Yes,Yes,Fiber optic,No,No,No,No,No,No,Two year,Yes,Bank transfer (automatic),88.54,4067.67,No
8616-EYVLY,Male,0,No,No,44,Yes,No,No,No internet service,No internet service,No internet service,No internet service,No internet service,No internet service,Two year,No,Electronic check,40.9,1804.36,No
6031-SECNH,Female,0,Yes,No,7,Yes,No,Fiber optic,No,No,No,No,No,Yes,Two year,Yes,Electronic check,99.47,711.87,Yes
9834-CUQXZ,Female,0,No,No,14,Yes,No,No,No internet service,No internet service,No internet service,No internet service,No internet service,No internet service,Month-to-month,No,Credit card (automatic),43.82,624.03,No
8834-JSDMG,Male,0,No,No,45,Yes,Yes,No,No internet service,No internet service,No internet service,No internet service,No internet service,No internet service,Month-to-month,Yes,Bank transfer (automatic),38.48,1756.99,No
3251-PDPKF,Male,0,Yes,No,62,Yes,No,Fiber optic,No,Yes,No,No,No,No,Month-to-month,Yes,Mailed check,90.27,5596.82,No
6058-UQCPQ,Male,0,Yes,No,35,Yes,No,No,No internet service,No internet service,No internet service,No internet service,No internet service,No internet service,Two year,Yes,Mailed check,49.81,1716.58,No
7150-LCDHR,Male,0,No,Yes,6,Yes,Yes,Fiber optic,Yes,Yes,Yes,No,No,No,Two year,No,Electronic check,112.25,664.1,No
7650-SHLBV,Male,0,No,No,63,Yes,Yes,DSL,Yes,No,No,No,Yes,Yes,Month-to-month,Yes,Bank transfer (automatic),81.55,5137.44,No
4180-NLGEY,Female,1,Yes,Yes,58,Yes,No,Fiber optic,No,Yes,No,No,No,No,Month-to-month,Yes,Electronic check,94.25,5468.13,No
2075-YCCXY,Female,0,Yes,No,59,Yes,No,Fiber optic,Yes,No,No,No,No,Yes,One year,Yes,Bank transfer (automatic),100.79,5956.28,No
9056-UMCQN,Female,0,No,No,30,Yes,Yes,DSL,No,No,Yes,No,No,No,One year,Yes,Mailed check,70.51,2091.56,No
7620-ABQWY,Male,0,Yes,Yes,47,Yes,Yes,DSL,Yes,Yes,Yes,Yes,No,No,One year,Yes,Bank transfer (automatic),83.94,3926.79,No
6118-JMNQF,Female,1,Yes,Yes,7,Yes,No,Fiber optic,No,No,Yes,No,No,No,Two year,Yes,Electronic check,92.77,666.93,No
4498-NWVUF,Male,0,Yes,No,1,Yes,No,Fiber optic,No,No,Yes,No,No,No,One year,No,Mailed check,99.67,100.5,Yes
4658-PZJYT,Male,0,No,No,4,No,No phone service,Fiber optic,No,No,No,No,No,No,One year,Yes,Mailed check,70.81,274.44,Yes
6703-SVSSK,Female,1,Yes,No,31,Yes,Yes,DSL,Yes,Yes,No,Yes,No,No,One year,No,Bank transfer (automatic),87.92,2716.58,No
4850-QWRZS,Male,0,Yes,No,72,Yes,Yes,No,No internet service,No internet service,No internet service,No internet service,No internet service,No internet service,Month-to-month,No,Credit card (automatic),46.15,3314.75,No
4667-PQWGF,Female,0,Yes,Yes,3,Yes,No,DSL,Yes,Yes,No,Yes,No,Yes,One year,Yes,Bank transfer (automatic),96.87,291.43,No
2816-BSZQB,Male,0,Yes,Yes,41,Yes,Yes,Fiber optic,No,Yes,No,No,No,Yes,One year,Yes,Credit card (automatic),109.33,4505.34,No
4281-XBQLY,Male,1,No,No,55,Yes,Yes,Fiber optic,Yes,No,No,No,Yes,No,Two year,No,Bank transfer (automatic),110.2,6073.64,No
5618-PTVNT,Male,0,Yes,Yes,32,Yes,Yes,No,No internet service,No internet service,No internet service,No internet service,No internet service,No internet service,Two year,No,Electronic check,41.53,1312.93,No
8247-NTJJA,Female,0,Yes,Yes,3,Yes,No,Fiber optic,Yes,Yes,No,Yes,Yes,Yes,One year,No,Mailed check,118.75,342.04,No
7023-GVYXG,Female,0,No,Yes,67,Yes,No,Fiber optic,No,Yes,No,No,No,No,Month-to-month,No,Bank transfer (automatic),93.94,6296.6,No
6866-UNNLH,Female,1,No,No,65,Yes,No,Fiber optic,Yes,Yes,No,Yes,Yes,Yes,Two year,Yes,Mailed check,113.77,7403.59,No
6158-ZFBBP,Male,1,No,No,33,Yes,Yes,DSL,Yes,No,No,No,No,No,One year,Yes,Credit card (automatic),75.18,2497.61,No
3429-MYBEF,Male,0,Yes,No,61,Yes,No,DSL,No,No,No,No,Yes,Yes,Month-to-month,Yes,Mailed check,82.43,5048.96,No
5112-SECCV,Male,0,No,No,61,Yes,No,Fiber optic,No,No,No,No,Yes,Yes,One year,Yes,Mailed check,97.75,5942.11,No
1266-RPCPG,Female,0,No,No,47,Yes,No,No,No internet service,No internet service,No internet service,No internet service,No internet service,No internet service,Month-to-month,Yes,Electronic check,43.17,2029.23,Yes
5634-DSVAN,Female,0,No,No,62,No,No phone service,Fiber optic,No,No,Yes,No,No,No,Two year,Yes,Electronic check,75.91,4694.46,No
6826-ATPHM,Male,0,Yes,Yes,51,Yes,Yes,Fiber optic,Yes,Yes,Yes,No,No,Yes,Month-to-month,No,Electronic check,112.3,5727.3,No
7138-RUAUA,Female,0,Yes,Yes,54,Yes,Yes,DSL,Yes,No,No,No,Yes,No,Month-to-month,No,Electronic check,66.41,3570.23,Yes
6849-JBSPR,Male,0,Yes,No,8,Yes,Yes,Fiber optic,No,Yes,Yes,No,No,Yes,Two year,Yes,Bank transfer (automatic),113.57,887.7,No
4383-GQFVS,Female,0,No,Yes,6,Yes,Yes,Fiber optic,No,No,Yes,Yes,Yes,No,Month-to-month,Yes,Electronic check,114.69,661.7,Yes
9996-AQPWL,Male,0,Yes,No,11,No,No phone service,Fiber optic,No,Yes,Yes,No,No,Yes,One year,Yes,Electronic check,92.1,1023.07,Yes
9426-FWNYF,Female,1,No,No,69,Yes,No,Fiber optic,No,No,No,No,Yes,No,Month-to-month,Yes,Bank transfer (automatic),87.87,6060.53,No
3341-PPDRK,Male,0,No,No,30,No,No phone service,DSL,Yes,No,No,No,Yes,Yes,Month-to-month,Yes,Credit card (automatic),60.05,1810.25,No
2361-NSAYQ,Male,0,No,Yes,45,Yes,Yes,No,No internet service,No internet service,No internet service,No internet service,No internet service,No internet service,Month-to-month,Yes,Electronic check,37.06,1671.71,No
3343-UWYUE,Male,1,No,No,41,Yes,No,No,No internet service,No internet service,No internet service,No internet service,No internet service,No internet service,Month-to-month,No,Mailed check,39.52,1624.29,Yes
2472-FXHHX,Male,0,No,No,29,Yes,Yes,DSL,Yes,Yes,Yes,No,No,No,One year,No,Electronic check,87.74,2528.99,No
2837-KHHQT,Female,0,Yes,No,51,No,No phone service,No,No internet service,No internet service,No internet service,No internet service,No internet service,No internet service,One year,No,Credit card (automatic),18.25,935.33,No
3386-ARPRL,Male,0,No,No,55,Yes,Yes,DSL,Yes,No,No,No,No,No,Two year,Yes,Mailed check,68.84,3765.29,No
7990-QUTMH,Male,0,Yes,No,69,Yes,Yes,Fiber optic,Yes,No,No,No,Yes,No,Month-to-month,Yes,Bank transfer (automatic),104.0,7176.85,No
6238-RPNJD,Female,0,Yes,No,5,Yes,No,Fiber optic,Yes,Yes,No,No,Yes,No,Month-to-month,Yes,Mailed check,110.04,569.76,Yes
4847-XTUTY,Male,0,Yes,No,26,Yes,Yes,Fiber optic,Yes,Yes,No,Yes,No,No,Month-to-month,No,Credit card (automatic),104.16,2701.87,No
3034-TBFAL,Female,0,No,No,13,Yes,Yes,Fiber optic,Yes,No,Yes,Yes,No,No,Month-to-month,No,Mailed check,108.04,1427.15,No
2266-KDAMK,Female,1,Yes,No,39,Yes,No,No,No internet service,No internet service,No internet service,No internet service,No internet service,No internet service,Month-to-month,No,Credit card (automatic),44.96,1759.48,No
4753-JKAMW,Female,0,Yes,Yes,49,Yes,No,No,No internet service,No internet service,No internet service,No internet service,No internet service,No internet service,One year,No,Mailed check,45.23,2224.97,No
2255-DUNGU,Female,0,Yes,Yes,13,Yes,No,DSL,Yes,Yes,Yes,Yes,Yes,No,Month-to-month,Yes,Bank transfer (automatic),93.72,1193.45,No
3924-QPEUQ,Male,0,No,No,45,Yes,No,Fiber optic,No,No,Yes,No,Yes,Yes,Month-to-month,No,Electronic check,107.39,4849.64,No
2876-UQWVH,Male,1,No,No,3,Yes,Yes,No,No internet service,No internet service,No internet service,No internet service,No internet service,No internet service,Two year,Yes,Electronic check,41.76,114.98,No
9429-AJQNF,Male,1,No,No,38,No,No phone service,Fiber optic,Yes,No,No,No,No,Yes,Month-to-month,No,Mailed check,76.98,2930.05,Yes
2795-UXSNU,Male,0,Yes,Yes,71,Yes,No,No,No internet service,No internet service,No internet service,No internet service,No internet service,No internet service,Month-to-month,Yes,Electronic check,43.42,3081.23,No
3160-ZCQJX,Male,0,No,No,49,No,No phone service,Fiber optic,No,No,Yes,Yes,No,Yes,Month-to-month,No,Electronic check,87.56,4281.69,No
3203-RDEKV,Male,0,Yes,No,57,Yes,No,No,No internet service,No internet service,No internet service,No internet service,No internet service,No internet service,Two year,No,Electronic check,38.5,2203.74,No
3502-SPZHF,Female,0,Yes,Yes,69,No,No phone service,Fiber optic,No,No,No,No,No,No,Month-to-month,Yes,Electronic check,68.95,4743.33,No
9122-HFVVB,Female,1,No,No,37,Yes,No,Fiber optic,No,No,Yes,Yes,Yes,Yes,Month-to-month,No,Bank transfer (automatic),109.67,4049.9,No
8703-RGNFE,Female,0,No,Yes,9,Yes,No,DSL,No,No,No,No,No,No,Month-to-month,Yes,Electronic check,55.54,489.91,Yes
2191-DPVMA,Female,0,No,No,42,Yes,Yes,DSL,No,No,Yes,No,No,Yes,One year,No,Credit card (automatic),81.67,3447.64,No
4858-TWTJR,Male,0,Yes,No,25,Yes,Yes,No,No internet service,No internet service,No internet service,No internet service,No internet service,No internet service,Month-to-month,Yes,Electronic check,36.35,943.28,No
1615-KNAAV,Male,0,No,No,69,Yes,No,Fiber optic,No,No,No,No,Yes,No,Month-to-month,Yes,Credit card (automatic),93.93,6497.49,No
2982-DQGZY,Female,0,Yes,No,21,Yes,No,Fiber optic,No,No,Yes,No,No,No,One year,No,Mailed check,93.26,1963.91,No
8414-HXGFZ,Male,0,No,Yes,38,Yes,No,No,No internet service,No internet service,No internet service,No internet service,No internet service,No internet service,Two year,Yes,Bank transfer (automatic),45.72,1752.0,No
7066-CXDSL,Male,0,No,No,68,Yes,No,No,No internet service,No internet service,No internet service,No internet service,No internet service,No internet service,One year,Yes,Bank transfer (automatic),36.5,2500.5,No
1157-USXQU,Female,0,Yes,Yes,54,Yes,Yes,Fiber optic,No,No,No,No,Yes,Yes,Month-to-month,Yes,Electronic check,111.38,6009.69,Yes
9153-ZPAJQ,Male,0,Yes,No,13,Yes,No,No,No internet service,No internet service,No internet service,No internet service,No internet service,No internet service,Two year,Yes,Mailed check,36.44,471.5,No
1986-CKXHY,Female,0,Yes,No,63,Yes,No,DSL,No,No,Yes,No,Yes,Yes,Month-to-month,Yes,Electronic check,78.84,4978.62,No
8226-HFVUR,Female,1,No,No,26,No,No phone service,DSL,No,No,No,No,No,No,Month-to-month,No,Credit card (automatic),43.6,1122.2,Yes
9802-CKQBZ,Male,0,No,No,51,Yes,No,DSL,No,No,Yes,Yes,No,No,Month-to-month,Yes,Credit card (automatic),71.59,3656.5,No
6145-HFAQZ,Male,0,No,No,66,Yes,Yes,DSL,No,No,Yes,No,No,No,Month-to-month,Yes,Mailed check,68.09,4494.85,Yes
1326-KRLRT,Male,0,No,No,71,Yes,No,No,No internet service,No internet service,No internet service,No internet service,No internet service,No internet service,Month-to-month,Yes,Mailed check,40.15,2821.06,No
9689-QTHDC,Male,1,No,No,48,Yes,No,Fiber optic,Yes,Yes,No,No,Yes,Yes,Two year,Yes,Electronic check,109.49,5231.26,No
1984-VAMQS,Male,0,No,Yes,53,Yes,No,No,No internet service,No internet service,No internet service,No internet service,No internet service,No internet service,Month-to-month,Yes,Electronic check,41.98,2231.03,No
1594-WLADW,Male,1,No,No,2,Yes,Yes,Fiber optic,No,No,No,Yes,No,No,Month-to-month,Yes,Electronic check,98.64,193.28,Yes
9487-UJYGF,Female,0,Yes,No,69,Yes,Yes,Fiber optic,No,Yes,Yes,No,No,No,Two year,No,Bank transfer (automatic),94.34,6499.0,No
7883-HNRDY,Female,0,Yes,No,70,Yes,No,DSL,Yes,No,Yes,Yes,No,Yes,Month-to-month,Yes,Bank transfer (automatic),91.28,6399.11,No
2496-ZGLGN,Female,0,No,No,15,Yes,No,Fiber optic,No,No,Yes,No,No,No,Month-to-month,Yes,Mailed check,95.42,1442.43,Yes
1007-ENSZW,Male,0,No,No,4,No,No phone service,No,No internet service,No internet service,No internet service,No internet service,No internet service,No internet service,Two year,No,Mailed check,22.21,117.18,No
9294-VUJXZ,Male,0,Yes,No,69,Yes,Yes,Fiber optic,No,Yes,Yes,No,Yes,No,One year,No,Electronic check,108.55,7475.98,No
5621-CBMRP,Male,0,Yes,Yes,38,Yes,No,Fiber optic,No,No,Yes,No,No,No,Two year,No,Bank transfer (automatic),86.78,3294.18,No
9065-NRUXQ,Female,0,Yes,Yes,12,Yes,No,No,No internet service,No internet service,No internet service,No internet service,No internet service,No internet service,Month-to-month,No,Electronic check,37.09,481.53,No
6016-BREJN,Female,0,Yes,Yes,17,No,No phone service,Fiber optic,No,No,No,No,No,Yes,Month-to-month,Yes,Electronic check,76.45,1296.56,Yes
1743-SGNJJ,Male,0,Yes,No,48,No,No phone service,Fiber optic,Yes,No,No,No,No,Yes,Month-to-month,Yes,Electronic check,80.24,3858.24,No
4543-BEUCM,Female,0,No,No,46,Yes,Yes,No,No internet service,No internet service,No internet service,No internet service,No internet service,No internet service,Month-to-month,Yes,Mailed check,36.4,1693.71,No
2260-NRMUG,Female,0,No,No,44,Yes,No,DSL,Yes,Yes,Yes,No,No,No,One year,Yes,Bank transfer (automatic),82.96,3636.49,No
6020-GNBGS,Female,0,No,No,20,Yes,Yes,No,No internet service,No internet service,No internet service,No internet service,No internet service,No internet service,Month-to-month,Yes,Electronic check,32.67,658.62,No
8001-GGHGZ,Female,0,Yes,No,55,Yes,No,No,No internet service,No internet service,No internet service,No internet service,No internet service,No internet service,Month-to-month,Yes,Electronic check,34.18,1869.73,No
6859-KMNPK,Female,0,Yes,No,59,Yes,Yes,Fiber optic,No,No,Yes,Yes,No,Yes,Month-to-month,Yes,Bank transfer (automatic),105.41,6236.33,No
9768-GLAMW,Female,1,Yes,Yes,2,Yes,No,Fiber optic,No,No,No,Yes,Yes,No,Month-to-month,No,Bank transfer (automatic),96.16,200.2,Yes
9974-MDTRZ,Male,0,Yes,Yes,41,Yes,No,DSL,No,No,No,No,No,Yes,Month-to-month,Yes,Electronic check,64.8,2647.66,No
5545-AXSVC,Male,0,No,No,50,Yes,No,Fiber optic,No,No,No,No,No,Yes,Month-to-month,Yes,Credit card (automatic),103.42,5158.24,No
5114-LGWEB,Female,0,Yes,No,22,Yes,No,Fiber optic,Yes,Yes,Yes,Yes,Yes,No,Month-to-month,Yes,Bank transfer (automatic),116.6,2549.92,Yes
3108-ZCPEK,Male,0,Yes,Yes,50,No,No phone service,DSL,Yes,No,No,Yes,No,Yes,Month-to-month,Yes,Credit card (automatic),59.6,2943.63,No
5966-AFQAM,Male,0,No,No,63,Yes,Yes,Fiber optic,No,No,No,No,No,No,One year,Yes,Credit card (automatic),96.86,6110.21,Yes
6431-FDMTA,Female,0,No,No,65,No,No phone service,No,No internet service,No internet service,No internet service,No internet service,No internet service,No internet service,Month-to-month,Yes,Bank transfer (automatic),22.19,1444.17,No
4039-ZJHTM,Male,0,Yes,Yes,56,No,No phone service,Fiber optic,No,No,No,No,Yes,Yes,One year,Yes,Electronic check,85.38,4789.09,No
4521-UATKX,Female,0,No,No,51,Yes,Yes,DSL,No,No,No,Yes,Yes,Yes,Month-to-month,No,Bank transfer (automatic),76.14,3895.19,No
7523-YDEXK,Female,0,Yes,No,35,Yes,No,DSL,No,No,Yes,Yes,No,Yes,Month-to-month,Yes,Mailed check,79.52,2805.53,No
8339-SMBBT,Male,0,Yes,No,7,No,No phone service,DSL,No,Yes,No,No,No,No,Two year,Yes,Electronic check,46.17,315.63,No
1875-AFXRT,Female,0,Yes,Yes,35,Yes,Yes,DSL,No,Yes,No,Yes,No,Yes,Month-to-month,No,Electronic check,85.78,2998.29,No
6868-PGLPZ,Female,0,No,No,57,Yes,No,DSL,No,Yes,Yes,Yes,No,Yes,Two year,Yes,Electronic check,93.79,5340.95,No
9091-TVVSV,Female,0,No,No,34,Yes,No,No,No internet service,No internet service,No internet service,No internet service,No internet service,No internet service,Month-to-month,Yes,Mailed check,37.77,1295.62,No
1659-ALBJE,Male,0,No,No,67,Yes,Yes,Fiber optic,No,No,Yes,No,No,No,One year,Yes,Bank transfer (automatic),87.44,5851.83,No
9618-RBQTH,Female,0,No,No,39,Yes,Yes,Fiber optic,No,Yes,No,No,Yes,No,One year,No,Credit card (automatic),101.15,3970.66,No
8943-ZZCLU,Male,0,Yes,No,0,No,No phone service,DSL,No,Yes,No,No,No,No,Month-to-month,Yes,Bank transfer (automatic),54.59, ,No
4984-MHLSA,Female,1,No,No,62,Yes,No,No,No internet service,No internet service,No internet service,No internet service,No internet service,No internet service,Month-to-month,No,Electronic check,40.66,2546.92,No
8193-TDUNH,Female,0,Yes,No,32,Yes,Yes,No,No internet service,No internet service,No internet service,No internet service,No internet service,No internet service,Two year,Yes,Credit card (automatic),42.1,1353.63,No
5098-NFQRJ,Male,0,No,No,5,Yes,No,Fiber optic,No,No,No,No,No,No,One year,Yes,Credit card (automatic),87.5,443.82,No
5144-QNLYX,Male,0,Yes,Yes,50,Yes,No,No,No internet service,No internet service,No internet service,No internet service,No internet service,No internet service,One year,Yes,Mailed check,35.07,1742.73,No
4416-TVCQV,Female,0,Yes,No,28,Yes,No,No,No internet service,No internet service,No internet service,No internet service,No internet service,No internet service,Two year,No,Credit card (automatic),49.58,1376.06,No
1516-JVYZQ,Male,0,No,No,57,Yes,Yes,DSL,Yes,No,Yes,No,No,No,Month-to-month,No,Bank transfer (automatic),71.61,4088.2,No
1383-AVTED,Male,0,No,No,54,Yes,No,Fiber optic,No,No,Yes,No,No,Yes,One year,Yes,Electronic check,109.4,5902.76,No
2311-XUYCS,Male,0,No,No,69,Yes,Yes,DSL,No,No,Yes,No,No,Yes,Two year,No,Electronic check,80.97,5606.7,Yes
9312-NUQAL,Male,0,No,No,70,Yes,No,DSL,Yes,No,No,No,No,Yes,Two year,No,Bank transfer (automatic),70.79,4978.93,No
3351-CQYBH,Female,0,Yes,Yes,55,Yes,No,Fiber optic,No,No,No,No,No,No,Month-to-month,Yes,Credit card (automatic),97.02,5320.01,Yes
7026-HCEAZ,Female,0,Yes,No,11,Yes,No,Fiber optic,No,No,No,Yes,No,No,Two year,Yes,Electronic check,97.84,1085.97,No
5422-YSJYG,Male,0,Yes,No,59,Yes,Yes,Fiber optic,No,Yes,Yes,No,Yes,No,Month-to-month,Yes,Credit card (automatic),105.68,6241.58,No
2625-VPLQZ,Male,0,Yes,Yes,3,Yes,Yes,No,No internet service,No internet service,No internet service,No internet service,No internet service,No internet service,One year,Yes,Electronic check,37.16,119.77,No
3521-XXUDC,Male,0,Yes,No,33,Yes,Yes,DSL,No,No,Yes,No,No,No,One year,Yes,Mailed check,71.27,2340.09,Yes
2083-SKZAJ,Female,0,Yes,No,58,Yes,No,No,No internet service,No internet service,No internet service,No internet service,No internet service,No internet service,Month-to-month,Yes,Mailed check,37.16,2167.01,No
3376-XCKWZ,Male,1,No,No,65,Yes,Yes,Fiber optic,No,Yes,No,No,Yes,No,Month-to-month,Yes,Electronic check,110.35,7161.89,Yes
9246-RDCKM,Female,0,Yes,Yes,70,Yes,No,DSL,Yes,Yes,Yes,Yes,No,Yes,Month-to-month,No,Electronic check,96.16,6718.8,No
5625-BSKCX,Male,0,Yes,Yes,9,Yes,Yes,Fiber optic,No,No,No,No,No,No,Month-to-month,Yes,Electronic check,92.63,820.15,Yes
4211-FMYVC,Female,0,Yes,No,52,Yes,No,DSL,Yes,No,Yes,No,Yes,Yes,Month-to-month,Yes,Mailed check,86.45,4512.12,No
7179-RXZTR,Male,1,No,Yes,6,Yes,Yes,DSL,No,No,No,No,Yes,Yes,Month-to-month,No,Electronic check,75.24,468.71,Yes
4182-XYZYR,Female,0,Yes,No,40,Yes,No,Fiber optic,Yes,No,No,Yes,No,Yes,Month-to-month,No,Bank transfer (automatic),108.98,4326.6,No
9605-UFAZL,Male,0,No,No,25,Yes,No,No,No internet service,No internet service,No internet service,No internet service,No internet service,No internet service,Month-to-month,Yes,Mailed check,40.02,1007.75,No
8860-GJVNS,Male,0,No,No,17,Yes,No,Fiber optic,No,No,No,No,No,No,One year,Yes,Mailed check,89.03,1514.28,No
3881-QMYMC,Male,0,No,No,54,Yes,No,Fiber optic,No,Yes,No,No,No,No,One year,No,Electronic check,102.59,5550.29,No
7628-YXCZJ,Female,0,No,No,69,Yes,Yes,DSL,Yes,Yes,No,No,Yes,No,Month-to-month,No,Bank transfer (automatic),80.78,5567.06,No
8504-RZJQS,Female,0,No,No,25,No,No phone service,Fiber optic,No,No,Yes,No,No,Yes,Two year,Yes,Credit card (automatic),79.5,1962.05,No
2389-UDVDE,Female,1,Yes,Yes,52,Yes,No,DSL,Yes,No,No,Yes,No,No,Month-to-month,Yes,Bank transfer (automatic),68.67,3558.07,No
5452-EBBGM,Male,0,No,No,55,Yes,Yes,No,No internet service,No internet service,No internet service,No internet service,No internet service,No internet service,Month-to-month,No,Mailed check,38.13,2108.43,No
1396-DQHUW,Male,0,Yes,No,50,Yes,No,Fiber optic,No,Yes,No,No,No,Yes,Month-to-month,Yes,Electronic check,108.13,5415.21,Yes
1273-YSVMA,Male,0,Yes,Yes,24,Yes,Yes,No,No internet service,No internet service,No internet service,No internet service,No internet service,No internet service,Two year,Yes,Credit card (automatic),40.34,945.32,No
8966-PADEK,Female,0,No,Yes,64,Yes,No,DSL,No,Yes,Yes,No,No,No,Month-to-month,No,Mailed check,75.52,4839.06,No
4980-LWYSR,Female,1,No,Yes,51,Yes,Yes,DSL,Yes,No,No,No,No,Yes,Month-to-month,No,Electronic check,72.23,3688.15,No
8775-GPRGY,Male,0,Yes,Yes,63,Yes,No,DSL,No,No,No,No,Yes,No,Two year,Yes,Bank transfer (automatic),75.55,4766.42,No
3119-BHVJF,Male,0,Yes,No,17,Yes,Yes,No,No internet service,No internet service,No internet service,No internet service,No internet service,No internet service,One year,Yes,Electronic check,35.18,580.4,No
8849-DDXHA,Male,0,Yes,Yes,5,Yes,No,Fiber optic,No,Yes,Yes,No,Yes,No,One year,Yes,Electronic check,109.76,552.65,No
4901-TUCGQ,Male,0,No,No,50,Yes,No,Fiber optic,No,Yes,Yes,No,Yes,No,Month-to-month,No,Bank transfer (automatic),106.11,5306.25,No
6941-QJWBV,Male,1,No,No,1,Yes,Yes,DSL,Yes,No,No,No,Yes,No,Month-to-month,Yes,Electronic check,80.7,79.31,Yes
9457-SLKLD,Female,0,Yes,Yes,14,Yes,No,DSL,Yes,Yes,No,No,No,No,Month-to-month,No,Electronic check,78.06,1114.05,No
2997-RPMMB,Male,0,Yes,No,16,Yes,Yes,DSL,No,Yes,Yes,Yes,No,No,Month-to-month,No,Bank transfer (automatic),82.75,1300.78,No
8808-YFHRA,Female,0,Yes,No,14,Yes,Yes,DSL,No,No,No,No,No,No,Two year,Yes,Electronic check,68.84,975.31,No
1918-XEPXT,Male,0,No,No,66,Yes,No,DSL,Yes,Yes,No,No,No,Yes,Month-to-month,No,Electronic check,79.35,5218.69,No
3447-DTKZR,Female,0,No,No,63,Yes,No,DSL,No,No,No,Yes,No,No,Month-to-month,Yes,Electronic check,71.47,4505.53,No
1099-GTSTF,Female,0,No,No,38,Yes,Yes,Fiber optic,No,Yes,Yes,No,Yes,Yes,Month-to-month,Yes,Mailed check,110.78,4196.12,No
3243-FSAVG,Female,0,No,No,49,No,No phone service,Fiber optic,Yes,No,Yes,No,Yes,Yes,One year,Yes,Credit card (automatic),92.13,4527.15,No
5391-FLUEP,Male,0,Yes,Yes,47,Yes,No,Fiber optic,No,Yes,No,Yes,No,No,Month-to-month,No,Mailed check,98.96,4645.37,No
1515-ESPQF,Female,0,Yes,Yes,63,Yes,No,Fiber optic,No,No,Yes,Yes,Yes,No,Month-to-month,Yes,Credit card (automatic),109.13,6857.38,No
2855-LDXGT,Male,0,Yes,No,25,Yes,No,DSL,No,Yes,No,Yes,Yes,No,Month-to-month,No,Credit card (automatic),79.0,1983.22,No
2411-REGKC,Male,0,No,No,51,Yes,Yes,Fiber optic,Yes,No,No,No,No,Yes,Two year,No,Credit card (automatic),102.09,5216.83,No
2121-UJPRQ,Male,0,No,No,31,Yes,Yes,No,No internet service,No internet service,No internet service,No internet service,No internet service,No internet service,One year,Yes,Mailed check,36.67,1137.02,No
6646-ZRJGV,Male,0,No,No,37,No,No phone service,Fiber optic,No,Yes,No,No,Yes,Yes,One year,No,Mailed check,88.83,3278.01,No
4794-PVFFB,Male,0,Yes,Yes,21,Yes,No,No,No internet service,No internet service,No internet service,No internet service,No internet service,No internet service,One year,No,Bank transfer (automatic),42.68,866.61,No
1651-QNHFS,Female,0,No,No,55,Yes,No,No,No internet service,No internet service,No internet service,No internet service,No internet service,No internet service,Two year,No,Electronic check,36.43,2018.84,No
1767-SXLMN,Male,0,Yes,No,68,Yes,Yes,DSL,No,No,No,Yes,No,No,Month-to-month,No,Electronic check,68.56,4673.13,No
1856-RJMAX,Male,0,Yes,Yes,71,Yes,No,DSL,No,No,Yes,No,Yes,No,Two year,No,Credit card (automatic),79.39,5640.07,No
4000-BUZNA,Female,0,Yes,No,30,Yes,Yes,DSL,Yes,Yes,No,No,Yes,No,Month-to-month,Yes,Mailed check,83.1,2458.92,Yes
9924-EFSHC,Female,0,Yes,Yes,6,Yes,Yes,Fiber optic,Yes,Yes,No,No,No,No,Two year,Yes,Credit card (automatic),100.48,594.94,No
7143-GWDXT,Female,0,Yes,Yes,61,Yes,Yes,No,No internet service,No internet service,No internet service,No internet service,No internet service,No internet service,One year,Yes,Electronic check,43.46,2644.69,No
3154-PYBVM,Male,0,Yes,Yes,1,Yes,No,No,No internet service,No internet service,No internet service,No internet service,No internet service,No internet service,Two year,No,Electronic check,44.26,16.34,No
9541-FTZJC,Male,0,No,No,11,Yes,No,Fiber optic,No,No,No,No,Yes,Yes,Month-to-month,No,Electronic check,110.1,1179.6,Yes
4528-QRMYP,Male,0,No,Yes,65,Yes,Yes,Fiber optic,Yes,No,No,No,No,Yes,Month-to-month,Yes,Bank transfer (automatic),102.52,6656.57,No
6765-YYJGT,Female,0,No,No,23,Yes,No,No,No internet service,No internet service,No internet service,No internet service,No internet service,No internet service,One year,Yes,Electronic check,32.73,742.5,No
5725-LSRXJ,Female,0,No,No,39,Yes,Yes,Fiber optic,No,Yes,No,Yes,Yes,No,Month-to-month,Yes,Credit card (automatic),107.13,4188.92,No
7786-FYCUC,Female,0,No,No,13,Yes,Yes,Fiber optic,No,No,Yes,Yes,No,No,One year,Yes,Bank transfer (automatic),106.21,1356.08,No
8920-ZVUMF,Female,0,No,No,19,Yes,Yes,DSL,No,No,Yes,No,No,Yes,Month-to-month,No,Electronic check,74.03,1406.93,No
9870-NVTSJ,Male,0,Yes,Yes,21,Yes,No,Fiber optic,No,Yes,Yes,No,No,No,Two year,Yes,Electronic check,101.54,2144.14,Yes
4840-LQTEF,Female,1,No,No,15,Yes,Yes,DSL,No,No,No,Yes,No,No,Month-to-month,Yes,Mailed check,71.54,1071.09,No
1435-NSFTA,Male,0,Yes,Yes,48,Yes,No,DSL,No,No,Yes,No,Yes,No,One year,Yes,Credit card (automatic),76.08,3662.33,No
8797-SSSJZ,Male,0,Yes,No,49,Yes,Yes,DSL,No,Yes,Yes,Yes,No,No,Two year,No,Credit card (automatic),79.77,3918.05,No
7718-EYTHY,Female,1,No,No,10,Yes,Yes,Fiber optic,No,No,No,No,No,No,One year,Yes,Mailed check,90.43,903.37,No
3235-RSZPZ,Male,0,Yes,No,71,Yes,Yes,Fiber optic,Yes,No,Yes,No,Yes,No,Month-to-month,No,Bank transfer (automatic),108.48,7721.15,Yes
3558-VFZUR,Male,0,Yes,Yes,39,Yes,No,No,No internet service,No internet service,No internet service,No internet service,No internet service,No internet service,Month-to-month,Yes,Credit card (automatic),37.47,1469.15,No
1597-MDYKV,Female,1,Yes,Yes,52,Yes,Yes,Fiber optic,Yes,Yes,No,No,Yes,Yes,Month-to-month,Yes,Mailed check,116.77,6070.54,No
9153-CUHCG,Male,0,No,No,0,Yes,No,DSL,No,No,Yes,Yes,Yes,No,Month-to-month,Yes,Electronic check,89.95, ,No
5949-WSFHH,Male,0,No,No,28,Yes,Yes,Fiber optic,No,Yes,No,No,Yes,No,Two year,Yes,Electronic check,108.05,3040.5,No
7623-NABBZ,Male,0,Yes,No,71,Yes,No,Fiber optic,No,Yes,No,Yes,No,Yes,Two year,Yes,Mailed check,103.48,7376.74,No
5541-MUEAG,Female,1,Yes,Yes,62,Yes,Yes,No,No internet service,No internet service,No internet service,No internet service,No internet service,No internet service,One year,No,Electronic check,42.18,2609.89,No
2876-VVRXM,Female,0,No,No,2,Yes,No,No,No internet service,No internet service,No internet service,No internet service,No internet service,No internet service,Two year,No,Credit card (automatic),37.3,70.9,No
3163-HDXQU,Female,0,Yes,No,49,No,No phone service,Fiber optic,Yes,No,No,Yes,No,Yes,Two year,No,Mailed check,86.46,4245.0,No
3534-THLRZ,Male,0,Yes,Yes,55,Yes,No,DSL,Yes,No,No,No,No,No,Month-to-month,Yes,Bank transfer (automatic),66.27,3635.28,Yes
6023-TQLYZ,Male,1,Yes,Yes,10,Yes,Yes,Fiber optic,No,Yes,No,No,No,No,Month-to-month,Yes,Credit card (automatic),95.69,981.45,Yes
3793-XLTNU,Male,0,No,No,63,Yes,Yes,DSL,No,No,Yes,No,No,No,Month-to-month,Yes,Mailed check,70.62,4448.95,No
8843-LSNVE,Male,0,Yes,No,13,Yes,No,DSL,No,Yes,Yes,Yes,No,No,Month-to-month,No,Credit card (automatic),82.95,1081.64,No
7560-QLJSJ,Female,0,Yes,No,72,Yes,Yes,DSL,No,No,No,No,No,No,Month-to-month,No,Bank transfer (automatic),58.56,4209.71,No
1296-YLDFV,Female,0,Yes,Yes,0,Yes,No,Fiber optic,No,Yes,No,No,No,Yes,Month-to-month,Yes,Electronic check,96.9, ,No
3984-GMAPA,Female,0,No,No,47,Yes,No,Fiber optic,No,No,No,No,Yes,Yes,Month-to-month,Yes,Electronic check,109.34,5127.97,Yes
8519-LFLEH,Male,0,Yes,Yes,17,No,No phone service,Fiber optic,No,Yes,Yes,No,No,No,Month-to-month,No,Electronic check,76.19,1279.28,Yes
2176-SZMCB,Male,1,No,No,44,Yes,Yes,DSL,No,No,No,No,No,No,Month-to-month,Yes,Credit card (automatic),62.0,2730.43,Yes
8488-JHCRB,Male,0,No,No,55,Yes,No,Fiber optic,No,No,No,No,No,Yes,Month-to-month,Yes,Credit card (automatic),104.71,5765.54,Yes
9136-EBSJS,Female,0,Yes,No,40,No,No phone service,DSL,No,No,No,No,Yes,Yes,One year,Yes,Mailed check,54.48,2166.24,No
1358-WHUYN,Female,1,Yes,Yes,54,Yes,No,DSL,Yes,No,Yes,No,No,No,Month-to-month,No,Mailed check,76.68,4112.8,No
4006-HSADR,Male,0,Yes,No,55,Yes,Yes,Fiber optic,Yes,No,No,No,Yes,No,Two year,Yes,Electronic check,99.35,5486.09,No
1231-GRGYZ,Male,0,No,No,24,No,No phone service,DSL,No,No,Yes,No,No,No,Month-to-month,Yes,Bank transfer (automatic),50.81,1182.94,No
1302-EXAMY,Male,0,No,No,63,Yes,No,Fiber optic,Yes,No,Yes,Yes,No,No,One year,No,Electronic check,113.73,7160.44,No
6296-HAKPB,Female,0,No,No,6,Yes,Yes,Fiber optic,No,Yes,No,No,Yes,Yes,Month-to-month,No,Electronic check,117.01,698.91,Yes
5753-KHZXS,Male,0,No,No,38,No,No phone service,No,No internet service,No internet service,No internet service,No internet service,No internet service,No internet service,Two year,Yes,Credit card (automatic),18.25,704.16,No
6317-MBHAJ,Male,0,No,No,54,Yes,No,No,No internet service,No internet service,No internet service,No internet service,No internet service,No internet service,Two year,No,Electronic check,39.93,2169.75,No
5262-QJGTD,Male,0,No,No,52,Yes,No,Fiber optic,No,No,No,No,No,No,Month-to-month,Yes,Mailed check,85.62,4465.2,No
2128-SQWTX,Male,0,Yes,No,23,Yes,No,DSL,No,Yes,Yes,Yes,Yes,Yes,Month-to-month,No,Mailed check,97.52,2243.09,No
6978-WENYU,Male,0,No,No,70,Yes,No,Fiber optic,No,No,No,No,No,No,Month-to-month,No,Electronic check,91.42,6389.36,No
4627-YHAVK,Female,0,No,No,72,Yes,Yes,Fiber optic,No,No,Yes,No,Yes,No,Month-to-month,No,Bank transfer (automatic),103.67,7443.08,No
1308-EBZWY,Male,1,No,No,8,Yes,Yes,Fiber optic,No,Yes,No,No,Yes,Yes,One year,Yes,Credit card (automatic),99.09,806.38,Yes
2637-VPHSY,Male,0,No,No,7,Yes,Yes,DSL,No,No,Yes,No,No,Yes,Month-to-month,Yes,Mailed check,77.55,508.15,No
5144-AWEEQ,Male,1,No,No,43,Yes,Yes,DSL,Yes,Yes,No,No,No,No,Month-to-month,No,Electronic check,73.34,3150.29,No
8189-VWXDH,Female,0,No,No,13,Yes,Yes,No,No internet service,No internet service,No internet service,No internet service,No internet service,No internet service,Month-to-month,Yes,Credit card (automatic),45.93,593.96,No
7480-KTLLA,Female,0,No,No,4,Yes,Yes,No,No internet service,No internet service,No internet service,No internet service,No internet service,No internet service,Two year,Yes,Electronic check,42.33,158.74,No
6474-WVJSE,Male,0,No,No,59,Yes,Yes,DSL,No,Yes,No,No,Yes,No,Month-to-month,No,Credit card (automatic),70.83,4209.13,No
6701-KYTBW,Female,1,Yes,Yes,31,Yes,Yes,Fiber optic,No,No,No,Yes,No,No,Month-to-month,No,Credit card (automatic),93.22,2894.58,No
7516-FGEHY,Female,1,Yes,Yes,63,Yes,No,DSL,Yes,No,No,Yes,Yes,Yes,Month-to-month,Yes,Credit card (automatic),95.06,5974.97,No
9119-PJJYE,Female,0,No,No,53,No,No phone service,DSL,Yes,No,Yes,No,No,No,Month-to-month,Yes,Bank transfer (automatic),61.66,3249.82,No
7816-ZWTXF,Female,0,No,No,48,Yes,Yes,DSL,No,Yes,No,No,No,No,Month-to-month,Yes,Credit card (automatic),68.67,3278.06,No
9852-CAEQF,Male,0,No,No,27,No,No phone service,No,No internet service,No internet service,No internet service,No internet service,No internet service,No internet service,Two year,Yes,Credit card (automatic),20.6,538.44,No
6700-CSFNC,Female,0,Yes,No,54,Yes,No,Fiber optic,No,No,No,No,Yes,No,Two year,No,Credit card (automatic),92.27,4980.24,No
9731-KQMQL,Female,1,No,No,7,No,No phone service,Fiber optic,No,Yes,Yes,No,No,No,Month-to-month,Yes,Mailed check,80.34,555.77,Yes
1658-VRGCX,Male,0,Yes,Yes,22,Yes,Yes,No,No internet service,No internet service,No internet service,No internet service,No internet service,No internet service,Month-to-month,No,Electronic check,39.17,893.95,No
3992-XUZRE,Female,0,No,No,60,Yes,No,Fiber optic,No,No,No,Yes,No,No,Month-to-month,Yes,Credit card (automatic),95.77,5755.35,No
1318-FLQXD,Male,0,No,No,49,Yes,Yes,DSL,No,No,Yes,Yes,No,Yes,Month-to-month,No,Electronic check,82.92,4059.03,Yes
6713-CMBJQ,Male,0,No,No,17,No,No phone service,Fiber optic,No,No,No,No,Yes,No,Two year,No,Bank transfer (automatic),73.82,1237.2,No
7649-VNGXY,Male,0,No,No,62,Yes,Yes,DSL,No,No,Yes,No,No,No,Month-to-month,No,Bank transfer (automatic),69.25,4293.17,Yes
9707-VUBPK,Male,0,No,No,36,Yes,No,Fiber optic,No,No,No,No,No,No,Month-to-month,Yes,Mailed check,82.56,2957.83,Yes
3330-BFXXT,Female,0,Yes,No,53,Yes,No,Fiber optic,No,No,Yes,Yes,No,Yes,Month-to-month,No,Electronic check,103.27,5473.94,No
1914-SDSAG,Male,0,No,No,10,Yes,No,No,No internet service,No internet service,No internet service,No internet service,No internet service,No internet service,Month-to-month,Yes,Electronic check,38.45,384.63,No
2102-YPYAT,Female,0,Yes,Yes,10,Yes,Yes,Fiber optic,No,No,Yes,No,No,No,Month-to-month,Yes,Electronic check,96.82,975.04,Yes
5318-MWBYA,Male,1,Yes,No,72,Yes,Yes,Fiber optic,No,Yes,No,No,No,Yes,One year,Yes,Credit card (automatic),110.45,7941.03,No
4264-DNQRV,Female,0,No,No,66,Yes,No,No,No internet service,No internet service,No internet service,No internet service,No internet service,No internet service,One year,Yes,Mailed check,44.25,2937.78,No
7757-YLEDG,Male,1,Yes,No,27,Yes,Yes,DSL,No,No,No,Yes,No,No,Month-to-month,No,Electronic check,73.31,1991.05,No
6425-BYZDU,Male,0,No,No,67,Yes,Yes,Fiber optic,Yes,No,No,No,Yes,No,Month-to-month,Yes,Electronic check,105.93,7112.53,No
6365-MTPHP,Female,1,Yes,Yes,59,Yes,Yes,DSL,No,Yes,Yes,No,No,Yes,Two year,Yes,Electronic check,78.5,4648.4,No
2221-GZEQH,Male,0,Yes,No,19,Yes,Yes,DSL,No,Yes,Yes,No,No,No,Month-to-month,No,Mailed check,69.59,1325.53,No
5182-FPPQH,Female,0,Yes,Yes,28,Yes,Yes,DSL,Yes,No,No,Yes,Yes,No,Month-to-month,Yes,Electronic check,78.03,2180.42,No
6209-TTPHN,Male,0,Yes,No,38,Yes,Yes,Fiber optic,Yes,Yes,No,No,No,No,One year,No,Electronic check,105.55,4039.03,No
5832-YKHTR,Male,0,Yes,Yes,25,Yes,No,DSL,Yes,Yes,No,No,No,No,Two year,No,Credit card (automatic),78.26,1950.51,No
4843-ASTYN,Male,0,No,No,20,Yes,No,Fiber optic,No,No,No,No,No,No,Month-to-month,No,Bank transfer (automatic),87.15,1737.36,Yes
5635-FMANS,Male,0,No,No,17,Yes,Yes,DSL,No,No,No,No,Yes,No,Two year,No,Electronic check,70.22,1184.36,No
8072-RVRUL,Male,1,Yes,Yes,46,Yes,Yes,No,No internet service,No internet service,No internet service,No internet service,No internet service,No internet service,Two year,Yes,Bank transfer (automatic),40.1,1861.77,No
6419-RPPUF,Female,0,No,No,29,Yes,No,DSL,No,No,No,No,No,No,Month-to-month,Yes,Electronic check,63.19,1842.88,Yes
3851-NRNEV,Male,0,No,No,70,Yes,No,Fiber optic,No,No,No,No,Yes,No,Two year,Yes,Electronic check,88.52,6192.59,No
5911-LXLDZ,Male,0,No,No,63,Yes,No,No,No internet service,No internet service,No internet service,No internet service,No internet service,No internet service,Month-to-month,Yes,Electronic check,36.23,2280.13,No
4443-XNFKX,Male,0,No,Yes,7,Yes,Yes,No,No internet service,No internet service,No internet service,No internet service,No internet service,No internet service,Month-to-month,Yes,Bank transfer (automatic),31.11,224.67,No
9501-DZWRE,Female,1,No,Yes,48,Yes,No,No,No internet service,No internet service,No internet service,No internet service,No internet service,No internet service,One year,Yes,Electronic check,42.81,2043.65,No
6278-LCZQC,Female,0,Yes,Yes,46,Yes,Yes,DSL,No,Yes,No,No,No,No,Month-to-month,No,Bank transfer (automatic),69.5,3185.19,No
4075-WLMDC,Male,0,Yes,No,3,Yes,Yes,Fiber optic,Yes,Yes,Yes,No,No,No,Month-to-month,Yes,Mailed check,107.46,335.38,Yes
9800-YCPSX,Male,0,Yes,No,57,Yes,No,No,No internet service,No internet service,No internet service,No internet service,No internet service,No internet service,One year,No,Electronic check,35.91,2055.29,No
6036-WCAMG,Male,0,No,No,39,Yes,No,DSL,Yes,Yes,No,Yes,Yes,No,Month-to-month,No,Mailed check,94.56,3699.12,No
7795-JKNZB,Male,0,Yes,No,60,Yes,Yes,No,No internet service,No internet service,No internet service,No internet service,No internet service,No internet service,Month-to-month,Yes,Mailed check,42.92,2597.74,No
5972-KAVXE,Male,0,No,Yes,36,Yes,No,Fiber optic,Yes,No,No,No,No,Yes,Two year,No,Credit card (automatic),99.65,3575.21,No
7836-SSMHB,Female,0,Yes,No,30,Yes,No,DSL,Yes,No,No,No,No,Yes,Month-to-month,Yes,Bank transfer (automatic),72.47,2179.42,No
1314-ENDSQ,Male,0,Yes,Yes,50,Yes,No,DSL,Yes,Yes,Yes,No,No,Yes,Month-to-month,No,Electronic check,88.61,4427.58,No
4100-CNVKV,Female,0,Yes,No,55,Yes,No,No,No internet service,No internet service,No internet service,No internet service,No internet service,No internet service,One year,Yes,Credit card (automatic),36.26,1993.42,No
3575-BRXXZ,Female,0,No,No,55,Yes,Yes,DSL,No,No,No,No,No,No,Two year,Yes,Mailed check,56.53,3115.79,No
1969-BPYZG,Male,0,Yes,No,35,Yes,No,Fiber optic,Yes,No,Yes,No,Yes,No,Month-to-month,Yes,Electronic check,106.45,3744.37,No
4376-RXEZV,Female,0,No,No,41,Yes,No,DSL,No,Yes,No,No,Yes,Yes,Month-to-month,Yes,Electronic check,83.6,3407.39,No
1612-WRZFZ,Female,0,No,No,72,Yes,No,Fiber optic,No,No,No,No,Yes,No,Two year,Yes,Mailed check,98.45,7103.28,No
1428-BLREG,Male,1,Yes,No,63,Yes,Yes,No,No internet service,No internet service,No internet service,No internet service,No internet service,No internet service,Month-to-month,Yes,Electronic check,44.37,2765.03,No
4508-DEDYY,Male,0,No,No,29,Yes,No,No,No internet service,No internet service,No internet service,No internet service,No internet service,No internet service,Month-to-month,No,Credit card (automatic),40.55,1166.71,No
6656-SDBKZ,Female,1,No,No,46,Yes,Yes,No,No internet service,No internet service,No internet service,No internet service,No internet service,No internet service,One year,No,Electronic check,45.02,2051.82,No
5300-VJHVM,Female,0,No,No,12,Yes,No,No,No internet service,No internet service,No internet service,No internet service,No internet service,No internet service,Two year,Yes,Mailed check,34.64,387.54,No
7586-TTSVM,Female,0,Yes,No,24,Yes,Yes,No,No internet service,No internet service,No internet service,No internet service,No internet service,No internet service,Two year,Yes,Mailed check,36.49,881.94,Yes
3728-NHBJN,Female,0,No,No,39,Yes,Yes,Fiber optic,Yes,Yes,No,Yes,No,No,Month-to-month,Yes,Credit card (automatic),112.34,4402.37,Yes
5682-JTGRG,Male,0,No,No,27,Yes,Yes,DSL,Yes,No,No,No,No,No,Two year,No,Electronic check,68.24,1834.44,No
9878-RPLUL,Male,0,No,No,67,Yes,No,DSL,No,No,Yes,No,No,No,One year,Yes,Bank transfer (automatic),69.65,4653.93,No
8228-DVZFF,Male,0,Yes,Yes,62,Yes,No,DSL,No,No,No,No,No,Yes,Two year,No,Mailed check,66.22,4114.8,No
9592-KSELS,Female,0,No,No,2,No,No phone service,Fiber optic,No,No,No,No,Yes,No,Month-to-month,Yes,Mailed check,73.85,110.72,Yes
9052-LBKRX,Female,0,No,No,18,Yes,No,DSL,No,Yes,Yes,No,Yes,No,Two year,Yes,Electronic check,84.95,1529.52,No
8504-UDNPM,Male,0,Yes,No,11,Yes,No,DSL,No,Yes,No,Yes,No,No,Two year,Yes,Electronic check,74.29,782.11,No
9306-ZFYWS,Female,0,No,No,10,Yes,Yes,Fiber optic,No,No,Yes,No,No,No,Two year,Yes,Credit card (automatic),107.92,1065.58,No
4432-UQXTZ,Male,0,Yes,No,39,Yes,Yes,DSL,No,No,No,No,Yes,No,Two year,No,Bank transfer (automatic),63.5,2468.6,No
4772-BMZRS,Female,0,Yes,No,54,Yes,No,No,No internet service,No internet service,No internet service,No internet service,No internet service,No internet service,Month-to-month,No,Electronic check,41.74,2231.49,No
6627-QBKCJ,Male,0,No,No,53,Yes,Yes,No,No internet service,No internet service,No internet service,No internet service,No internet service,No internet service,Two year,No,Mailed check,35.04,1850.42,No
7477-VFRFE,Female,0,Yes,No,31,Yes,No,Fiber optic,Yes,No,Yes,No,No,Yes,One year,Yes,Electronic check,105.05,3252.59,No
9639-QEDBM,Male,0,Yes,Yes,29,Yes,Yes,No,No internet service,No internet service,No internet service,No internet service,No internet service,No internet service,One year,Yes,Electronic check,44.74,1305.55,No
1910-QLRED,Female,0,No,No,16,Yes,Yes,Fiber optic,No,No,Yes,No,No,No,Month-to-month,No,Mailed check,100.37,1585.9,Yes
1906-CBGVQ,Male,0,No,No,62,No,No phone service,Fiber optic,No,No,No,No,No,No,Month-to-month,No,Electronic check,67.66,4215.23,No
3253-YUUXT,Female,0,Yes,Yes,60,Yes,No,No,No internet service,No internet service,No internet service,No internet service,No internet service,No internet service,One year,Yes,Mailed check,42.2,2512.98,No
9610-HWCHX,Male,0,Yes,No,26,Yes,Yes,No,No internet service,No internet service,No internet service,No internet service,No internet service,No internet service,Month-to-month,Yes,Electronic check,44.31,1184.17,No
2200-NJCFN,Female,0,Yes,Yes,13,Yes,No,Fiber optic,Yes,Yes,Yes,No,Yes,No,Two year,Yes,Mailed check,118.75,1545.84,Yes
6675-SDHCA,Male,0,Yes,Yes,34,Yes,No,Fiber optic,Yes,No,No,Yes,No,No,One year,Yes,Mailed check,107.87,3652.05,No
4514-QJAFL,Male,0,No,Yes,53,Yes,No,Fiber optic,No,Yes,Yes,No,No,No,Month-to-month,Yes,Electronic check,98.83,5228.77,Yes
4201-VQZEJ,Male,0,Yes,No,20,Yes,No,Fiber optic,No,No,No,Yes,No,No,Month-to-month,Yes,Bank transfer (automatic),95.24,1887.0,No
1785-AYMRG,Male,0,No,No,24,No,No phone service,Fiber optic,No,Yes,Yes,No,Yes,No,Month-to-month,No,Mailed check,85.86,2053.99,No
1463-XRTNK,Male,0,Yes,No,10,Yes,No,Fiber optic,No,Yes,Yes,No,Yes,No,Month-to-month,Yes,Bank transfer (automatic),104.48,1045.16,Yes
4800-UFJHN,Male,1,No,No,52,Yes,Yes,No,No internet service,No internet service,No internet service,No internet service,No internet service,No internet service,Month-to-month,Yes,Credit card (automatic),36.13,1903.79,No
9707-YPEYH,Male,1,Yes,No,64,No,No phone service,No,No internet service,No internet service,No internet service,No internet service,No internet service,No internet service,Month-to-month,Yes,Electronic check,20.72,1327.87,No
4206-XGMYH,Female,0,No,No,56,Yes,No,DSL,No,Yes,No,Yes,No,No,One year,No,Mailed check,82.58,4603.85,No
6618-AZLSN,Male,0,No,No,58,Yes,Yes,Fiber optic,Yes,No,No,No,No,No,Two year,Yes,Bank transfer (automatic),99.26,5767.71,No
4905-KAGKJ,Female,1,No,No,11,No,No phone service,Fiber optic,Yes,No,Yes,No,Yes,No,One year,No,Mailed check,88.64,1002.87,Yes
3461-RVXZR,Male,0,No,No,63,Yes,Yes,DSL,No,No,No,No,No,Yes,One year,Yes,Mailed check,79.4,5011.26,No
4698-RDVND,Male,1,No,No,60,Yes,Yes,DSL,No,Yes,Yes,Yes,Yes,Yes,Month-to-month,No,Mailed check,89.46,5355.79,No
4832-HJBAJ,Female,0,Yes,No,23,Yes,No,Fiber optic,No,Yes,No,No,Yes,No,Two year,Yes,Electronic check,106.8,2468.02,Yes
3714-ZGHXW,Female,1,No,No,45,Yes,No,Fiber optic,Yes,No,No,Yes,Yes,No,Month-to-month,No,Mailed check,103.31,4659.29,No
1511-CCMPJ,Female,0,No,No,5,Yes,Yes,DSL,No,No,Yes,No,No,No,One year,Yes,Electronic check,74.09,343.57,No
1116-EQJCR,Male,0,No,No,62,Yes,Yes,No,No internet service,No internet service,No internet service,No internet service,No internet service,No internet service,One year,No,Electronic check,38.89,2434.73,No
6519-MYWAX,Male,0,No,No,0,Yes,Yes,Fiber optic,No,No,No,No,No,Yes,Month-to-month,Yes,Credit card (automatic),95.02, ,Yes
1446-MXZAB,Female,0,Yes,Yes,2,Yes,No,DSL,No,No,No,No,No,Yes,One year,No,Credit card (automatic),72.2,147.48,No
3171-GGLHP,Male,0,No,No,44,Yes,No,No,No internet service,No internet service,No internet service,No internet service,No internet service,No internet service,Two year,Yes,Credit card (automatic),39.27,1746.96,No
8684-PHPQX,Male,0,Yes,No,55,Yes,Yes,Fiber optic,Yes,Yes,No,No,No,Yes,One year,Yes,Bank transfer (automatic),114.03,6277.2,No
9525-GYVDP,Female,0,Yes,Yes,59,Yes,Yes,DSL,Yes,No,No,No,Yes,No,Month-to-month,No,Electronic check,80.7,4749.18,No
2369-MBHQH,Female,1,No,No,71,Yes,No,No,No internet service,No internet service,No internet service,No internet service,No internet service,No internet service,Month-to-month,Yes,Mailed check,43.95,3123.97,No
1090-KNUDM,Female,1,No,No,1,Yes,Yes,No,No internet service,No internet service,No internet service,No internet service,No internet service,No internet service,Month-to-month,Yes,Credit card (automatic),45.0,48.09,Yes
2788-DCUYR,Female,1,Yes,Yes,51,Yes,No,No,No internet service,No internet service,No internet service,No internet service,No internet service,No internet service,Month-to-month,No,Credit card (automatic),45.51,2301.45,No
4404-YMNRR,Female,1,Yes,Yes,23,Yes,No,Fiber optic,No,No,Yes,Yes,No,No,Two year,No,Credit card (automatic),108.08,2498.3,No
5428-MHSSL,Female,0,No,No,66,Yes,No,Fiber optic,Yes,No,No,No,Yes,Yes,Month-to-month,Yes,Bank transfer (automatic),107.33,7097.31,No
7408-DKZTT,Female,1,No,Yes,21,Yes,No,No,No internet service,No internet service,No internet service,No internet service,No internet service,No internet service,Month-to-month,Yes,Mailed check,40.69,856.47,No
8768-QRMVT,Female,0,Yes,No,30,Yes,Yes,Fiber optic,Yes,No,Yes,No,No,Yes,Month-to-month,Yes,Mailed check,103.86,3114.06,No
5711-DVHJC,Female,0,Yes,No,21,Yes,Yes,DSL,Yes,No,Yes,No,No,Yes,Month-to-month,Yes,Bank transfer (automatic),84.0,1763.75,Yes
2953-DCAHU,Female,1,No,No,51,Yes,No,Fiber optic,No,No,No,No,No,Yes,Month-to-month,Yes,Mailed check,96.16,4906.56,No
8774-FLVSX,Male,0,Yes,Yes,65,Yes,No,No,No internet service,No internet service,No internet service,No internet service,No internet service,No internet service,Month-to-month,Yes,Mailed check,37.24,2430.38,No
4783-EDTAM,Male,0,No,No,41,Yes,Yes,Fiber optic,No,No,No,Yes,No,No,Month-to-month,No,Bank transfer (automatic),94.21,3866.74,No
4179-YZMPK,Male,0,No,No,25,Yes,No,DSL,No,Yes,No,No,Yes,Yes,Two year,No,Credit card (automatic),89.06,2214.5,No
7991-HTXEF,Female,0,No,No,24,Yes,No,No,No internet service,No internet service,No internet service,No internet service,No internet service,No internet service,Month-to-month,Yes,Electronic check,38.18,913.81,No
4403-VREJR,Female,0,Yes,No,49,No,No phone service,Fiber optic,No,No,No,Yes,Yes,No,Month-to-month,Yes,Electronic check,79.95,3933.51,No
9681-LBCAD,Female,0,Yes,No,45,No,No phone service,DSL,Yes,No,Yes,No,Yes,No,One year,No,Electronic check,57.61,2596.63,No
4712-GHUMT,Female,0,No,No,17,Yes,Yes,No,No internet service,No internet service,No internet service,No internet service,No internet service,No internet service,Month-to-month,No,Bank transfer (automatic),39.19,663.89,No
5876-EYMWC,Female,0,Yes,No,26,Yes,No,Fiber optic,Yes,No,No,Yes,No,Yes,Two year,Yes,Credit card (automatic),104.87,2695.28,No
8644-TFVTX,Female,0,Yes,Yes,69,Yes,Yes,Fiber optic,Yes,No,No,No,Yes,Yes,Month-to-month,Yes,Bank transfer (automatic),95.13,6556.33,No
2887-XUJJG,Male,0,Yes,No,69,Yes,No,Fiber optic,Yes,No,No,Yes,Yes,No,Month-to-month,No,Mailed check,103.86,7155.67,No
5290-XWDDB,Female,0,Yes,Yes,28,Yes,Yes,No,No internet service,No internet service,No internet service,No internet service,No internet service,No internet service,Month-to-month,No,Mailed check,35.79,972.54,No
6525-HUUES,Female,0,Yes,No,58,Yes,No,DSL,No,No,No,Yes,No,No,Month-to-month,Yes,Electronic check,64.95,3753.51,No
7879-ZTJZG,Male,0,Yes,No,5,Yes,Yes,Fiber optic,No,No,No,No,No,Yes,Two year,Yes,Mailed check,93.0,445.97,No
8246-KYUQF,Female,1,Yes,Yes,63,Yes,No,Fiber optic,Yes,Yes,Yes,No,No,Yes,Month-to-month,No,Bank transfer (automatic),108.37,6810.76,No
2695-YVNXU,Male,0,No,No,23,Yes,No,No,No internet service,No internet service,No internet service,No internet service,No internet service,No internet service,Month-to-month,Yes,Credit card (automatic),46.05,1066.62,No
4489-VVMAT,Male,1,Yes,No,46,Yes,No,No,No internet service,No internet service,No internet service,No internet service,No internet service,No internet service,Month-to-month,Yes,Bank transfer (automatic),42.73,1958.83,No
4056-JTVCV,Female,1,No,No,45,Yes,No,Fiber optic,No,Yes,No,No,Yes,No,Month-to-month,No,Credit card (automatic),96.82,4339.25,Yes
3635-PWFFZ,Male,1,No,No,61,Yes,Yes,Fiber optic,No,No,No,No,No,No,One year,Yes,Mailed check,101.04,6172.88,No
4356-YJQNZ,Female,0,No,No,69,Yes,Yes,Fiber optic,No,No,No,No,Yes,No,Month-to-month,Yes,Electronic check,97.83,6776.14,No
5951-NMKLM,Female,0,No,No,26,Yes,No,DSL,Yes,Yes,No,No,No,No,Two year,Yes,Mailed check,81.18,2117.09,No
7872-BNPUR,Female,0,No,No,39,Yes,No,No,No internet service,No internet service,No internet service,No internet service,No internet service,No internet service,Month-to-month,Yes,Credit card (automatic),42.12,1654.75,No
4886-CJGET,Female,0,Yes,No,48,Yes,No,No,No internet service,No internet service,No internet service,No internet service,No internet service,No internet service,Month-to-month,Yes,Credit card (automatic),36.41,1733.19,No
5302-VDZMG,Female,0,Yes,Yes,42,Yes,No,Fiber optic,No,No,No,Yes,Yes,No,Month-to-month,No,Credit card (automatic),100.66,4241.98,No
4265-WTEZD,Male,0,No,No,24,Yes,No,DSL,No,No,No,No,No,Yes,Month-to-month,No,Bank transfer (automatic),73.06,1758.52,Yes
3478-TNLYV,Female,0,No,No,27,Yes,No,Fiber optic,No,No,Yes,Yes,No,No,Two year,No,Credit card (automatic),102.44,2771.56,No
9658-GWFVP,Female,0,Yes,No,43,Yes,Yes,No,No internet service,No internet service,No internet service,No internet service,No internet service,No internet service,One year,Yes,Mailed check,38.55,1665.07,No
6380-CXGQD,Male,0,No,No,68,Yes,Yes,No,No internet service,No internet service,No internet service,No internet service,No internet service,No internet service,Month-to-month,Yes,Mailed check,38.13,2595.33,No
9332-HUUPC,Male,0,No,No,5,Yes,Yes,DSL,No,No,No,Yes,No,No,Month-to-month,Yes,Bank transfer (automatic),77.73,373.94,Yes
3518-QNQFN,Male,0,No,No,16,Yes,No,Fiber optic,No,Yes,Yes,No,No,Yes,Month-to-month,No,Mailed check,103.53,1670.1,No
1767-MCRPW,Male,0,Yes,No,57,Yes,No,No,No internet service,No internet service,No internet service,No internet service,No internet service,No internet service,Month-to-month,Yes,Bank transfer (automatic),32.78,1843.91,No
5158-DFVYB,Male,0,No,Yes,43,No,No phone service,Fiber optic,No,Yes,No,No,Yes,Yes,Month-to-month,Yes,Mailed check,86.65,3744.49,Yes
7087-MGNYE,Female,1,Yes,Yes,30,Yes,No,Fiber optic,No,No,No,No,No,No,One year,Yes,Credit card (automatic),88.99,2686.22,No
8532-CTBBA,Male,0,Yes,No,25,Yes,Yes,Fiber optic,No,Yes,No,No,No,No,One year,No,Credit card (automatic),91.6,2265.01,No
8242-PSDYV,Female,1,Yes,Yes,71,Yes,No,Fiber optic,No,No,No,No,No,Yes,Month-to-month,Yes,Credit card (automatic),86.86,6147.74,No
5397-XDHBD,Female,0,Yes,Yes,64,No,No phone service,DSL,No,Yes,Yes,No,Yes,No,Month-to-month,Yes,Electronic check,64.96,4158.35,Yes
8572-KRXUK,Female,0,No,No,62,No,No phone service,No,No internet service,No internet service,No internet service,No internet service,No internet service,No internet service,One year,Yes,Electronic check,21.76,1331.96,No
4134-CVZNM,Male,0,No,No,20,Yes,Yes,DSL,No,No,No,No,No,No,One year,Yes,Credit card (automatic),64.81,1306.12,No
8634-JKXKY,Male,0,No,No,44,Yes,Yes,No,No internet service,No internet service,No internet service,No internet service,No internet service,No internet service,Month-to-month,Yes,Credit card (automatic),40.93,1839.51,No
2452-MMHZM,Female,0,Yes,Yes,69,Yes,Yes,No,No internet service,No internet service,No internet service,No internet service,No internet service,No internet service,Two year,No,Electronic check,37.21,2546.33,No
8910-FJMPF,Female,0,No,No,19,Yes,Yes,DSL,No,No,No,Yes,Yes,No,Month-to-month,No,Bank transfer (automatic),77.78,1451.93,No
3817-QGUMZ,Male,0,No,No,15,Yes,Yes,No,No internet service,No internet service,No internet service,No internet service,No internet service,No internet service,Month-to-month,Yes,Electronic check,36.83,563.12,No
3139-WMCSF,Male,0,No,No,45,Yes,Yes,DSL,No,Yes,Yes,No,No,Yes,Month-to-month,No,Credit card (automatic),80.26,3606.08,No
2246-NUGQA,Female,0,Yes,No,14,Yes,Yes,Fiber optic,No,No,No,No,Yes,No,Month-to-month,Yes,Mailed check,92.87,1292.1,No
2661-UAJNB,Female,1,Yes,Yes,55,Yes,Yes,DSL,No,No,No,Yes,No,Yes,Two year,No,Mailed check,75.15,4117.28,No
9806-NJZPS,Male,0,No,No,63,Yes,No,DSL,No,No,No,Yes,Yes,No,One year,Yes,Electronic check,82.17,5177.57,No
1812-DBNWX,Male,0,No,No,34,Yes,Yes,DSL,Yes,No,No,No,No,Yes,Month-to-month,Yes,Electronic check,72.63,2449.75,Yes
6168-BRRQT,Female,0,No,No,72,Yes,No,DSL,No,No,No,No,No,Yes,Month-to-month,No,Credit card (automatic),80.25,5794.5,No
6014-SMDBX,Male,0,Yes,No,43,Yes,No,No,No internet service,No internet service,No internet service,No internet service,No internet service,No internet service,Month-to-month,No,Bank transfer (automatic),34.87,1482.44,No
4968-HHBYB,Male,0,Yes,No,30,Yes,Yes,No,No internet service,No internet service,No internet service,No internet service,No internet service,No internet service,Month-to-month,Yes,Electronic check,45.37,1353.94,No
2970-LJAHU,Male,0,Yes,No,63,Yes,No,DSL,No,No,No,No,No,Yes,One year,No,Electronic check,71.9,4524.54,No
3254-WJACV,Male,0,Yes,No,45,Yes,No,Fiber optic,No,No,No,No,Yes,No,One year,Yes,Bank transfer (automatic),100.47,4542.46,No
4649-ZUAHT,Female,0,No,No,10,Yes,Yes,DSL,Yes,Yes,Yes,No,No,Yes,Month-to-month,Yes,Credit card (automatic),90.88,915.15,Yes
1567-ZDVWN,Male,0,No,No,62,Yes,No,No,No internet service,No internet service,No internet service,No internet service,No internet service,No internet service,Two year,Yes,Mailed check,44.76,2769.54,No
8231-XTSKH,Female,0,No,No,36,Yes,No,Fiber optic,No,Yes,No,No,Yes,Yes,Two year,Yes,Bank transfer (automatic),102.18,3687.46,No
8808-FKNKJ,Female,0,Yes,No,24,Yes,Yes,Fiber optic,No,Yes,No,No,No,No,Month-to-month,No,Credit card (automatic),89.39,2137.42,Yes
6392-HZEKW,Male,1,Yes,No,63,Yes,Yes,DSL,Yes,No,Yes,No,No,Yes,Month-to-month,Yes,Mailed check,77.45,4885.8,No
5279-SRHTF,Female,0,No,No,56,Yes,Yes,Fiber optic,Yes,Yes,Yes,No,Yes,Yes,Month-to-month,Yes,Credit card (automatic),118.75,6646.2,No
7747-DSCWR,Male,0,No,No,28,Yes,No,Fiber optic,No,No,Yes,No,Yes,Yes,Two year,No,Mailed check,109.98,3074.06,No
1364-CEZQG,Female,0,No,No,71,Yes,No,No,No internet service,No internet service,No internet service,No internet service,No internet service,No internet service,Month-to-month,Yes,Electronic check,31.31,2229.37,No
3490-AEWQJ,Male,0,No,No,64,No,No phone service,Fiber optic,Yes,No,No,No,Yes,Yes,One year,No,Credit card (automatic),92.48,5921.65,No
1190-JKCQR,Female,0,No,Yes,12,No,No phone service,DSL,No,No,No,Yes,No,Yes,One year,Yes,Credit card (automatic),58.24,702.76,No
9982-JGVJR,Female,1,Yes,No,40,Yes,No,DSL,No,Yes,No,No,No,No,Month-to-month,No,Electronic check,68.64,2744.79,No
7636-XHQDU,Male,0,No,No,46,Yes,No,No,No internet service,No internet service,No internet service,No internet service,No internet service,No internet service,Month-to-month,Yes,Bank transfer (automatic),36.41,1679.81,No
1405-SFMBS,Male,0,No,No,29,Yes,Yes,DSL,No,No,No,No,Yes,No,One year,No,Bank transfer (automatic),66.93,1929.77,No
5338-RJAPS,Male,1,Yes,No,38,Yes,No,Fiber optic,No,No,No,No,No,No,Month-to-month,Yes,Credit card (automatic),87.19,3310.29,No
6982-GTPFC,Female,0,Yes,No,72,Yes,No,Fiber optic,Yes,No,No,No,No,No,Month-to-month,Yes,Bank transfer (automatic),94.82,6836.48,No
3927-ATABD,Male,0,Yes,Yes,41,No,No phone service,Fiber optic,No,No,No,No,No,No,Two year,Yes,Credit card (automatic),69.44,2853.51,No
3934-ARDVP,Female,1,No,Yes,11,Yes,Yes,DSL,Yes,Yes,No,No,No,No,Month-to-month,Yes,Bank transfer (automatic),77.81,844.47,Yes
1749-KDZQV,Male,0,No,No,62,Yes,Yes,Fiber optic,No,Yes,No,No,No,No,One year,Yes,Mailed check,98.68,6104.81,No
4369-DFLUL,Male,0,Yes,No,25,Yes,Yes,DSL,Yes,Yes,Yes,No,Yes,No,Month-to-month,Yes,Electronic check,78.84,1961.2,Yes
9356-JFMCS,Male,0,Yes,Yes,12,Yes,No,Fiber optic,Yes,Yes,No,No,No,No,Month-to-month,Yes,Credit card (automatic),105.19,1258.74,No
1908-RKJQS,Male,0,No,No,16,Yes,No,DSL,No,No,No,No,Yes,No,Month-to-month,Yes,Credit card (automatic),76.87,1211.39,No
9359-GVWZZ,Female,0,Yes,No,60,Yes,No,Fiber optic,No,No,Yes,No,No,Yes,Month-to-month,No,Electronic check,96.72,5797.13,No
8113-HSUGV,Female,0,Yes,No,71,Yes,Yes,Fiber optic,No,Yes,Yes,Yes,Yes,Yes,Month-to-month,No,Bank transfer (automatic),118.75,8438.6,No
7316-MWCSU,Female,1,No,No,13,Yes,No,DSL,Yes,No,Yes,Yes,No,No,Two year,Yes,Electronic check,90.68,1212.94,No
1363-KNEXR,Female,0,Yes,Yes,10,Yes,No,No,No internet service,No internet service,No internet service,No internet service,No internet service,No internet service,Month-to-month,Yes,Bank transfer (automatic),45.36,439.61,No
3475-LCCTZ,Male,0,Yes,Yes,71,Yes,No,Fiber optic,No,Yes,No,No,No,No,Month-to-month,No,Electronic check,89.11,6323.34,No
3490-FSNDS,Female,0,Yes,No,8,Yes,Yes,No,No internet service,No internet service,No internet service,No internet service,No internet service,No internet service,Two year,Yes,Credit card (automatic),37.91,303.14,No
2888-CMTNR,Female,0,Yes,No,40,Yes,No,Fiber optic,No,No,No,No,Yes,Yes,Two year,Yes,Bank transfer (automatic),100.63,4032.96,No
3141-MTNFY,Male,0,Yes,Yes,19,Yes,No,DSL,Yes,Yes,No,Yes,Yes,No,Two year,Yes,Bank transfer (automatic),93.74,1767.19,No
1605-XTCGJ,Female,0,Yes,No,14,Yes,No,Fiber optic,No,Yes,No,No,No,No,Month-to-month,Yes,Electronic check,100.23,1390.19,Yes
9617-NGYCV,Female,0,Yes,Yes,44,Yes,Yes,Fiber optic,Yes,No,No,No,No,No,Month-to-month,Yes,Electronic check,99.73,4407.57,No
8475-KBXZK,Male,0,No,No,12,Yes,Yes,DSL,No,No,Yes,No,No,No,One year,No,Mailed check,74.37,818.52,No
2671-GDQNJ,Female,0,No,No,19,Yes,No,DSL,No,Yes,No,Yes,Yes,Yes,Two year,Yes,Electronic check,92.78,1749.76,No
6855-QAKWV,Female,0,Yes,No,47,Yes,No,No,No internet service,No internet service,No internet service,No internet service,No internet service,No internet service,Month-to-month,Yes,Electronic check,41.38,1952.94,No
8693-YBGMN,Male,0,No,No,23,No,No phone service,Fiber optic,No,No,No,No,Yes,No,Two year,No,Credit card (automatic),75.62,1765.44,No
8075-TSDSV,Female,0,Yes,Yes,71,Yes,Yes,Fiber optic,No,Yes,Yes,No,No,No,Two year,Yes,Mailed check,102.19,7233.65,No
7767-PCDTW,Male,0,No,No,38,Yes,No,Fiber optic,No,Yes,No,No,No,Yes,Month-to-month,No,Mailed check,98.3,3734.34,Yes
8427-LQEQE,Female,0,Yes,No,8,Yes,No,No,No internet service,No internet service,No internet service,No internet service,No internet service,No internet service,One year,Yes,Credit card (automatic),41.05,336.82,No
8154-UBYVK,Male,0,Yes,No,46,Yes,Yes,DSL,No,Yes,No,No,No,Yes,Month-to-month,No,Bank transfer (automatic),80.28,3703.07,No
5060-BYCYR,Female,0,Yes,No,44,Yes,Yes,DSL,No,Yes,Yes,Yes,No,No,Month-to-month,Yes,Mailed check,84.78,3725.25,No
9267-JXLJJ,Female,0,Yes,No,42,Yes,Yes,Fiber optic,No,Yes,No,No,Yes,No,Month-to-month,No,Bank transfer (automatic),103.43,4327.45,No
9566-MMRPN,Male,0,Yes,No,70,Yes,Yes,Fiber optic,No,Yes,Yes,No,Yes,Yes,Month-to-month,Yes,Electronic check,105.93,7416.4,No
4411-DZMZM,Male,0,Yes,Yes,44,Yes,No,Fiber optic,No,No,Yes,No,No,Yes,Month-to-month,Yes,Electronic check,107.58,4728.45,No
6394-PZCND,Male,1,No,No,54,Yes,Yes,DSL,Yes,Yes,Yes,No,Yes,No,One year,No,Electronic check,89.84,4830.15,No
8811-NYGDR,Female,0,Yes,No,48,Yes,No,Fiber optic,No,Yes,No,No,No,No,Two year,Yes,Electronic check,83.96,4067.14,No
2311-JHFDR,Female,0,Yes,No,18,Yes,No,Fiber optic,No,No,No,No,No,No,Month-to-month,No,Credit card (automatic),91.21,1635.45,Yes
7822-KGDSV,Female,0,No,No,64,Yes,No,Fiber optic,No,No,No,Yes,No,No,Month-to-month,Yes,Credit card (automatic),90.93,5817.14,No
5931-LRXZE,Male,0,Yes,No,49,Yes,No,Fiber optic,Yes,No,Yes,No,No,No,One year,Yes,Electronic check,110.02,5383.04,No
5290-XRVZC,Female,0,Yes,No,49,Yes,Yes,Fiber optic,No,Yes,No,Yes,Yes,No,Month-to-month,Yes,Credit card (automatic),101.5,4987.03,No
6510-NGRCM,Male,0,No,No,5,Yes,No,No,No internet service,No internet service,No internet service,No internet service,No internet service,No internet service,Month-to-month,Yes,Credit card (automatic),46.27,239.24,Yes
4731-KQYYS,Female,0,Yes,No,52,Yes,Yes,Fiber optic,Yes,No,No,No,No,Yes,Month-to-month,No,Electronic check,102.97,5353.72,Yes
3978-ZZWWV,Male,1,No,No,6,Yes,No,DSL,Yes,No,Yes,Yes,Yes,No,One year,No,Mailed check,90.19,548.73,Yes
7840-TRRKX,Female,0,Yes,Yes,28,Yes,No,Fiber optic,No,Yes,No,No,No,No,Two year,No,Mailed check,97.7,2715.77,No
6711-QTBYP,Male,0,Yes,No,41,Yes,No,DSL,No,No,No,No,No,No,Month-to-month,No,Electronic check,69.1,2837.51,No
9498-CFYSR,Female,0,No,No,68,Yes,No,DSL,No,No,No,No,No,Yes,One year,Yes,Mailed check,77.32,5276.66,No
4638-PPEPN,Male,1,No,No,13,Yes,No,No,No internet service,No internet service,No internet service,No internet service,No internet service,No internet service,One year,Yes,Electronic check,44.79,590.5,Yes
3817-JUSMQ,Female,0,No,No,59,Yes,No,Fiber optic,No,No,No,No,No,Yes,Two year,Yes,Mailed check,96.82,5710.72,No
3170-MPGEN,Female,1,Yes,Yes,39,Yes,Yes,Fiber optic,Yes,Yes,Yes,No,No,Yes,One year,No,Electronic check,118.37,4614.63,No
9466-MXWTX,Male,1,No,No,42,Yes,No,DSL,No,No,Yes,Yes,Yes,No,Month-to-month,No,Mailed check,79.53,3325.61,No
4701-UDHPA,Female,0,No,No,66,Yes,No,Fiber optic,No,No,Yes,No,Yes,Yes,Month-to-month,Yes,Mailed check,109.62,7218.57,No
7886-YCZCD,Male,0,Yes,No,32,Yes,Yes,Fiber optic,No,Yes,No,No,No,No,Month-to-month,Yes,Mailed check,82.89,2619.69,No
7860-SYLPD,Male,0,No,No,9,Yes,Yes,DSL,Yes,No,No,No,Yes,No,Month-to-month,Yes,Electronic check,83.42,757.5,Yes
7225-ZQYKZ,Female,0,No,No,1,Yes,No,DSL,No,Yes,Yes,Yes,No,No,Month-to-month,No,Electronic check,78.25,73.31,Yes
5829-DJMBX,Male,0,No,No,25,Yes,No,Fiber optic,No,Yes,No,Yes,No,No,Month-to-month,No,Bank transfer (automatic),108.19,2708.45,No
3152-SYLQN,Male,0,Yes,No,72,Yes,No,No,No internet service,No internet service,No internet service,No internet service,No internet service,No internet service,One year,No,Electronic check,44.05,3169.3,No
7876-AJQCW,Female,1,No,Yes,15,Yes,No,DSL,No,No,No,No,No,No,Month-to-month,No,Electronic check,63.54,952.38,No
6687-AADRN,Male,0,No,No,10,Yes,Yes,DSL,No,No,No,No,No,No,Two year,No,Mailed check,63.92,662.21,No
5340-PMJAA,Female,0,No,No,2,Yes,No,No,No internet service,No internet service,No internet service,No internet service,No internet service,No internet service,Month-to-month,No,Credit card (automatic),43.18,68.5,No
7200-TFFKR,Male,0,No,No,37,Yes,No,Fiber optic,No,Yes,No,No,No,No,One year,Yes,Bank transfer (automatic),99.91,3681.79,No
6340-PALUQ,Female,0,No,No,26,No,No phone service,No,No internet service,No internet service,No internet service,No internet service,No internet service,No internet service,One year,No,Bank transfer (automatic),23.05,617.84,No
8261-SXPPP,Female,0,No,No,24,Yes,No,DSL,No,No,No,No,No,Yes,One year,Yes,Credit card (automatic),71.36,1726.56,No
3380-LELDM,Female,1,No,No,43,No,No phone service,Fiber optic,No,Yes,Yes,Yes,No,No,Month-to-month,Yes,Bank transfer (automatic),90.79,3895.95,No
9586-LTLXF,Male,0,No,No,23,Yes,No,DSL,No,No,No,Yes,Yes,Yes,One year,Yes,Mailed check,77.5,1776.39,No
8507-TXDXX,Male,0,No,No,4,No,No phone service,DSL,No,Yes,Yes,No,No,Yes,Two year,Yes,Credit card (automatic),63.26,251.6,No
3663-QQBNR,Male,0,No,No,30,No,No phone service,Fiber optic,Yes,Yes,Yes,No,No,Yes,Two year,Yes,Electronic check,90.16,2693.98,No
2845-JQYBY,Female,0,No,No,53,Yes,Yes,Fiber optic,Yes,No,No,No,Yes,Yes,Month-to-month,Yes,Electronic check,110.68,5878.67,No
8344-WBPJY,Male,1,No,No,41,No,No phone service,Fiber optic,Yes,No,No,Yes,Yes,Yes,Month-to-month,No,Electronic check,97.83,3998.9,No
7667-RAXMD,Female,1,Yes,Yes,68,Yes,Yes,Fiber optic,Yes,No,No,Yes,Yes,No,Two year,No,Mailed check,107.39,7306.24,No
8865-XMRQH,Male,0,No,Yes,0,Yes,No,Fiber optic,No,No,Yes,Yes,No,Yes,Month-to-month,Yes,Bank transfer (automatic),103.02, ,Yes
7734-ZYSJX,Female,0,No,Yes,4,Yes,No,DSL,Yes,Yes,No,No,No,No,One year,No,Electronic check,73.66,286.18,No
9345-AJPPT,Female,0,No,No,11,Yes,Yes,DSL,Yes,Yes,Yes,No,No,No,Two year,Yes,Mailed check,90.56,1009.77,No
5622-ADUSR,Female,0,Yes,No,2,Yes,Yes,No,No internet service,No internet service,No internet service,No internet service,No internet service,No internet service,Month-to-month,No,Bank transfer (automatic),43.74,95.35,No
4967-GHSND,Male,0,No,No,44,Yes,Yes,No,No internet service,No internet service,No internet service,No internet service,No internet service,No internet service,Month-to-month,No,Credit card (automatic),38.04,1683.77,No
4594-VQWNM,Male,1,Yes,No,45,Yes,Yes,No,No internet service,No internet service,No internet service,No internet service,No internet service,No internet service,Month-to-month,No,Mailed check,42.42,1871.61,No
9543-NDKRJ,Male,0,No,No,53,Yes,No,Fiber optic,Yes,No,No,Yes,Yes,No,Month-to-month,No,Mailed check,113.22,6018.66,No
4691-WLHCK,Male,0,No,No,15,Yes,Yes,Fiber optic,Yes,Yes,Yes,No,Yes,No,Month-to-month,Yes,Bank transfer (automatic),113.64,1716.93,Yes
7898-HMRYV,Male,0,No,No,49,Yes,No,DSL,Yes,No,No,No,Yes,No,Month-to-month,Yes,Electronic check,73.75,3636.85,Yes
3575-DSGKC,Female,0,No,No,12,Yes,Yes,Fiber optic,No,No,Yes,Yes,No,No,Month-to-month,No,Mailed check,98.67,1183.47,No
7968-DKKBU,Female,1,Yes,Yes,72,Yes,Yes,DSL,No,No,Yes,No,No,Yes,Month-to-month,Yes,Electronic check,73.75,5284.98,No
6566-NEBBR,Male,0,No,No,18,Yes,Yes,Fiber optic,No,Yes,No,No,No,No,Month-to-month,Yes,Electronic check,97.83,1798.86,Yes
7729-VVKAF,Female,0,No,No,3,Yes,No,Fiber optic,No,No,No,No,No,Yes,Month-to-month,No,Mailed check,92.95,269.24,No
8082-UNAUV,Female,0,No,No,13,Yes,Yes,No,No internet service,No internet service,No internet service,No internet service,No internet service,No internet service,Month-to-month,No,Credit card (automatic),41.51,510.3,No
3042-VRXRC,Female,1,Yes,No,37,No,No phone service,Fiber optic,No,No,No,No,No,Yes,Two year,Yes,Mailed check,76.71,2826.35,No
6822-CGWZM,Male,0,No,No,52,Yes,Yes,DSL,Yes,Yes,No,No,No,No,Month-to-month,Yes,Mailed check,68.85,3585.34,No
3619-KFPLB,Male,0,No,No,30,Yes,Yes,No,No internet service,No internet service,No internet service,No internet service,No internet service,No internet service,Month-to-month,No,Mailed check,37.43,1119.33,No
6489-RSYSS,Female,0,No,No,23,Yes,No,Fiber optic,No,Yes,No,No,Yes,No,One year,Yes,Mailed check,107.34,2450.18,Yes
2904-MLZMS,Female,0,No,No,14,Yes,Yes,Fiber optic,No,No,No,No,No,No,Month-to-month,Yes,Bank transfer (automatic),89.29,1258.91,Yes
5865-BYSFB,Female,0,No,No,8,Yes,No,DSL,No,No,No,Yes,No,No,Two year,Yes,Credit card (automatic),60.55,503.25,No
9430-HAQAF,Female,0,No,No,65,Yes,No,Fiber optic,No,No,No,No,No,No,Month-to-month,Yes,Mailed check,93.91,6095.0,No
9039-AUQHG,Male,0,Yes,No,54,Yes,No,Fiber optic,No,No,No,No,No,No,Month-to-month,No,Credit card (automatic),93.31,5051.4,No
5273-NXGQS,Female,0,No,No,10,Yes,Yes,Fiber optic,No,No,No,No,No,No,Month-to-month,No,Electronic check,93.82,954.27,Yes
1113-XZCGU,Male,0,No,No,11,Yes,No,DSL,Yes,No,No,No,No,No,One year,No,Electronic check,68.24,732.48,No
8282-DYHHJ,Male,0,No,No,36,Yes,No,Fiber optic,No,Yes,No,No,No,Yes,Month-to-month,Yes,Electronic check,102.67,3719.62,Yes
7043-EPBDU,Female,1,Yes,No,25,Yes,No,DSL,No,Yes,No,No,No,Yes,Month-to-month,No,Bank transfer (automatic),70.12,1758.4,No
4452-VTZDY,Male,0,Yes,No,14,Yes,Yes,Fiber optic,No,No,No,Yes,No,No,Month-to-month,No,Bank transfer (automatic),93.73,1309.87,Yes
9027-LDDNA,Male,0,No,No,32,Yes,Yes,No,No internet service,No internet service,No internet service,No internet service,No internet service,No internet service,Two year,Yes,Bank transfer (automatic),45.14,1432.35,No
1861-NPWZG,Male,0,Yes,Yes,31,Yes,Yes,Fiber optic,No,Yes,No,No,No,No,Two year,Yes,Credit card (automatic),93.81,2907.13,No
3971-EFLZX,Male,0,Yes,Yes,42,Yes,No,Fiber optic,No,No,Yes,No,No,No,Month-to-month,Yes,Electronic check,90.4,3806.63,Yes
9216-LRTFM,Male,0,No,No,57,Yes,Yes,Fiber optic,No,No,No,No,Yes,No,Month-to-month,No,Bank transfer (automatic),99.37,5660.03,No
5951-JMLBU,Female,0,Yes,Yes,20,Yes,Yes,DSL,No,No,No,No,Yes,No,One year,No,Mailed check,68.23,1365.74,No
9102-UYLBG,Female,0,Yes,Yes,51,Yes,No,Fiber optic,No,Yes,Yes,Yes,No,No,Month-to-month,No,Electronic check,103.89,5298.65,No
8685-DPAHC,Male,0,Yes,No,53,Yes,No,No,No internet service,No internet service,No internet service,No internet service,No internet service,No internet service,One year,No,Mailed check,38.43,2039.68,No
2020-DNSGV,Male,0,Yes,Yes,51,Yes,No,No,No internet service,No internet service,No internet service,No internet service,No internet service,No internet service,Two year,No,Bank transfer (automatic),30.74,1556.69,No
4527-TNTZZ,Female,0,Yes,No,67,Yes,No,DSL,No,No,No,No,No,No,Month-to-month,No,Credit card (automatic),59.26,3973.84,No
6284-ZSGYD,Female,0,Yes,Yes,15,Yes,No,Fiber optic,No,Yes,Yes,No,Yes,No,Month-to-month,No,Bank transfer (automatic),99.91,1499.77,No
5213-DUXVC,Male,1,Yes,Yes,53,Yes,Yes,Fiber optic,Yes,Yes,No,No,No,Yes,Month-to-month,No,Bank transfer (automatic),108.37,5738.26,Yes
3436-JCNAQ,Male,0,No,No,1,Yes,No,No,No internet service,No internet service,No internet service,No internet service,No internet service,No internet service,One year,Yes,Credit card (automatic),49.26,42.77,No
6171-QXUGP,Male,0,Yes,Yes,24,Yes,No,Fiber optic,No,No,Yes,No,Yes,Yes,Month-to-month,Yes,Bank transfer (automatic),112.06,2675.39,Yes
8221-WRCLW,Male,0,No,No,52,Yes,No,DSL,No,No,No,No,No,No,Two year,No,Electronic check,60.43,3157.88,No
1664-QNFJZ,Male,0,No,No,67,Yes,No,DSL,Yes,No,No,No,No,Yes,Month-to-month,Yes,Bank transfer (automatic),82.61,5549.36,No
6360-YMWQX,Male,0,No,No,7,Yes,No,Fiber optic,Yes,Yes,No,No,Yes,No,One year,Yes,Electronic check,108.25,747.98,Yes
3940-KAFDE,Female,1,Yes,No,53,Yes,No,Fiber optic,Yes,No,Yes,No,No,No,One year,No,Electronic check,104.83,5548.3,No
3775-WKVVZ,Female,0,Yes,No,28,Yes,Yes,No,No internet service,No internet service,No internet service,No internet service,No internet service,No internet service,One year,No,Credit card (automatic),43.64,1214.44,No
5577-WLRVD,Female,0,No,No,39,Yes,No,DSL,Yes,No,Yes,Yes,No,Yes,Month-to-month,Yes,Electronic check,86.56,3367.03,No
1517-DTMGU,Female,0,Yes,Yes,61,Yes,No,No,No internet service,No internet service,No internet service,No internet service,No internet service,No internet service,Month-to-month,Yes,Credit card (automatic),38.32,2324.46,No
1135-EMXTS,Male,0,No,No,62,No,No phone service,DSL,No,No,Yes,No,No,No,Month-to-month,No,Bank transfer (automatic),58.1,3615.58,No
7397-HLXTQ,Female,0,No,No,29,Yes,No,Fiber optic,No,No,No,No,Yes,Yes,One year,No,Bank transfer (automatic),98.03,2842.93,No
1746-TJKSK,Male,1,Yes,No,64,Yes,No,Fiber optic,Yes,Yes,No,No,No,Yes,One year,No,Mailed check,109.37,7016.95,No
6155-AENYU,Male,0,Yes,Yes,33,Yes,Yes,DSL,Yes,Yes,No,Yes,No,No,One year,No,Bank transfer (automatic),90.03,2959.29,No
4757-ZGXKC,Female,0,No,No,16,Yes,No,Fiber optic,No,Yes,No,No,Yes,Yes,Two year,Yes,Credit card (automatic),102.29,1659.89,Yes
1022-ZRDZA,Female,0,No,No,69,No,No phone service,DSL,Yes,Yes,No,No,No,Yes,Month-to-month,No,Bank transfer (automatic),54.9,3791.54,No
4011-TBXSY,Female,0,No,No,26,Yes,Yes,No,No internet service,No internet service,No internet service,No internet service,No internet service,No internet service,Month-to-month,No,Electronic check,43.48,1129.4,No
8534-VFEFD,Female,0,No,No,66,Yes,No,Fiber optic,No,No,No,Yes,Yes,Yes,Month-to-month,Yes,Credit card (automatic),105.59,6991.06,No
6978-BLPNM,Male,0,No,No,67,Yes,No,DSL,Yes,No,No,Yes,Yes,Yes,Month-to-month,No,Mailed check,85.75,5741.45,No
3007-CZMQP,Female,0,Yes,Yes,6,No,No phone service,Fiber optic,No,Yes,No,No,Yes,Yes,Month-to-month,Yes,Electronic check,85.81,507.37,Yes
4319-TKKVH,Male,0,No,No,52,Yes,Yes,No,No internet service,No internet service,No internet service,No internet service,No internet service,No internet service,Month-to-month,Yes,Credit card (automatic),43.13,2213.82,No
7294-RASVG,Male,1,Yes,Yes,63,No,No phone service,No,No internet service,No internet service,No internet service,No internet service,No internet service,No internet service,Two year,Yes,Mailed check,27.9,1743.68,No
9228-AEYWU,Male,0,No,Yes,15,Yes,No,Fiber optic,No,No,No,No,No,No,Month-to-month,Yes,Electronic check,85.04,1288.04,Yes
6434-EMPCQ,Female,0,Yes,Yes,36,Yes,Yes,No,No internet service,No internet service,No internet service,No internet service,No internet service,No internet service,Two year,No,Bank transfer (automatic),40.38,1449.53,No
1802-DEEBY,Female,1,No,No,72,Yes,No,Fiber optic,No,No,Yes,No,Yes,No,Month-to-month,No,Credit card (automatic),103.31,7432.89,No
8222-NJEYV,Male,0,No,No,58,Yes,No,DSL,Yes,No,Yes,No,No,Yes,Month-to-month,Yes,Credit card (automatic),88.94,5173.33,No
7767-MARMH,Female,0,Yes,No,24,Yes,No,Fiber optic,No,No,No,No,No,No,One year,Yes,Electronic check,85.99,2069.22,No
3835-BWDVZ,Female,1,No,No,25,Yes,No,DSL,No,No,No,No,Yes,No,Month-to-month,No,Bank transfer (automatic),66.53,1642.43,No
1413-QBVNA,Female,0,No,No,7,Yes,Yes,Fiber optic,No,Yes,No,No,Yes,Yes,Month-to-month,No,Electronic check,113.58,802.59,Yes
7950-UYMYR,Female,0,No,No,69,Yes,Yes,DSL,No,No,No,Yes,No,Yes,One year,No,Mailed check,83.94,5803.64,No
5733-JHQTA,Female,0,Yes,Yes,64,Yes,No,Fiber optic,No,No,No,No,No,No,Two year,No,Electronic check,94.06,6023.53,No
4706-BKVSC,Male,0,No,No,58,Yes,No,DSL,No,No,Yes,No,No,No,One year,No,Electronic check,69.48,4045.31,No
7451-AAXAG,Male,0,No,No,29,Yes,Yes,DSL,No,Yes,No,Yes,No,No,Month-to-month,No,Credit card (automatic),73.84,2130.19,Yes
2187-PNWZT,Male,0,Yes,Yes,32,Yes,Yes,No,No internet service,No internet service,No internet service,No internet service,No internet service,No internet service,Two year,Yes,Mailed check,46.1,1480.67,No
5199-BYPFP,Female,0,No,No,27,Yes,Yes,No,No internet service,No internet service,No internet service,No internet service,No internet service,No internet service,One year,Yes,Bank transfer (automatic),43.56,1169.92,No
4525-JLUDZ,Male,0,Yes,No,26,Yes,Yes,Fiber optic,No,Yes,No,No,No,Yes,Month-to-month,Yes,Mailed check,103.43,2675.27,No
1561-DSDUT,Female,0,No,No,4,No,No phone service,DSL,Yes,No,No,No,No,Yes,Two year,No,Electronic check,54.95,211.86,No
4868-LZVRD,Male,0,No,No,15,Yes,No,DSL,No,No,No,Yes,No,No,Month-to-month,Yes,Bank transfer (automatic),72.14,1071.35,No
6306-AGSKZ,Male,0,Yes,Yes,44,Yes,Yes,DSL,Yes,No,Yes,Yes,No,No,Month-to-month,Yes,Mailed check,79.75,3514.1,Yes
9453-CXWCK,Male,0,Yes,Yes,20,Yes,No,Fiber optic,No,No,Yes,Yes,Yes,Yes,One year,Yes,Electronic check,105.87,2120.99,Yes
9536-ABNYG,Female,0,Yes,Yes,11,Yes,Yes,Fiber optic,Yes,No,Yes,Yes,Yes,No,Month-to-month,Yes,Electronic check,115.95,1275.63,No
7954-SDGQM,Female,1,No,No,32,No,No phone service,Fiber optic,No,No,No,Yes,Yes,No,Month-to-month,Yes,Mailed check,82.85,2664.03,Yes
3135-EPVKY,Male,1,Yes,Yes,58,Yes,Yes,No,No internet service,No internet service,No internet service,No internet service,No internet service,No internet service,Month-to-month,No,Credit card (automatic),33.31,1936.96,No
7004-KSLUZ,Male,0,No,No,25,Yes,Yes,Fiber optic,Yes,No,No,No,Yes,No,Two year,No,Mailed check,93.06,2321.3,No
8090-DBVWP,Female,0,No,No,55,Yes,Yes,DSL,No,Yes,No,No,No,Yes,Month-to-month,No,Mailed check,70.95,3904.84,No
3204-XLHJH,Male,0,Yes,No,47,Yes,No,No,No internet service,No internet service,No internet service,No internet service,No internet service,No internet service,Two year,Yes,Electronic check,42.14,1975.83,No
3541-HSAJE,Female,1,No,No,23,Yes,No,Fiber optic,No,No,Yes,No,Yes,No,Two year,No,Bank transfer (automatic),100.88,2300.42,No
6832-ZUFNA,Male,0,Yes,Yes,46,Yes,No,DSL,No,No,No,No,No,No,Month-to-month,Yes,Bank transfer (automatic),65.6,3014.49,No
4715-GNKSP,Female,0,Yes,Yes,37,Yes,No,No,No internet service,No internet service,No internet service,No internet service,No internet service,No internet service,Month-to-month,Yes,Mailed check,39.02,1457.36,No
9449-BYUTV,Female,0,No,No,14,Yes,Yes,DSL,No,No,No,No,Yes,No,One year,Yes,Mailed check,73.33,1010.05,No
1453-FAVJJ,Male,0,Yes,Yes,31,Yes,Yes,Fiber optic,Yes,No,No,No,No,No,Two year,Yes,Electronic check,99.79,3098.48,No
6495-LRYHX,Male,0,Yes,No,19,Yes,Yes,DSL,No,Yes,Yes,Yes,No,No,Month-to-month,Yes,Credit card (automatic),78.95,1510.74,No
5790-KYMDG,Female,0,No,No,40,Yes,Yes,No,No internet service,No internet service,No internet service,No internet service,No internet service,No internet service,Month-to-month,Yes,Mailed check,39.6,1590.97,No
8608-NPSEC,Female,1,No,No,3,Yes,No,Fiber optic,No,Yes,Yes,No,No,No,Month-to-month,Yes,Electronic check,105.03,336.95,Yes
4963-YDTZC,Male,0,No,No,5,Yes,No,DSL,No,No,No,No,Yes,No,Month-to-month,No,Bank transfer (automatic),74.13,361.09,Yes
2198-WCTVH,Male,0,Yes,No,27,Yes,Yes,Fiber optic,No,Yes,No,No,Yes,Yes,Month-to-month,No,Bank transfer (automatic),109.25,2992.21,No
3624-NNWQZ,Male,0,No,Yes,37,Yes,Yes,Fiber optic,No,Yes,No,Yes,Yes,No,Month-to-month,No,Electronic check,109.33,4073.41,Yes
3159-GFRAW,Male,0,Yes,Yes,34,Yes,Yes,No,No internet service,No internet service,No internet service,No internet service,No internet service,No internet service,Month-to-month,No,Mailed check,32.17,1095.06,No
7945-ZZBTN,Female,0,Yes,No,5,Yes,Yes,Fiber optic,No,Yes,No,Yes,No,Yes,One year,No,Mailed check,108.11,536.5,No
7618-WPAWL,Female,0,Yes,No,7,Yes,No,Fiber optic,Yes,No,No,No,No,Yes,Month-to-month,Yes,Mailed check,96.37,689.67,Yes
5128-QXNET,Male,0,No,No,7,Yes,No,DSL,No,No,No,No,Yes,No,Month-to-month,No,Credit card (automatic),70.42,488.97,Yes
6696-BNUXG,Male,0,No,No,6,Yes,Yes,DSL,No,Yes,No,No,No,Yes,Month-to-month,Yes,Bank transfer (automatic),76.16,430.13,Yes
5702-VQLEB,Female,0,Yes,Yes,60,Yes,No,DSL,No,No,No,Yes,No,Yes,Month-to-month,No,Credit card (automatic),78.49,4691.79,No
7210-ZQUSJ,Female,0,Yes,No,19,Yes,No,DSL,Yes,Yes,Yes,No,Yes,Yes,Month-to-month,Yes,Mailed check,105.69,2024.65,Yes
5704-GFQRZ,Male,0,No,No,57,No,No phone service,Fiber optic,No,Yes,No,Yes,No,No,One year,Yes,Credit card (automatic),80.35,4579.9,No
3125-GDYUH,Male,0,Yes,No,35,Yes,Yes,DSL,No,No,No,Yes,No,No,One year,Yes,Electronic check,72.33,2528.84,No
9719-SMKPC,Female,0,Yes,No,72,No,No phone service,Fiber optic,No,Yes,No,Yes,No,No,Month-to-month,No,Electronic check,82.35,5940.58,No
2548-YEDWY,Female,0,No,No,71,Yes,No,Fiber optic,No,No,No,No,No,No,One year,No,Mailed check,82.06,5819.52,No
8361-CWGAY,Female,0,No,No,44,Yes,Yes,DSL,No,No,Yes,Yes,No,No,Two year,Yes,Mailed check,74.39,3229.41,No
3408-RBEXQ,Female,0,Yes,Yes,66,Yes,Yes,DSL,Yes,No,No,No,Yes,Yes,Two year,Yes,Electronic check,76.44,5042.28,No
9986-EXWYB,Male,0,No,Yes,29,Yes,No,DSL,Yes,No,Yes,No,No,No,Two year,No,Bank transfer (automatic),86.19,2493.07,No
1940-NCBVS,Female,0,Yes,Yes,29,Yes,No,Fiber optic,No,No,Yes,No,No,No,One year,Yes,Electronic check,92.35,2668.65,No
8595-YDVBJ,Female,0,No,No,9,Yes,No,Fiber optic,Yes,Yes,No,No,No,Yes,Month-to-month,Yes,Electronic check,105.8,959.68,Yes
3677-FTCVW,Male,0,No,No,40,Yes,No,Fiber optic,No,No,No,Yes,No,Yes,Two year,Yes,Electronic check,104.02,4143.67,No
6990-BQRJJ,Male,1,Yes,Yes,48,Yes,Yes,Fiber optic,Yes,Yes,No,No,No,No,Month-to-month,No,Credit card (automatic),96.72,4638.34,Yes
5222-ZANHP,Male,0,No,No,40,Yes,No,DSL,No,Yes,No,No,Yes,No,Month-to-month,No,Electronic check,75.76,3027.78,Yes
1035-YLZDQ,Female,0,No,No,16,Yes,No,Fiber optic,No,Yes,No,No,No,No,Month-to-month,No,Mailed check,98.29,1560.75,Yes
7117-VARDL,Female,0,No,No,25,Yes,No,No,No internet service,No internet service,No internet service,No internet service,No internet service,No internet service,Month-to-month,Yes,Bank transfer (automatic),35.51,889.61,No
1480-BUTXS,Female,0,No,No,18,Yes,No,Fiber optic,No,No,Yes,Yes,No,Yes,One year,Yes,Electronic check,110.61,1974.79,No
6361-CUFCT,Male,1,Yes,No,62,Yes,No,DSL,Yes,Yes,No,No,Yes,No,Month-to-month,Yes,Electronic check,80.99,4997.57,No
6291-DPSMT,Female,0,No,No,9,Yes,Yes,Fiber optic,No,No,No,Yes,No,No,Two year,Yes,Electronic check,100.56,895.29,No
5540-JFGVJ,Male,0,No,No,21,Yes,Yes,No,No internet service,No internet service,No internet service,No internet service,No internet service,No internet service,One year,Yes,Credit card (automatic),35.04,754.6,No
7444-JNQMT,Female,0,No,No,23,Yes,No,Fiber optic,Yes,No,No,No,No,No,Two year,Yes,Electronic check,88.55,2048.38,No
9316-WYAUT,Male,1,Yes,No,31,Yes,Yes,DSL,No,No,No,No,Yes,No,One year,Yes,Bank transfer (automatic),70.23,2155.5,No
4711-HBWWB,Female,0,No,No,22,Yes,Yes,No,No internet service,No internet service,No internet service,No internet service,No internet service,No internet service,One year,Yes,Electronic check,36.87,823.86,No
6238-PEPVH,Female,1,Yes,Yes,66,Yes,No,DSL,Yes,No,Yes,No,No,No,Two year,Yes,Credit card (automatic),73.92,4864.49,No
7530-ZLCHD,Female,0,No,No,36,Yes,No,Fiber optic,No,No,Yes,No,No,No,Two year,No,Bank transfer (automatic),94.4,3399.34,No
4174-RENZG,Female,1,Yes,No,25,Yes,No,No,No internet service,No internet service,No internet service,No internet service,No internet service,No internet service,One year,Yes,Credit card (automatic),38.76,952.28,No
8918-HQDGW,Female,1,Yes,Yes,24,Yes,Yes,DSL,No,No,No,No,No,Yes,Month-to-month,Yes,Credit card (automatic),67.87,1637.95,Yes
6307-PNFYK,Male,0,Yes,No,37,Yes,Yes,Fiber optic,Yes,No,Yes,No,No,No,Month-to-month,Yes,Credit card (automatic),107.26,3960.55,No
1103-XBXGB,Male,1,No,No,26,Yes,No,No,No internet service,No internet service,No internet service,No internet service,No internet service,No internet service,Month-to-month,Yes,Electronic check,32.78,856.24,No
2983-RPDHF,Female,1,No,No,63,No,No phone service,No,No internet service,No internet service,No internet service,No internet service,No internet service,No internet service,Month-to-month,No,Bank transfer (automatic),18.25,1167.91,No
6878-WGXKB,Male,1,Yes,No,8,Yes,No,DSL,No,No,No,No,No,No,Month-to-month,Yes,Bank transfer (automatic),65.82,523.01,No
3901-WVTKU,Female,0,No,No,23,Yes,Yes,Fiber optic,No,Yes,Yes,Yes,No,No,Month-to-month,Yes,Electronic check,110.45,2555.7,Yes
7391-VPNZY,Female,0,Yes,Yes,31,Yes,Yes,DSL,No,Yes,No,No,No,Yes,One year,Yes,Electronic check,85.29,2632.69,No
5824-EKNSH,Female,0,Yes,No,70,Yes,No,Fiber optic,No,Yes,Yes,Yes,No,Yes,Two year,No,Mailed check,113.49,7944.11,No
1408-VYBHL,Male,0,Yes,Yes,21,Yes,No,Fiber optic,No,Yes,Yes,No,No,Yes,Month-to-month,Yes,Credit card (automatic),114.45,2398.23,Yes
7843-UJHKF,Female,0,Yes,No,14,Yes,Yes,Fiber optic,No,No,No,Yes,Yes,No,Two year,Yes,Credit card (automatic),105.84,1487.99,No
4928-GBTUG,Male,0,No,No,29,Yes,Yes,No,No internet service,No internet service,No internet service,No internet service,No internet service,No internet service,Two year,No,Credit card (automatic),42.45,1209.24,No
4607-KAPMY,Male,1,Yes,Yes,49,Yes,No,Fiber optic,No,Yes,No,No,Yes,Yes,One year,No,Electronic check,113.39,5538.34,Yes
4345-VKEJX,Female,0,Yes,No,71,Yes,No,DSL,No,Yes,No,No,No,No,Two year,No,Bank transfer (automatic),67.42,4758.82,No
3306-WRTUN,Male,0,Yes,No,4,Yes,No,DSL,Yes,No,No,No,Yes,No,Two year,Yes,Electronic check,77.04,302.38,Yes
6416-BSTCN,Female,0,Yes,Yes,47,Yes,No,Fiber optic,No,No,No,No,No,No,Month-to-month,No,Credit card (automatic),88.7,4168.71,No
5580-HBAFF,Female,0,No,No,39,Yes,Yes,Fiber optic,Yes,Yes,No,No,Yes,No,Month-to-month,Yes,Mailed check,112.63,4371.7,No
2907-QLCCR,Male,0,No,No,24,No,No phone service,Fiber optic,No,No,No,No,No,Yes,Month-to-month,Yes,Bank transfer (automatic),80.27,1911.44,Yes
9409-VUHSB,Male,0,Yes,No,11,Yes,Yes,Fiber optic,Yes,No,No,Yes,No,No,Month-to-month,Yes,Credit card (automatic),97.02,1093.22,No
2542-DEJBV,Male,0,Yes,Yes,48,Yes,Yes,Fiber optic,No,No,No,No,No,No,Two year,Yes,Mailed check,81.83,3929.44,No
7434-REWAZ,Male,0,No,No,45,Yes,Yes,Fiber optic,No,No,No,No,Yes,No,Month-to-month,Yes,Electronic check,98.73,4434.29,Yes
7540-EESVM,Male,0,No,No,9,Yes,No,Fiber optic,No,Yes,No,Yes,No,No,Month-to-month,Yes,Electronic check,105.29,947.15,Yes
1540-MMHXJ,Female,0,No,No,45,Yes,Yes,Fiber optic,No,No,No,No,No,No,Two year,No,Electronic check,84.78,3824.31,No
3191-SQQNH,Male,0,No,No,37,No,No phone service,DSL,No,No,No,Yes,No,No,Two year,Yes,Bank transfer (automatic),54.84,2049.22,No
3318-CEPKT,Female,0,No,No,30,Yes,Yes,DSL,Yes,Yes,Yes,No,No,No,Month-to-month,Yes,Credit card (automatic),79.48,2383.26,No
8237-PCAFG,Male,0,No,No,38,Yes,No,No,No internet service,No internet service,No internet service,No internet service,No internet service,No internet service,One year,Yes,Credit card (automatic),44.01,1669.3,No
1662-UJTFA,Male,1,Yes,No,67,Yes,No,No,No internet service,No internet service,No internet service,No internet service,No internet service,No internet service,Month-to-month,No,Credit card (automatic),48.54,3241.32,No
2232-MMLZR,Female,0,No,No,31,Yes,No,Fiber optic,Yes,Yes,No,Yes,No,No,Month-to-month,No,Electronic check,107.05,3315.32,No
7586-CMQQY,Female,0,No,Yes,65,Yes,Yes,Fiber optic,No,Yes,No,Yes,No,No,Two year,No,Electronic check,98.1,6408.7,No
5280-JYJPA,Male,0,No,No,2,Yes,Yes,Fiber optic,Yes,Yes,No,No,No,No,One year,Yes,Electronic check,94.18,207.81,Yes
2489-BLYBZ,Female,0,No,No,53,Yes,Yes,DSL,No,No,No,No,Yes,No,Two year,No,Bank transfer (automatic),67.97,3607.81,No
8819-AAXQE,Female,0,Yes,Yes,54,Yes,Yes,No,No internet service,No internet service,No internet service,No internet service,No internet service,No internet service,Month-to-month,Yes,Bank transfer (automatic),37.9,2073.56,No
9583-PRSEJ,Male,0,No,No,52,Yes,Yes,DSL,Yes,Yes,Yes,No,No,Yes,Month-to-month,Yes,Bank transfer (automatic),94.53,4906.66,No
2157-NZRSE,Female,0,Yes,Yes,26,Yes,No,Fiber optic,Yes,No,Yes,No,No,Yes,One year,Yes,Electronic check,101.28,2626.55,No
5877-ZCETA,Male,0,Yes,Yes,4,Yes,Yes,Fiber optic,No,Yes,No,No,Yes,No,Month-to-month,Yes,Bank transfer (automatic),102.27,407.41,Yes
2859-YALHK,Male,0,Yes,No,4,Yes,No,DSL,No,No,Yes,Yes,No,No,Two year,Yes,Electronic check,82.14,339.22,No
3322-GUADG,Female,0,No,No,23,Yes,No,Fiber optic,No,Yes,Yes,No,No,Yes,Month-to-month,No,Electronic check,109.13,2498.7,No
8437-KANRL,Female,0,Yes,No,8,Yes,No,DSL,No,No,Yes,No,No,No,Two year,No,Bank transfer (automatic),78.72,620.67,No
1797-XWXZH,Female,0,Yes,Yes,14,Yes,No,Fiber optic,No,No,No,No,No,No,Month-to-month,Yes,Credit card (automatic),82.02,1154.51,No
4794-ZLWRY,Male,0,No,No,1,Yes,Yes,No,No internet service,No internet service,No internet service,No internet service,No internet service,No internet service,Two year,Yes,Bank transfer (automatic),41.34,42.69,No
1093-SVETE,Male,1,Yes,Yes,28,Yes,No,Fiber optic,No,No,No,No,No,No,Two year,Yes,Electronic check,98.57,2730.73,No
9142-XANKX,Female,0,Yes,No,66,Yes,No,No,No internet service,No internet service,No internet service,No internet service,No internet service,No internet service,Two year,No,Electronic check,43.58,2877.81,No
3882-TCFZK,Male,0,No,No,7,Yes,No,Fiber optic,No,No,No,No,Yes,Yes,One year,No,Credit card (automatic),96.6,635.52,No
7891-ZZAFT,Female,0,Yes,Yes,26,Yes,Yes,Fiber optic,No,Yes,Yes,No,No,Yes,Month-to-month,Yes,Bank transfer (automatic),108.25,2791.48,No
9340-ZTCTG,Female,0,Yes,Yes,23,Yes,Yes,No,No internet service,No internet service,No internet service,No internet service,No internet service,No internet service,Month-to-month,No,Credit card (automatic),42.66,969.7,No
8276-PEWZN,Female,1,Yes,No,31,Yes,No,Fiber optic,Yes,No,No,No,No,No,One year,Yes,Mailed check,90.62,2809.88,No
8312-BGDGK,Female,0,Yes,Yes,41,Yes,Yes,Fiber optic,No,No,No,No,Yes,Yes,Month-to-month,Yes,Mailed check,106.28,4358.27,Yes
4881-HPFJW,Male,0,Yes,No,67,Yes,Yes,DSL,No,No,No,No,Yes,No,Month-to-month,No,Mailed check,64.22,4308.39,No
6059-AHVEY,Female,0,No,No,12,Yes,No,DSL,No,No,No,No,Yes,No,Month-to-month,No,Credit card (automatic),71.5,875.0,No
3662-RMRVD,Male,0,Yes,Yes,22,Yes,Yes,Fiber optic,No,No,No,No,No,Yes,Month-to-month,No,Credit card (automatic),90.95,2028.39,No
4169-PGKXF,Male,0,No,No,7,Yes,Yes,Fiber optic,No,No,No,No,No,No,Two year,Yes,Mailed check,93.09,642.1,No
2707-PCAWG,Male,0,Yes,Yes,3,Yes,No,DSL,No,Yes,No,No,Yes,No,One year,No,Credit card (automatic),84.51,253.32,No
2084-RMLLD,Female,0,No,No,51,Yes,Yes,DSL,No,Yes,No,No,No,Yes,One year,Yes,Bank transfer (automatic),81.48,4166.92,No
8726-AMGRP,Female,0,No,No,21,Yes,No,DSL,No,No,Yes,No,Yes,Yes,One year,Yes,Bank transfer (automatic),78.59,1647.1,Yes
4463-NFDXQ,Female,0,Yes,No,18,Yes,No,Fiber optic,No,No,No,No,No,Yes,Two year,Yes,Credit card (automatic),107.34,1915.49,No
6883-ZXQVN,Male,1,No,No,32,Yes,No,No,No internet service,No internet service,No internet service,No internet service,No internet service,No internet service,Month-to-month,No,Electronic check,39.54,1269.09,No
3140-QXXNY,Female,0,Yes,No,34,Yes,Yes,Fiber optic,No,No,No,Yes,Yes,Yes,One year,Yes,Electronic check,110.44,3771.84,No
2777-AKEYC,Female,0,Yes,Yes,31,Yes,Yes,DSL,No,Yes,Yes,No,No,No,Month-to-month,No,Electronic check,73.31,2279.95,Yes
5811-UCBPX,Female,1,Yes,Yes,61,Yes,Yes,Fiber optic,Yes,Yes,No,No,No,No,Month-to-month,Yes,Mailed check,98.14,5971.29,No
1146-AYQSG,Male,0,No,No,49,Yes,No,No,No internet service,No internet service,No internet service,No internet service,No internet service,No internet service,Month-to-month,No,Credit card (automatic),38.64,1900.02,No
3810-MFLYT,Male,0,Yes,No,27,Yes,No,No,No internet service,No internet service,No internet service,No internet service,No internet service,No internet service,Month-to-month,Yes,Electronic check,36.43,982.95,No
8820-MULQT,Male,0,Yes,No,14,Yes,Yes,Fiber optic,No,No,No,Yes,No,No,One year,Yes,Mailed check,98.08,1354.32,No
8422-YCVTT,Female,0,No,No,7,Yes,Yes,Fiber optic,No,Yes,Yes,No,No,Yes,Two year,Yes,Bank transfer (automatic),105.63,736.54,Yes
1132-MZXFM,Male,1,No,No,51,Yes,Yes,DSL,Yes,Yes,No,Yes,Yes,No,Two year,Yes,Bank transfer (automatic),85.46,4343.93,No
8774-YHVWD,Male,1,No,No,57,Yes,Yes,Fiber optic,No,No,No,No,No,No,One year,Yes,Electronic check,92.61,5286.93,No
1287-BDTKS,Male,0,No,Yes,50,No,No phone service,DSL,No,Yes,No,No,Yes,Yes,Month-to-month,Yes,Electronic check,64.9,3262.57,No
1808-QTZHP,Male,1,No,No,53,Yes,Yes,Fiber optic,No,No,Yes,No,No,No,Month-to-month,Yes,Electronic check,96.11,5089.45,Yes
5347-JRPVA,Female,0,No,Yes,46,Yes,No,Fiber optic,No,Yes,No,No,No,No,Month-to-month,Yes,Electronic check,85.66,3938.52,Yes
2996-PPXSA,Female,0,Yes,Yes,44,Yes,No,Fiber optic,Yes,Yes,Yes,Yes,No,No,Month-to-month,Yes,Electronic check,110.03,4837.28,No
5401-WWVMC,Male,0,No,No,70,Yes,Yes,Fiber optic,No,No,No,No,Yes,No,Month-to-month,No,Mailed check,93.11,6514.65,No
2919-WJUAM,Male,0,Yes,Yes,39,Yes,Yes,No,No internet service,No internet service,No internet service,No internet service,No internet service,No internet service,Month-to-month,Yes,Bank transfer (automatic),32.32,1239.51,No
9552-FAGBQ,Male,0,No,No,65,No,No phone service,DSL,No,No,Yes,No,Yes,Yes,Month-to-month,No,Bank transfer (automatic),67.95,4410.88,No
2725-FQHRY,Male,0,Yes,No,54,Yes,No,No,No internet service,No internet service,No internet service,No internet service,No internet service,No internet service,Month-to-month,Yes,Bank transfer (automatic),34.26,1865.07,No
9380-TZTBY,Female,1,Yes,No,32,Yes,Yes,DSL,No,No,No,No,Yes,No,Month-to-month,Yes,Electronic check,74.39,2398.16,Yes
6100-AQFNR,Male,0,Yes,No,25,No,No phone service,DSL,No,Yes,Yes,No,Yes,No,Month-to-month,No,Mailed check,65.16,1623.93,No
1249-LBCFU,Male,1,No,No,12,Yes,No,No,No internet service,No internet service,No internet service,No internet service,No internet service,No internet service,Month-to-month,No,Electronic check,43.9,506.23,No
4717-BTPDP,Female,0,Yes,Yes,24,Yes,Yes,Fiber optic,No,No,Yes,No,No,Yes,Month-to-month,Yes,Bank transfer (automatic),102.71,2495.29,No
3238-RYHTA,Female,0,No,No,38,Yes,No,DSL,Yes,No,No,No,No,No,Month-to-month,Yes,Credit card (automatic),68.63,2595.47,No
4663-XBYCM,Male,0,Yes,No,45,Yes,No,Fiber optic,No,Yes,No,No,No,No,One year,No,Bank transfer (automatic),97.99,4416.92,No
2629-AJPTH,Female,0,No,No,61,Yes,No,DSL,No,No,No,No,Yes,No,Month-to-month,No,Mailed check,71.63,4362.5,Yes
5431-ETEWE,Female,0,No,No,12,No,No phone service,Fiber optic,No,No,No,No,Yes,No,Month-to-month,No,Mailed check,77.71,949.1,Yes
6975-HZGYW,Female,0,No,No,11,Yes,No,No,No internet service,No internet service,No internet service,No internet service,No internet service,No internet service,One year,No,Mailed check,41.49,463.61,No
5211-MJLMD,Male,0,Yes,No,46,Yes,No,Fiber optic,No,No,No,No,Yes,Yes,One year,Yes,Credit card (automatic),101.68,4693.95,No
3905-XZBTF,Male,0,Yes,Yes,1,Yes,Yes,Fiber optic,Yes,Yes,No,No,No,No,One year,No,Bank transfer (automatic),100.09,114.07,No
6884-QXSVV,Male,0,Yes,No,63,Yes,No,No,No internet service,No internet service,No internet service,No internet service,No internet service,No internet service,Month-to-month,No,Electronic check,37.17,2350.04,No
6825-KJJJG,Male,0,Yes,No,15,Yes,No,Fiber optic,No,No,No,No,No,No,Two year,Yes,Bank transfer (automatic),86.12,1303.82,No
3796-PGJTH,Male,0,No,No,37,No,No phone service,Fiber optic,No,No,Yes,No,Yes,No,Month-to-month,No,Electronic check,83.3,3078.41,Yes
1958-AUYSB,Female,0,Yes,Yes,5,Yes,Yes,DSL,Yes,No,No,Yes,Yes,No,Two year,No,Mailed check,78.78,411.91,No
6069-GHYVT,Male,0,No,Yes,6,Yes,Yes,Fiber optic,No,No,Yes,No,Yes,No,One year,Yes,Mailed check,97.5,597.46,No
5507-PXRPC,Female,0,Yes,Yes,65,Yes,Yes,Fiber optic,No,Yes,No,No,Yes,No,Month-to-month,Yes,Bank transfer (automatic),100.91,6559.13,No
9967-VJGZY,Female,1,No,No,48,Yes,Yes,Fiber optic,No,Yes,Yes,No,No,Yes,Month-to-month,No,Credit card (automatic),111.29,5358.38,No
4781-FVRXP,Male,0,No,No,68,Yes,No,Fiber optic,No,No,No,No,Yes,No,Month-to-month,Yes,Electronic check,91.17,6202.56,No
5966-DQJEU,Male,0,No,No,63,Yes,Yes,DSL,No,No,No,Yes,No,No,One year,Yes,Bank transfer (automatic),75.44,4780.19,No
4111-FZZMH,Male,0,No,No,72,Yes,Yes,DSL,No,No,No,No,Yes,No,Two year,No,Bank transfer (automatic),64.7,4660.85,No
2456-RQQUM,Male,0,No,No,14,Yes,No,No,No internet service,No internet service,No internet service,No internet service,No internet service,No internet service,Two year,Yes,Bank transfer (automatic),42.46,595.09,No
7149-RVTAQ,Male,0,Yes,No,53,Yes,No,DSL,No,Yes,Yes,No,No,No,Two year,Yes,Electronic check,78.42,4152.41,No
9777-PNQPK,Male,0,Yes,Yes,44,No,No phone service,Fiber optic,No,No,No,No,Yes,No,Month-to-month,Yes,Mailed check,78.11,3431.44,Yes
9944-BVDEQ,Female,0,No,No,15,No,No phone service,Fiber optic,Yes,No,No,Yes,No,No,Month-to-month,No,Credit card (automatic),76.6,1143.88,Yes
6740-YHAGP,Male,0,Yes,No,14,Yes,No,DSL,No,Yes,No,No,No,Yes,One year,Yes,Electronic check,75.18,1047.79,Yes
4215-GXPST,Male,0,No,No,28,Yes,Yes,DSL,No,No,Yes,Yes,Yes,Yes,Month-to-month,No,Bank transfer (automatic),86.82,2412.3,No
4682-TZTHU,Male,0,Yes,No,59,Yes,No,DSL,Yes,Yes,No,No,No,No,Month-to-month,No,Bank transfer (automatic),81.53,4793.26,No
3124-BLNMG,Female,0,Yes,No,34,No,No phone service,Fiber optic,No,No,No,No,No,Yes,Month-to-month,Yes,Credit card (automatic),77.22,2622.5,No
3456-YGUGC,Female,0,No,No,18,Yes,Yes,DSL,No,No,Yes,Yes,Yes,Yes,Month-to-month,No,Electronic check,86.9,1562.32,No
1568-FWLSZ,Male,0,Yes,No,42,Yes,No,DSL,Yes,No,No,No,No,No,Two year,Yes,Credit card (automatic),68.49,2846.97,No
1432-CYPQJ,Female,0,No,No,45,Yes,No,Fiber optic,No,No,No,No,No,No,Month-to-month,No,Electronic check,87.78,3951.83,Yes
8440-RGRAF,Female,0,No,No,45,Yes,No,DSL,Yes,No,Yes,No,No,No,Month-to-month,Yes,Mailed check,82.37,3685.42,No
2835-UTCXV,Male,1,Yes,No,43,Yes,No,DSL,Yes,No,No,No,No,No,Month-to-month,Yes,Mailed check,69.62,2981.45,No
4912-FLQRJ,Male,0,Yes,No,27,No,No phone service,DSL,Yes,No,No,No,No,No,One year,Yes,Bank transfer (automatic),44.61,1205.11,No
1914-QSGRP,Male,0,Yes,Yes,27,Yes,No,No,No internet service,No internet service,No internet service,No internet service,No internet service,No internet service,Month-to-month,Yes,Electronic check,32.4,864.79,No
5511-AHJWV,Male,0,No,No,27,No,No phone service,No,No internet service,No internet service,No internet service,No internet service,No internet service,No internet service,Month-to-month,Yes,Electronic check,19.73,519.18,No
8862-MHMVQ,Female,0,No,No,65,Yes,No,Fiber optic,No,No,No,No,Yes,Yes,Month-to-month,No,Credit card (automatic),98.56,6413.93,No
6410-LSWSK,Male,1,No,No,31,Yes,No,DSL,Yes,Yes,No,Yes,No,No,Month-to-month,Yes,Bank transfer (automatic),85.18,2671.66,No
8558-YVXGL,Male,1,Yes,Yes,65,Yes,No,Fiber optic,Yes,No,No,Yes,Yes,No,Two year,Yes,Mailed check,98.65,6422.78,No
3243-JTSAU,Male,0,Yes,No,23,Yes,No,No,No internet service,No internet service,No internet service,No internet service,No internet service,No internet service,Month-to-month,Yes,Electronic check,43.76,1021.24,No
2728-EPFZD,Male,0,Yes,No,24,Yes,Yes,No,No internet service,No internet service,No internet service,No internet service,No internet service,No internet service,One year,No,Credit card (automatic),42.22,1014.32,No
2364-UGTSE,Female,0,Yes,No,25,Yes,Yes,Fiber optic,No,Yes,No,No,No,No,One year,No,Bank transfer (automatic),94.76,2361.32,No
6218-NCUWY,Male,0,No,No,25,Yes,No,DSL,Yes,Yes,No,Yes,No,No,Month-to-month,Yes,Credit card (automatic),82.82,2041.53,No
1791-EVHRJ,Male,0,No,No,23,Yes,No,Fiber optic,Yes,No,No,No,No,No,One year,No,Electronic check,93.86,2156.66,No
2958-QEDNE,Female,0,Yes,Yes,47,No,No phone service,No,No internet service,No internet service,No internet service,No internet service,No internet service,No internet service,Month-to-month,Yes,Electronic check,20.42,975.64,No
2730-UNPDD,Male,0,No,No,70,Yes,Yes,No,No internet service,No internet service,No internet service,No internet service,No internet service,No internet service,Month-to-month,No,Bank transfer (automatic),38.53,2674.85,No
4516-KLDXJ,Male,0,No,No,20,Yes,Yes,Fiber optic,No,No,Yes,Yes,Yes,No,One year,No,Bank transfer (automatic),101.34,2022.44,No
8345-KMCSB,Female,0,No,No,22,Yes,Yes,DSL,No,No,Yes,Yes,Yes,Yes,Month-to-month,Yes,Credit card (automatic),82.13,1817.02,No
7730-XJXSA,Male,0,No,No,22,No,No phone service,DSL,No,Yes,No,No,Yes,No,One year,Yes,Electronic check,58.56,1287.99,No
2825-RSCSV,Male,0,No,No,17,Yes,Yes,Fiber optic,No,No,No,No,Yes,No,Month-to-month,Yes,Bank transfer (automatic),89.21,1521.38,No
1826-XNQBQ,Male,0,Yes,No,1,Yes,No,DSL,No,Yes,Yes,No,Yes,Yes,Month-to-month,Yes,Electronic check,86.16,108.51,Yes
5089-JUFBM,Male,0,Yes,No,0,Yes,No,DSL,No,No,Yes,No,Yes,No,Month-to-month,Yes,Mailed check,72.77, ,No
7692-DZSYM,Male,0,Yes,No,6,No,No phone service,No,No internet service,No internet service,No internet service,No internet service,No internet service,No internet service,Month-to-month,No,Credit card (automatic),18.25,111.19,No
2108-ENQTV,Male,0,Yes,Yes,10,Yes,Yes,DSL,Yes,No,No,Yes,No,Yes,Month-to-month,No,Bank transfer (automatic),82.7,847.09,No
7863-QANVW,Female,0,No,No,48,Yes,Yes,DSL,No,Yes,Yes,No,No,No,Month-to-month,Yes,Electronic check,80.46,3869.72,No
8509-ALQFK,Male,0,No,No,9,Yes,Yes,DSL,Yes,No,No,Yes,No,Yes,Two year,Yes,Bank transfer (automatic),85.71,760.32,No
1876-EAZWK,Male,0,No,No,23,Yes,Yes,No,No internet service,No internet service,No internet service,No internet service,No internet service,No internet service,Two year,Yes,Mailed check,36.21,835.43,No
1038-JLERZ,Female,1,Yes,Yes,33,Yes,Yes,DSL,No,No,No,Yes,Yes,Yes,Two year,Yes,Mailed check,85.91,2857.04,No
8594-WVBPP,Male,1,Yes,Yes,5,Yes,No,Fiber optic,No,Yes,No,No,Yes,No,Two year,No,Electronic check,103.68,525.17,No
1908-DPTFM,Male,0,No,No,34,Yes,Yes,No,No internet service,No internet service,No internet service,No internet service,No internet service,No internet service,One year,No,Bank transfer (automatic),38.28,1289.49,No
1676-CPPUX,Male,0,Yes,No,67,Yes,No,No,No internet service,No internet service,No internet service,No internet service,No internet service,No internet service,One year,Yes,Bank transfer (automatic),39.35,2623.52,No
2709-JWBVY,Female,0,Yes,No,0,Yes,No,Fiber optic,No,Yes,No,No,No,Yes,Month-to-month,No,Electronic check,97.24, ,Yes
1899-DSMZP,Female,0,Yes,No,21,Yes,No,Fiber optic,No,Yes,No,Yes,Yes,No,Two year,No,Electronic check,104.49,2189.64,No
6895-FHEDC,Male,0,No,No,6,Yes,No,Fiber optic,No,No,No,No,No,No,Month-to-month,Yes,Mailed check,92.42,574.75,Yes
9033-BNNBW,Male,0,Yes,No,15,Yes,No,DSL,Yes,No,No,No,No,No,One year,No,Mailed check,66.72,1010.55,No
5505-DDSQK,Male,0,No,No,61,No,No phone service,DSL,Yes,Yes,No,No,No,No,Two year,Yes,Electronic check,55.09,3380.93,No
4646-AANJG,Male,0,No,No,38,Yes,Yes,DSL,No,No,Yes,Yes,No,Yes,Two year,No,Credit card (automatic),86.22,3270.92,No
4411-QHJGR,Female,0,No,No,25,Yes,No,Fiber optic,Yes,No,No,Yes,No,Yes,Month-to-month,Yes,Bank transfer (automatic),111.91,2796.59,No
1493-YPFUY,Female,1,No,Yes,60,Yes,No,Fiber optic,No,No,No,No,No,Yes,Month-to-month,No,Electronic check,93.72,5632.99,No
1523-EDBTE,Female,0,No,No,67,Yes,Yes,Fiber optic,No,Yes,No,No,No,Yes,Month-to-month,Yes,Credit card (automatic),98.17,6579.72,Yes
4451-VQSCZ,Male,0,Yes,No,63,Yes,No,DSL,Yes,No,Yes,No,No,No,Two year,No,Bank transfer (automatic),66.81,4225.16,No
1744-TRKWX,Female,0,Yes,Yes,37,No,No phone service,Fiber optic,Yes,No,No,No,No,Yes,One year,Yes,Electronic check,87.13,3216.01,No
1632-YFUVP,Female,1,Yes,Yes,22,Yes,No,Fiber optic,No,Yes,No,No,No,No,Month-to-month,Yes,Credit card (automatic),94.12,2093.74,Yes
8768-VNELX,Male,1,Yes,No,37,Yes,Yes,No,No internet service,No internet service,No internet service,No internet service,No internet service,No internet service,Two year,No,Mailed check,40.26,1483.27,No
2824-ZERRE,Female,0,Yes,No,54,Yes,Yes,No,No internet service,No internet service,No internet service,No internet service,No internet service,No internet service,Month-to-month,Yes,Mailed check,42.62,2282.88,No
5250-DJZBW,Male,1,No,No,31,Yes,Yes,Fiber optic,No,No,Yes,No,Yes,No,Two year,Yes,Electronic check,100.91,3116.84,Yes
7096-TGYGN,Female,1,Yes,No,38,Yes,No,Fiber optic,No,No,Yes,Yes,Yes,No,Two year,No,Credit card (automatic),99.69,3793.08,No
1331-XSDRE,Female,1,No,No,56,Yes,Yes,Fiber optic,Yes,Yes,No,No,Yes,No,Two year,Yes,Electronic check,112.13,6282.92,No
4999-NYHAL,Female,0,No,No,43,Yes,Yes,Fiber optic,No,No,Yes,No,Yes,No,Two year,Yes,Electronic check,104.26,4488.75,No
9338-VBBUT,Female,0,No,No,55,Yes,Yes,Fiber optic,No,No,No,No,No,Yes,One year,Yes,Credit card (automatic),94.09,5191.98,No
6014-CGWDE,Female,0,No,Yes,32,Yes,Yes,Fiber optic,No,Yes,No,Yes,No,No,Month-to-month,No,Electronic check,96.71,3116.51,No
5069-TVQMK,Male,0,Yes,No,58,Yes,Yes,Fiber optic,No,No,No,No,No,Yes,One year,Yes,Credit card (automatic),98.41,5707.63,No
1393-GFBTJ,Female,0,Yes,Yes,12,Yes,No,DSL,Yes,Yes,No,No,No,No,Month-to-month,Yes,Electronic check,77.22,926.85,No
5585-EQDST,Male,0,Yes,No,50,Yes,No,DSL,No,No,Yes,No,No,Yes,Month-to-month,Yes,Electronic check,74.84,3720.96,Yes
3802-FUFEJ,Female,1,No,No,59,No,No phone service,Fiber optic,No,No,Yes,No,Yes,No,Month-to-month,Yes,Bank transfer (automatic),83.79,4948.06,No
9698-MGNJR,Female,0,Yes,Yes,30,Yes,Yes,Fiber optic,No,No,No,No,Yes,Yes,Month-to-month,Yes,Mailed check,104.41,3137.73,Yes
4949-QLMLK,Female,0,Yes,No,39,Yes,No,Fiber optic,No,No,No,No,No,Yes,Month-to-month,Yes,Electronic check,98.31,3800.86,Yes
9673-GVTNH,Male,0,No,No,44,Yes,No,Fiber optic,No,No,No,Yes,No,Yes,One year,Yes,Electronic check,108.36,4773.21,No
5353-WEQUR,Male,0,Yes,Yes,29,Yes,No,Fiber optic,No,No,Yes,Yes,No,No,Month-to-month,Yes,Electronic check,100.75,2944.66,No
2297-NEYJL,Female,0,No,Yes,35,Yes,No,Fiber optic,No,Yes,Yes,Yes,Yes,Yes,Month-to-month,Yes,Credit card (automatic),118.75,4169.28,Yes
8716-LEXRQ,Female,0,No,No,49,Yes,No,No,No internet service,No internet service,No internet service,No internet service,No internet service,No internet service,Two year,Yes,Electronic check,35.89,1753.32,No
1680-LMGPF,Female,0,Yes,No,54,Yes,No,Fiber optic,Yes,No,No,No,Yes,No,Two year,No,Credit card (automatic),106.27,5769.76,No
5238-VTGEA,Female,0,No,No,31,Yes,No,Fiber optic,No,No,No,No,Yes,Yes,Month-to-month,No,Bank transfer (automatic),107.11,3314.96,No
4109-ADZWP,Male,0,Yes,No,64,Yes,Yes,Fiber optic,No,No,No,Yes,No,Yes,Two year,No,Bank transfer (automatic),101.55,6496.68,Yes
7970-MQYBJ,Female,0,Yes,Yes,61,Yes,Yes,No,No internet service,No internet service,No internet service,No internet service,No internet service,No internet service,Month-to-month,Yes,Credit card (automatic),38.96,2369.69,No
2071-VVTQM,Male,0,No,No,53,Yes,Yes,Fiber optic,Yes,No,Yes,No,Yes,No,One year,No,Electronic check,115.62,6135.41,Yes
1211-UXZJE,Female,0,Yes,No,9,Yes,No,Fiber optic,No,Yes,No,No,Yes,No,Two year,Yes,Credit card (automatic),96.77,845.31,No
6885-ABVYK,Female,1,No,Yes,28,Yes,Yes,DSL,No,Yes,No,No,No,Yes,Month-to-month,No,Bank transfer (automatic),76.84,2147.32,Yes
5569-PDFHW,Female,0,No,Yes,2,No,No phone service,Fiber optic,Yes,No,Yes,No,Yes,No,Two year,No,Credit card (automatic),83.94,138.67,No
4942-TEYXM,Female,1,No,No,67,Yes,No,No,No internet service,No internet service,No internet service,No internet service,No internet service,No internet service,One year,No,Mailed check,37.47,2489.81,No
3029-ZVNGQ,Female,0,Yes,Yes,41,Yes,No,Fiber optic,No,No,No,No,Yes,Yes,Two year,No,Bank transfer (automatic),105.58,4312.53,No
4332-SVMBP,Female,0,Yes,Yes,24,Yes,No,Fiber optic,No,No,No,No,Yes,No,Month-to-month,Yes,Mailed check,89.66,2158.21,Yes
8727-FZJSS,Female,0,Yes,Yes,18,Yes,No,Fiber optic,No,No,No,No,No,No,Month-to-month,Yes,Electronic check,86.82,1541.73,Yes
2638-AYSRH,Female,0,Yes,No,49,Yes,No,DSL,Yes,No,No,No,No,No,One year,Yes,Electronic check,66.78,3281.61,No
1972-GPSHF,Male,0,Yes,Yes,8,Yes,No,DSL,No,Yes,Yes,Yes,No,No,Month-to-month,Yes,Bank transfer (automatic),81.34,693.31,No
3245-ZRZAL,Male,0,Yes,Yes,26,Yes,No,Fiber optic,No,No,No,No,No,No,Two year,No,Mailed check,86.53,2235.81,Yes
5116-KKBAU,Female,0,No,No,2,Yes,No,No,No internet service,No internet service,No internet service,No internet service,No internet service,No internet service,Month-to-month,Yes,Electronic check,41.31,90.46,No
4964-DJYMZ,Male,0,Yes,No,54,Yes,No,Fiber optic,No,No,Yes,Yes,No,Yes,Month-to-month,Yes,Credit card (automatic),109.44,5929.15,No
2453-CPSZM,Male,0,Yes,Yes,56,Yes,Yes,DSL,No,Yes,Yes,No,Yes,No,Month-to-month,No,Electronic check,82.53,4623.01,No
2801-NHECT,Female,0,No,Yes,54,Yes,No,DSL,Yes,No,Yes,No,No,Yes,One year,No,Credit card (automatic),79.01,4245.54,No
6784-DPXVL,Male,0,Yes,No,70,No,No phone service,Fiber optic,Yes,No,Yes,No,No,Yes,Month-to-month,Yes,Bank transfer (automatic),84.33,5909.52,No
1515-RNYPT,Male,1,Yes,No,35,Yes,No,No,No internet service,No internet service,No internet service,No internet service,No internet service,No internet service,Month-to-month,No,Credit card (automatic),40.24,1397.92,No
5755-NHKHM,Male,1,Yes,No,44,Yes,Yes,DSL,No,No,No,No,No,No,One year,Yes,Mailed check,61.81,2720.36,No
9562-JMYDG,Female,0,Yes,Yes,63,Yes,Yes,DSL,Yes,No,No,Yes,No,Yes,One year,No,Mailed check,79.59,5008.82,No
5438-KJUMJ,Female,0,Yes,No,56,Yes,No,DSL,Yes,Yes,Yes,No,Yes,No,Month-to-month,No,Electronic check,85.82,4803.08,No
5310-XZFAA,Male,1,Yes,Yes,33,Yes,Yes,No,No internet service,No internet service,No internet service,No internet service,No internet service,No internet service,Month-to-month,No,Credit card (automatic),34.2,1088.72,No
5008-RBNKY,Female,0,Yes,No,61,Yes,No,Fiber optic,Yes,Yes,Yes,No,Yes,Yes,One year,No,Mailed check,118.75,7221.83,Yes
6431-LQDMH,Male,0,Yes,Yes,56,Yes,Yes,DSL,Yes,Yes,Yes,No,No,Yes,Month-to-month,Yes,Bank transfer (automatic),87.34,4906.29,Yes
2628-KRPZG,Female,0,Yes,No,58,Yes,Yes,Fiber optic,No,No,Yes,Yes,No,Yes,One year,Yes,Electronic check,108.88,6292.32,No
7296-PWXSL,Male,0,No,No,35,Yes,No,Fiber optic,No,No,Yes,No,Yes,Yes,Month-to-month,No,Electronic check,109.13,3823.1,No
5800-RVFWV,Male,0,No,Yes,23,Yes,No,Fiber optic,No,Yes,No,No,Yes,Yes,One year,No,Credit card (automatic),101.98,2337.93,No
1793-GFPFH,Female,0,Yes,No,56,No,No phone service,No,No internet service,No internet service,No internet service,No internet service,No internet service,No internet service,Month-to-month,Yes,Mailed check,18.25,1027.37,No
2702-BMHNF,Female,0,No,Yes,0,Yes,No,No,No internet service,No internet service,No internet service,No internet service,No internet service,No internet service,Month-to-month,Yes,Mailed check,44.77, ,No
3577-XVGDZ,Female,0,No,No,64,Yes,No,Fiber optic,No,Yes,No,No,Yes,No,Month-to-month,Yes,Electronic check,100.8,6440.66,No
7127-MSFLK,Female,0,No,No,45,Yes,No,Fiber optic,No,No,Yes,No,No,No,Month-to-month,Yes,Credit card (automatic),90.44,4085.73,No
7487-EMWEC,Female,0,Yes,No,60,Yes,No,DSL,No,Yes,No,No,No,No,One year,Yes,Bank transfer (automatic),69.42,4186.65,No
8390-WLBNH,Male,0,Yes,No,69,Yes,No,DSL,No,Yes,No,No,No,Yes,Month-to-month,Yes,Mailed check,72.8,5025.88,No
6286-DVSRN,Male,0,Yes,No,53,Yes,Yes,No,No internet service,No internet service,No internet service,No internet service,No internet service,No internet service,Month-to-month,No,Credit card (automatic),43.01,2263.11,No
2981-YGJYA,Female,0,No,No,64,Yes,Yes,No,No internet service,No internet service,No internet service,No internet service,No internet service,No internet service,Two year,No,Bank transfer (automatic),36.32,2353.53,No
2125-UJPPV,Female,1,No,No,46,Yes,Yes,DSL,Yes,Yes,No,No,Yes,No,Month-to-month,No,Credit card (automatic),82.48,3779.26,Yes
6581-LPTKE,Female,0,No,No,0,Yes,Yes,DSL,Yes,Yes,Yes,No,No,No,One year,Yes,Electronic check,86.11, ,No
5376-ZCEZV,Female,0,Yes,No,27,Yes,No,Fiber optic,No,Yes,Yes,No,Yes,No,One year,No,Mailed check,116.76,3167.32,Yes
2053-FSUTW,Female,0,No,No,66,Yes,Yes,Fiber optic,No,Yes,Yes,No,Yes,No,Two year,Yes,Mailed check,104.33,6871.59,Yes
5560-XQMRL,Male,0,No,No,16,Yes,No,Fiber optic,No,Yes,Yes,No,No,No,Two year,Yes,Electronic check,94.64,1543.3,No
6456-WYPAQ,Female,1,No,No,0,Yes,No,DSL,No,No,No,Yes,No,Yes,Month-to-month,No,Bank transfer (automatic),80.13, ,Yes
3266-FXLUJ,Female,1,No,No,30,Yes,No,DSL,No,Yes,No,No,No,No,Two year,Yes,Bank transfer (automatic),76.88,2331.27,No
6460-RXEPK,Male,0,Yes,Yes,38,Yes,No,DSL,Yes,Yes,Yes,No,Yes,Yes,Month-to-month,No,Electronic check,89.75,3380.78,No
5174-WDPKX,Female,0,Yes,Yes,36,Yes,No,DSL,No,No,No,No,Yes,Yes,One year,Yes,Mailed check,79.4,2850.37,No
2947-FCLAN,Male,0,No,No,62,Yes,Yes,DSL,No,No,No,No,Yes,No,Month-to-month,No,Credit card (automatic),66.16,4073.42,Yes
3012-KQSBD,Male,0,Yes,No,12,Yes,No,Fiber optic,No,No,Yes,Yes,No,Yes,Month-to-month,Yes,Bank transfer (automatic),108.96,1290.33,No
3859-NXDBR,Male,0,No,No,30,Yes,Yes,No,No internet service,No internet service,No internet service,No internet service,No internet service,No internet service,Two year,Yes,Bank transfer (automatic),38.18,1178.07,No
9808-VPAPL,Male,0,No,No,43,Yes,No,DSL,No,Yes,No,No,No,Yes,Two year,Yes,Credit card (automatic),75.04,3227.86,No
5022-MPTEB,Male,0,No,No,49,Yes,No,Fiber optic,No,No,Yes,Yes,No,No,Month-to-month,No,Electronic check,103.58,5088.41,No
1462-KNULN,Female,0,Yes,Yes,61,Yes,No,DSL,No,No,Yes,Yes,Yes,No,Month-to-month,Yes,Bank transfer (automatic),82.57,5004.76,No
9789-TSJDY,Female,1,No,No,16,Yes,Yes,Fiber optic,No,Yes,No,No,Yes,No,Two year,Yes,Credit card (automatic),102.4,1624.19,No
5980-BMCZN,Male,0,Yes,Yes,64,Yes,Yes,DSL,No,Yes,Yes,No,No,No,One year,Yes,Credit card (automatic),81.58,5236.65,No
8063-MARRF,Male,0,No,No,70,Yes,No,DSL,No,No,No,No,No,No,Two year,No,Electronic check,61.22,4307.13,No
7447-FSTDH,Female,0,No,No,72,Yes,Yes,DSL,Yes,No,Yes,No,Yes,No,Month-to-month,No,Electronic check,79.26,5704.15,Yes
2469-TFRLB,Male,0,No,No,3,Yes,No,DSL,No,No,Yes,No,Yes,Yes,Month-to-month,Yes,Electronic check,92.44,278.42,Yes
8943-TGXTV,Female,1,No,No,26,Yes,No,DSL,Yes,Yes,Yes,No,No,Yes,Month-to-month,Yes,Mailed check,86.33,2235.97,No
2602-ABNUX,Male,0,No,No,46,Yes,No,DSL,No,Yes,Yes,No,Yes,Yes,Month-to-month,No,Electronic check,88.04,4054.06,No
9647-QRGAE,Male,0,No,No,21,Yes,Yes,DSL,No,No,No,No,No,Yes,Two year,Yes,Bank transfer (automatic),67.44,1411.72,No
1499-SNUDX,Male,0,Yes,Yes,2,Yes,Yes,DSL,No,Yes,No,No,Yes,No,Month-to-month,Yes,Electronic check,82.36,166.62,No
7475-XRJRQ,Male,0,No,No,19,Yes,Yes,No,No internet service,No internet service,No internet service,No internet service,No internet service,No internet service,Month-to-month,No,Bank transfer (automatic),44.56,859.47,No
2628-CRCCB,Female,0,No,No,3,Yes,No,Fiber optic,Yes,No,No,Yes,Yes,No,Month-to-month,Yes,Credit card (automatic),108.66,341.35,No
6598-YMDNM,Female,0,No,No,53,Yes,No,DSL,No,Yes,No,Yes,Yes,No,One year,Yes,Electronic check,81.33,4320.98,Yes
6339-LNHXN,Female,0,Yes,No,19,Yes,Yes,Fiber optic,No,No,No,Yes,No,Yes,Month-to-month,Yes,Electronic check,93.22,1799.72,Yes
3796-ASKFM,Male,1,Yes,No,48,No,No phone service,Fiber optic,Yes,No,Yes,No,Yes,Yes,Month-to-month,Yes,Electronic check,93.16,4479.15,No
5365-VPSRW,Male,0,Yes,No,1,Yes,No,Fiber optic,No,Yes,Yes,No,No,No,Two year,No,Credit card (automatic),95.86,124.5,No
1055-KTDLK,Male,0,Yes,No,57,No,No phone service,DSL,Yes,No,Yes,Yes,Yes,Yes,Two year,No,Bank transfer (automatic),78.1,4473.91,No
8249-ZCFUE,Female,0,No,No,15,Yes,No,Fiber optic,No,No,Yes,Yes,Yes,Yes,Two year,No,Electronic check,106.92,1600.83,No
5472-YZYDD,Male,1,No,No,17,Yes,No,DSL,No,No,No,No,No,Yes,Month-to-month,Yes,Mailed check,74.88,1288.55,Yes
2583-UELVM,Female,0,Yes,No,11,Yes,Yes,Fiber optic,No,No,No,Yes,No,No,Month-to-month,No,Credit card (automatic),94.99,1036.55,No
9464-MKZPE,Female,1,No,Yes,6,Yes,Yes,Fiber optic,No,Yes,No,No,No,No,One year,No,Bank transfer (automatic),93.33,552.24,No
6709-UWACR,Male,0,Yes,No,66,Yes,No,No,No internet service,No internet service,No internet service,No internet service,No internet service,No internet service,Month-to-month,Yes,Mailed check,42.61,2805.57,No
7676-RKUPY,Male,0,No,No,68,Yes,Yes,DSL,Yes,Yes,Yes,Yes,No,No,Two year,Yes,Electronic check,89.0,6042.94,No
4308-UDTTG,Male,0,Yes,No,3,Yes,Yes,DSL,No,No,No,Yes,No,No,Two year,No,Credit card (automatic),73.86,217.83,Yes
1554-ZBMAL,Male,0,Yes,No,19,Yes,Yes,Fiber optic,Yes,No,No,No,No,No,Month-to-month,No,Credit card (automatic),86.35,1655.1,No
8387-NFKCQ,Female,0,Yes,Yes,44,Yes,Yes,Fiber optic,No,No,No,No,No,Yes,Two year,No,Electronic check,96.71,4247.59,No
1036-JBFBY,Female,1,Yes,No,41,Yes,No,Fiber optic,Yes,No,No,No,No,No,Two year,No,Mailed check,96.78,3945.93,No
7947-YSMEZ,Female,0,No,No,48,Yes,No,No,No internet service,No internet service,No internet service,No internet service,No internet service,No internet service,One year,Yes,Electronic check,45.89,2165.47,No
9256-KFKKY,Male,0,No,No,66,Yes,Yes,Fiber optic,No,No,Yes,Yes,No,Yes,Month-to-month,Yes,Mailed check,109.96,7275.09,Yes
1601-RUUEK,Female,0,Yes,No,59,Yes,No,No,No internet service,No internet service,No internet service,No internet service,No internet service,No internet service,Month-to-month,Yes,Credit card (automatic),46.5,2739.34,No
4078-KCBAZ,Female,0,No,No,22,Yes,No,Fiber optic,Yes,No,No,No,No,No,Month-to-month,Yes,Electronic check,97.99,2143.74,No
4750-FVMJC,Female,0,No,No,26,Yes,No,No,No internet service,No internet service,No internet service,No internet service,No internet service,No internet service,Two year,Yes,Electronic check,40.71,1038.22,No
4473-RQKQU,Male,0,No,Yes,24,Yes,No,Fiber optic,No,No,No,No,No,No,Month-to-month,Yes,Mailed check,90.12,2182.11,Yes
9371-NFDDA,Male,1,Yes,Yes,13,Yes,Yes,DSL,No,Yes,No,No,Yes,No,Two year,Yes,Electronic check,81.95,1038.93,No
6022-FFTHV,Female,0,No,No,41,Yes,No,Fiber optic,No,Yes,No,No,No,Yes,One year,No,Electronic check,98.04,4015.73,No
2233-JBNCF,Male,0,No,No,8,Yes,No,DSL,No,Yes,No,No,No,No,Two year,Yes,Electronic check,75.41,619.12,No
7618-XPZUU,Male,0,No,No,8,Yes,Yes,DSL,No,No,Yes,No,No,Yes,Month-to-month,No,Mailed check,78.47,610.81,No
9914-CFLQZ,Male,0,Yes,Yes,10,Yes,Yes,No,No internet service,No internet service,No internet service,No internet service,No internet service,No internet service,One year,Yes,Electronic check,43.79,425.25,No
1891-FHSYY,Male,0,Yes,Yes,54,Yes,No,No,No internet service,No internet service,No internet service,No internet service,No internet service,No internet service,Month-to-month,No,Credit card (automatic),42.81,2302.94,No
7728-UKQEN,Female,0,Yes,Yes,38,Yes,No,DSL,Yes,No,Yes,No,Yes,Yes,One year,No,Credit card (automatic),87.18,3324.28,No
3633-YJKKX,Male,0,No,No,22,No,No phone service,Fiber optic,Yes,Yes,No,No,No,No,Month-to-month,No,Bank transfer (automatic),84.79,1869.25,No
9391-LZUWX,Female,1,No,No,43,Yes,No,No,No internet service,No internet service,No internet service,No internet service,No internet service,No internet service,Month-to-month,Yes,Electronic check,47.8,2071.7,No
3992-PGHMB,Female,1,No,No,52,Yes,No,DSL,Yes,Yes,No,No,No,Yes,One year,Yes,Electronic check,80.5,4194.29,No
2936-VDQUG,Male,0,No,No,57,Yes,No,No,No internet service,No internet service,No internet service,No internet service,No internet service,No internet service,Month-to-month,Yes,Bank transfer (automatic),41.61,2383.12,Yes
5124-XWYRX,Female,1,Yes,No,33,Yes,No,No,No internet service,No internet service,No internet service,No internet service,No internet service,No internet service,Two year,No,Bank transfer (automatic),37.12,1217.94,No
4585-QSZJW,Male,0,Yes,No,58,Yes,No,No,No internet service,No internet service,No internet service,No internet service,No internet service,No internet service,Month-to-month,Yes,Electronic check,38.99,2276.53,No
5583-CRZLP,Male,0,No,No,23,Yes,Yes,No,No internet service,No internet service,No internet service,No internet service,No internet service,No internet service,Month-to-month,Yes,Credit card (automatic),34.99,842.01,No
9344-YKURR,Female,1,Yes,Yes,61,Yes,Yes,Fiber optic,Yes,No,No,Yes,Yes,No,Month-to-month,Yes,Bank transfer (automatic),117.14,7147.35,No
7483-HHAWG,Male,1,No,No,14,Yes,No,No,No internet service,No internet service,No internet service,No internet service,No internet service,No internet service,Month-to-month,Yes,Electronic check,40.99,583.46,No
7067-SSWWA,Male,0,Yes,No,11,Yes,No,DSL,No,No,No,Yes,Yes,No,One year,No,Credit card (automatic),78.15,858.23,No
8560-ERSBG,Male,0,No,No,55,Yes,No,DSL,No,Yes,Yes,No,Yes,Yes,Month-to-month,Yes,Bank transfer (automatic),92.3,5089.79,No
9190-DFBER,Female,0,Yes,No,54,Yes,No,Fiber optic,Yes,No,No,No,No,Yes,Two year,No,Credit card (automatic),101.03,5452.98,No
8570-QGWJH,Male,0,No,No,64,Yes,No,DSL,No,No,No,No,No,No,Two year,Yes,Credit card (automatic),61.16,3882.3,No
5549-DJVQZ,Male,0,No,No,5,Yes,No,Fiber optic,No,Yes,Yes,No,Yes,Yes,Two year,No,Electronic check,118.75,610.57,Yes
7980-JUWRU,Male,0,Yes,No,65,Yes,No,Fiber optic,No,Yes,No,No,Yes,Yes,One year,No,Mailed check,111.88,7276.13,No
5529-XFLGC,Female,0,Yes,No,64,Yes,No,Fiber optic,No,No,No,Yes,No,Yes,Month-to-month,Yes,Electronic check,97.04,6220.32,No
6543-CFUFW,Female,0,No,No,40,Yes,No,DSL,No,No,No,No,No,Yes,Month-to-month,Yes,Mailed check,76.01,3040.61,No
1442-LBBUB,Female,0,No,No,38,Yes,No,No,No internet service,No internet service,No internet service,No internet service,No internet service,No internet service,One year,Yes,Electronic check,42.17,1613.99,No
9029-QMYKK,Male,0,Yes,Yes,11,Yes,No,Fiber optic,Yes,No,No,Yes,Yes,Yes,One year,No,Mailed check,118.75,1292.84,No
4689-RWPGX,Male,0,No,No,46,Yes,No,DSL,No,No,Yes,No,No,Yes,One year,Yes,Credit card (automatic),79.06,3653.55,No
6389-VLEYS,Female,0,Yes,No,56,Yes,No,Fiber optic,No,Yes,No,No,Yes,Yes,Month-to-month,Yes,Electronic check,110.97,6214.72,No
3769-WAYPQ,Female,0,Yes,No,45,Yes,Yes,Fiber optic,Yes,Yes,Yes,No,No,No,One year,Yes,Mailed check,106.67,4776.46,Yes
1120-ETPDR,Male,0,No,No,16,Yes,Yes,Fiber optic,No,Yes,No,Yes,No,Yes,One year,No,Credit card (automatic),108.15,1713.04,No
7717-GSZMF,Male,0,No,No,40,Yes,No,Fiber optic,No,No,No,No,Yes,No,Month-to-month,No,Mailed check,96.02,3842.48,Yes
9656-XLLWA,Female,1,Yes,Yes,11,Yes,No,DSL,No,No,No,Yes,No,No,One year,Yes,Electronic check,73.29,811.54,No
3810-PRRJW,Female,0,Yes,No,38,Yes,No,No,No internet service,No internet service,No internet service,No internet service,No internet service,No internet service,Month-to-month,Yes,Mailed check,36.35,1397.16,No
6846-NYCTY,Male,0,Yes,No,64,Yes,Yes,Fiber optic,No,No,No,No,No,No,Month-to-month,No,Electronic check,95.96,6146.43,Yes
6955-PJGPX,Male,0,No,No,67,Yes,No,No,No internet service,No internet service,No internet service,No internet service,No internet service,No internet service,Month-to-month,No,Mailed check,35.95,2423.72,No
5159-CMCYN,Male,0,No,No,52,Yes,Yes,Fiber optic,No,No,No,Yes,No,Yes,Two year,No,Mailed check,102.63,5356.42,No
2924-QNNQY,Male,0,No,No,25,No,No phone service,Fiber optic,No,Yes,Yes,No,No,No,Two year,No,Electronic check,84.92,2107.19,No
8703-GFZRA,Female,0,Yes,Yes,25,Yes,Yes,Fiber optic,Yes,Yes,No,No,No,No,Month-to-month,No,Electronic check,102.1,2524.16,Yes
5765-CAEGB,Female,0,Yes,No,56,Yes,Yes,Fiber optic,No,No,No,No,No,No,Two year,No,Electronic check,88.58,4943.44,No
8518-LPWWV,Male,1,No,No,1,Yes,No,No,No internet service,No internet service,No internet service,No internet service,No internet service,No internet service,Two year,Yes,Credit card (automatic),30.59,39.41,No
2766-TZAWW,Female,0,Yes,Yes,26,Yes,No,DSL,No,Yes,No,No,Yes,Yes,Two year,No,Electronic check,83.01,2159.65,Yes
8571-KETQT,Female,0,Yes,Yes,40,Yes,No,No,No internet service,No internet service,No internet service,No internet service,No internet service,No internet service,Two year,No,Credit card (automatic),35.27,1374.41,No
3303-EXNWY,Female,0,Yes,Yes,3,Yes,No,No,No internet service,No internet service,No internet service,No internet service,No internet service,No internet service,One year,Yes,Credit card (automatic),40.67,126.86,No
5133-GXTRY,Female,0,No,No,58,Yes,No,Fiber optic,No,Yes,No,No,Yes,Yes,Month-to-month,Yes,Bank transfer (automatic),99.04,5752.31,No
3216-JAKLL,Female,0,No,No,27,Yes,No,Fiber optic,No,Yes,No,No,Yes,Yes,Month-to-month,No,Credit card (automatic),116.21,3129.73,Yes
2357-VMLWM,Female,0,No,No,60,Yes,Yes,Fiber optic,Yes,Yes,Yes,No,No,Yes,Month-to-month,No,Mailed check,116.26,6984.97,No
9028-FWZUX,Female,1,Yes,Yes,11,No,No phone service,Fiber optic,Yes,Yes,No,No,No,Yes,Month-to-month,Yes,Electronic check,90.56,995.84,Yes
7660-QUZQS,Female,0,No,No,2,No,No phone service,No,No internet service,No internet service,No internet service,No internet service,No internet service,No internet service,Month-to-month,Yes,Electronic check,22.14,26.83,Yes
1712-ZUDGF,Male,0,No,No,32,Yes,No,Fiber optic,Yes,No,No,Yes,No,No,Month-to-month,Yes,Credit card (automatic),101.17,3201.95,No
3876-XMLUJ,Male,0,Yes,Yes,70,No,No phone service,No,No internet service,No internet service,No internet service,No internet service,No internet service,No internet service,Month-to-month,No,Credit card (automatic),18.71,1291.84,No
8971-UGRMJ,Female,0,No,No,5,No,No phone service,DSL,No,No,No,Yes,Yes,No,Month-to-month,Yes,Credit card (automatic),61.52,305.4,No
9155-KCKND,Male,1,No,No,9,Yes,Yes,Fiber optic,Yes,No,Yes,No,No,No,Month-to-month,Yes,Mailed check,106.86,958.94,Yes
7683-FCNDU,Male,0,Yes,No,57,Yes,No,Fiber optic,Yes,Yes,No,Yes,No,Yes,One year,Yes,Electronic check,102.0,5803.71,No
1615-LBKYR,Female,0,No,No,8,Yes,Yes,DSL,No,Yes,No,No,No,Yes,One year,Yes,Electronic check,81.64,650.5,No
5815-DHKPE,Female,0,No,No,43,Yes,No,DSL,No,No,No,No,No,Yes,One year,Yes,Credit card (automatic),71.0,3061.94,No
9998-RHCQL,Male,0,No,No,3,Yes,Yes,No,No internet service,No internet service,No internet service,No internet service,No internet service,No internet service,Month-to-month,Yes,Electronic check,39.67,108.29,No
7064-QRWNT,Male,0,No,Yes,2,Yes,No,No,No internet service,No internet service,No internet service,No internet service,No internet service,No internet service,One year,No,Bank transfer (automatic),50.01,115.68,No
4230-YKSZJ,Female,0,No,No,28,Yes,Yes,No,No internet service,No internet service,No internet service,No internet service,No internet service,No internet service,Month-to-month,No,Credit card (automatic),38.7,1079.85,No
1914-FFBPG,Male,1,No,No,47,Yes,No,DSL,No,No,Yes,Yes,Yes,No,Month-to-month,Yes,Credit card (automatic),77.11,3632.78,No
1873-DGJZS,Male,0,Yes,Yes,43,Yes,No,DSL,Yes,Yes,Yes,No,No,No,Month-to-month,No,Mailed check,81.8,3528.88,No
7431-SVHCN,Male,0,No,No,69,Yes,No,DSL,No,No,No,Yes,No,Yes,Two year,No,Mailed check,78.9,5455.87,No
1011-FUNSN,Female,0,No,No,3,No,No phone service,Fiber optic,No,Yes,No,Yes,No,Yes,Month-to-month,Yes,Bank transfer (automatic),91.28,291.46,No
5883-HFGVZ,Male,0,No,No,4,Yes,No,DSL,Yes,No,No,No,No,No,Two year,Yes,Mailed check,72.96,272.43,No
1736-NMPFA,Male,0,No,No,56,Yes,No,Fiber optic,No,No,No,No,Yes,No,Month-to-month,No,Electronic check,95.21,5315.55,No
2829-EBJSZ,Male,0,No,No,26,Yes,Yes,DSL,Yes,No,No,Yes,No,No,Month-to-month,Yes,Electronic check,82.6,2150.97,No
6914-EJHFZ,Male,1,No,No,15,Yes,Yes,Fiber optic,No,Yes,No,Yes,Yes,Yes,One year,Yes,Electronic check,111.13,1658.6,Yes
6900-MLHLR,Female,0,No,No,65,Yes,Yes,DSL,No,No,No,No,No,No,Month-to-month,Yes,Electronic check,65.48,4258.4,No
9352-MEYHB,Female,0,Yes,No,23,Yes,No,No,No internet service,No internet service,No internet service,No internet service,No internet service,No internet service,Two year,No,Electronic check,45.32,1051.22,No
5896-UGGGV,Male,0,Yes,No,2,Yes,No,DSL,No,No,Yes,Yes,No,No,One year,Yes,Credit card (automatic),75.12,157.98,Yes
9615-WFWHW,Female,0,No,No,1,Yes,No,DSL,No,Yes,No,Yes,No,No,One year,Yes,Bank transfer (automatic),71.77,44.23,Yes
9921-TYDRB,Female,0,No,No,67,Yes,No,DSL,No,Yes,Yes,Yes,No,No,Two year,Yes,Credit card (automatic),80.69,5393.28,No
6869-JZMUH,Male,0,No,No,11,Yes,Yes,DSL,Yes,No,No,No,Yes,Yes,Month-to-month,Yes,Bank transfer (automatic),82.77,914.53,Yes
1673-TFTMZ,Female,0,No,No,72,Yes,No,Fiber optic,No,No,No,No,No,Yes,Month-to-month,No,Bank transfer (automatic),96.5,6930.87,No
4173-KTUDT,Male,0,No,No,14,Yes,Yes,Fiber optic,No,No,No,No,Yes,Yes,Month-to-month,No,Mailed check,103.43,1464.86,Yes
5422-ZRUJG,Male,1,No,No,28,Yes,Yes,Fiber optic,No,Yes,No,No,Yes,No,One year,No,Bank transfer (automatic),112.52,3160.84,No
8064-APZZT,Female,0,No,No,4,No,No phone service,Fiber optic,No,No,No,No,No,No,Two year,Yes,Electronic check,61.15,258.16,Yes
5475-VAVET,Female,0,No,No,33,Yes,Yes,Fiber optic,No,Yes,No,No,No,No,Month-to-month,Yes,Bank transfer (automatic),90.03,2979.3,No
4131-UQYUX,Male,1,No,No,70,Yes,No,Fiber optic,No,No,No,No,No,No,Month-to-month,Yes,Bank transfer (automatic),89.57,6262.0,No
2360-KLAAA,Female,0,Yes,Yes,72,Yes,No,Fiber optic,No,No,Yes,Yes,Yes,Yes,Two year,No,Mailed check,104.02,7491.81,No
7904-LUWAW,Female,0,No,No,27,No,No phone service,DSL,No,Yes,No,No,No,No,Two year,No,Bank transfer (automatic),49.65,1378.46,No
3030-KZHYN,Male,0,Yes,No,4,Yes,No,DSL,Yes,No,No,No,No,Yes,Month-to-month,No,Credit card (automatic),67.81,273.58,Yes
1120-VBRMD,Female,0,No,No,50,No,No phone service,DSL,No,Yes,No,No,Yes,Yes,Month-to-month,No,Mailed check,62.86,3129.56,No
5630-JCPBN,Female,0,Yes,No,23,No,No phone service,DSL,Yes,No,No,No,No,Yes,Month-to-month,Yes,Electronic check,53.41,1224.4,Yes
3033-VYYYC,Male,0,No,No,63,No,No phone service,Fiber optic,No,No,No,No,No,Yes,Month-to-month,Yes,Electronic check,78.62,4961.89,No
5587-FCKLH,Male,0,Yes,Yes,4,Yes,No,No,No internet service,No internet service,No internet service,No internet service,No internet service,No internet service,Month-to-month,No,Credit card (automatic),38.63,157.29,No
2027-KDALB,Male,0,No,No,7,Yes,No,DSL,No,No,No,No,Yes,No,One year,Yes,Credit card (automatic),76.83,542.54,No
9692-WYCMV,Female,0,No,Yes,54,Yes,No,No,No internet service,No internet service,No internet service,No internet service,No internet service,No internet service,Month-to-month,Yes,Credit card (automatic),43.63,2346.4,No
6179-HVHZC,Male,0,Yes,No,47,Yes,No,Fiber optic,No,Yes,No,Yes,No,No,Two year,No,Bank transfer (automatic),103.03,4838.68,No
7353-AXJAW,Male,0,Yes,No,47,Yes,No,DSL,No,No,Yes,No,No,No,Month-to-month,Yes,Credit card (automatic),75.26,3563.82,No
9706-YMBFA,Male,0,No,No,39,No,No phone service,Fiber optic,No,No,No,No,No,Yes,One year,Yes,Bank transfer (automatic),71.94,2808.65,No
1398-DPUQE,Male,0,Yes,No,63,Yes,No,Fiber optic,Yes,Yes,No,No,No,Yes,Month-to-month,Yes,Electronic check,103.0,6477.62,No
6415-FMXDW,Female,0,No,No,49,Yes,Yes,Fiber optic,No,No,Yes,No,No,Yes,Month-to-month,Yes,Electronic check,96.25,4740.77,No
3438-SGDLK,Female,0,No,No,13,Yes,No,DSL,No,No,No,No,Yes,No,Month-to-month,Yes,Credit card (automatic),65.7,858.87,Yes
5566-FZSWU,Male,0,No,No,58,Yes,No,DSL,No,Yes,Yes,No,No,No,One year,No,Credit card (automatic),80.41,4643.94,No
7516-DQXCM,Female,0,Yes,No,39,Yes,Yes,No,No internet service,No internet service,No internet service,No internet service,No internet service,No internet service,One year,Yes,Electronic check,41.69,1640.02,No
2658-VYBVJ,Female,0,No,Yes,13,Yes,No,Fiber optic,No,Yes,No,No,No,Yes,One year,Yes,Electronic check,99.21,1289.94,No
9674-AETUB,Female,0,No,No,52,Yes,No,Fiber optic,No,Yes,No,Yes,Yes,Yes,Month-to-month,Yes,Credit card (automatic),110.76,5761.3,Yes
2440-JAUST,Female,0,Yes,Yes,49,Yes,Yes,Fiber optic,No,No,Yes,No,No,No,One year,No,Bank transfer (automatic),90.84,4444.34,No
5226-RPSLR,Male,0,No,No,20,Yes,No,Fiber optic,No,No,Yes,No,No,No,Two year,No,Bank transfer (automatic),90.44,1808.06,No
6807-RWJXA,Male,0,Yes,No,13,Yes,No,Fiber optic,Yes,No,No,No,No,No,Month-to-month,No,Electronic check,90.12,1121.99,Yes
5375-LWBFM,Female,0,No,No,64,Yes,Yes,No,No internet service,No internet service,No internet service,No internet service,No internet service,No internet service,Month-to-month,Yes,Mailed check,47.51,3018.75,No
8338-MREYU,Female,0,Yes,No,62,Yes,No,DSL,No,No,No,Yes,No,No,Month-to-month,No,Mailed check,69.88,4351.33,No
1386-SDPTY,Male,0,Yes,No,14,Yes,Yes,DSL,Yes,Yes,No,Yes,Yes,No,Two year,Yes,Electronic check,91.54,1280.13,No
1634-GSGTE,Male,0,Yes,Yes,50,Yes,No,DSL,No,No,No,No,Yes,No,Two year,Yes,Electronic check,72.77,3642.84,No
2472-PSEWW,Male,0,No,No,8,Yes,Yes,DSL,No,Yes,Yes,No,Yes,No,One year,Yes,Credit card (automatic),84.18,671.03,Yes
1730-HPMGN,Male,0,No,No,66,Yes,No,No,No internet service,No internet service,No internet service,No internet service,No internet service,No internet service,Month-to-month,Yes,Electronic check,38.99,2572.8,No
9664-HFTPS,Female,0,Yes,Yes,20,Yes,No,Fiber optic,No,No,No,No,No,Yes,One year,Yes,Bank transfer (automatic),103.62,2052.49,Yes
6816-UTQLM,Female,0,Yes,No,12,Yes,No,Fiber optic,No,Yes,Yes,No,No,No,Month-to-month,Yes,Mailed check,98.93,1204.91,Yes
3388-LQTUK,Male,0,No,No,58,Yes,Yes,DSL,No,Yes,No,Yes,Yes,Yes,Month-to-month,Yes,Mailed check,88.57,5168.42,No
7595-LJDGS,Male,0,Yes,Yes,70,Yes,No,Fiber optic,No,No,No,No,No,No,Month-to-month,Yes,Credit card (automatic),89.62,6259.92,No
2947-BGZDD,Male,0,No,No,52,Yes,Yes,Fiber optic,No,No,No,No,No,No,Two year,No,Bank transfer (automatic),94.13,4886.57,No
4628-KYFLG,Male,0,No,No,65,Yes,Yes,DSL,No,No,Yes,No,No,No,One year,No,Bank transfer (automatic),67.28,4359.53,No
3248-HGTUE,Male,0,No,No,65,Yes,No,DSL,Yes,Yes,No,No,No,No,Month-to-month,No,Mailed check,80.16,5182.35,No
5462-GWCKH,Male,0,No,No,21,No,No phone service,DSL,Yes,Yes,No,No,No,Yes,Month-to-month,No,Credit card (automatic),60.82,1308.38,Yes
4270-YNKVU,Female,0,No,No,45,Yes,Yes,No,No internet service,No internet service,No internet service,No internet service,No internet service,No internet service,Two year,Yes,Credit card (automatic),45.81,2057.94,No
2303-MKLJV,Male,0,Yes,No,50,Yes,Yes,Fiber optic,No,Yes,No,No,No,No,One year,No,Bank transfer (automatic),90.96,4550.14,No
9962-AWWJM,Male,1,Yes,No,67,Yes,Yes,Fiber optic,Yes,No,Yes,No,No,No,Month-to-month,Yes,Mailed check,99.04,6620.03,Yes
1918-JFXCJ,Female,1,Yes,Yes,39,Yes,Yes,DSL,No,No,Yes,No,Yes,No,Two year,No,Credit card (automatic),78.2,3047.81,No
5327-ZVYHG,Male,0,Yes,Yes,39,Yes,No,DSL,No,Yes,No,Yes,No,No,One year,Yes,Electronic check,88.13,3450.03,No
6141-JAVCE,Female,0,No,No,59,Yes,No,DSL,No,No,No,No,No,No,Month-to-month,Yes,Credit card (automatic),68.23,4028.11,No
9488-TRDGE,Male,0,No,No,67,Yes,Yes,No,No internet service,No internet service,No internet service,No internet service,No internet service,No internet service,One year,No,Electronic check,42.33,2831.35,No
6771-NJTUT,Female,0,No,No,4,Yes,Yes,DSL,No,No,Yes,No,No,No,One year,No,Mailed check,66.96,280.32,No
1951-QFGZK,Female,0,No,Yes,63,Yes,Yes,DSL,No,Yes,Yes,No,Yes,No,Month-to-month,Yes,Electronic check,80.52,5067.35,No
8087-FZGEH,Female,0,Yes,Yes,28,Yes,Yes,Fiber optic,No,Yes,No,No,No,No,Month-to-month,No,Mailed check,99.9,2795.41,Yes
2560-QDESB,Female,0,No,No,34,No,No phone service,Fiber optic,Yes,Yes,Yes,No,Yes,Yes,One year,Yes,Electronic check,99.43,3367.57,Yes
4963-SLADZ,Female,0,No,Yes,31,Yes,Yes,No,No internet service,No internet service,No internet service,No internet service,No internet service,No internet service,Month-to-month,Yes,Electronic check,34.29,1060.08,No
7948-JWABX,Female,0,No,No,0,Yes,Yes,No,No internet service,No internet service,No internet service,No internet service,No internet service,No internet service,Two year,Yes,Mailed check,45.15, ,No
7067-QJVQL,Male,0,Yes,No,41,Yes,Yes,No,No internet service,No internet service,No internet service,No internet service,No internet service,No internet service,Two year,No,Credit card (automatic),40.65,1687.81,No
4424-JPRVK,Female,1,No,No,71,Yes,Yes,Fiber optic,Yes,No,Yes,No,No,No,One year,Yes,Electronic check,103.5,7332.98,No
3284-PQGBH,Female,0,Yes,Yes,52,Yes,Yes,DSL,No,No,Yes,No,No,No,One year,No,Mailed check,74.21,3861.58,No
1635-BZUAJ,Male,0,Yes,No,36,Yes,No,Fiber optic,No,Yes,No,Yes,Yes,Yes,One year,No,Electronic check,118.75,4256.01,No
3291-ZLGRM,Male,0,No,No,1,Yes,No,DSL,No,Yes,No,No,No,Yes,Month-to-month,No,Mailed check,80.94,63.04,Yes
2685-HDSZV,Female,0,Yes,Yes,54,Yes,No,Fiber optic,No,Yes,No,Yes,No,No,Month-to-month,No,Electronic check,103.0,5565.35,Yes
4377-MBJAT,Male,0,Yes,No,48,Yes,Yes,No,No internet service,No internet service,No internet service,No internet service,No internet service,No internet service,One year,No,Electronic check,43.18,2067.54,No
9182-ESQLT,Male,0,No,No,33,Yes,Yes,Fiber optic,No,Yes,Yes,No,No,Yes,Month-to-month,Yes,Bank transfer (automatic),99.35,3253.09,No
7117-GVRHT,Female,1,Yes,No,26,No,No phone service,Fiber optic,No,No,No,No,No,Yes,Two year,No,Electronic check,74.97,1953.81,No
6765-CDHBK,Female,1,Yes,No,26,Yes,Yes,No,No internet service,No internet service,No internet service,No internet service,No internet service,No internet service,Month-to-month,Yes,Mailed check,42.65,1127.22,No
5153-UEPRL,Female,0,No,No,15,Yes,Yes,DSL,No,Yes,Yes,No,No,No,One year,Yes,Electronic check,74.58,1101.43,Yes
9165-HKAKA,Female,0,No,No,26,Yes,No,DSL,No,No,Yes,No,No,No,Two year,Yes,Bank transfer (automatic),74.73,1931.61,No
9853-FVCGC,Female,0,No,No,11,Yes,Yes,Fiber optic,Yes,No,Yes,No,No,No,One year,No,Electronic check,109.18,1211.8,No
4318-QLQVB,Female,1,No,No,25,Yes,No,Fiber optic,No,No,No,Yes,Yes,No,Month-to-month,Yes,Bank transfer (automatic),101.41,2537.45,Yes
4818-QNDEK,Male,0,Yes,Yes,68,Yes,Yes,Fiber optic,Yes,No,No,Yes,Yes,Yes,One year,No,Electronic check,110.34,7491.49,No
6861-ZJNHA,Male,0,Yes,Yes,42,Yes,No,DSL,Yes,No,Yes,Yes,No,No,Two year,Yes,Bank transfer (automatic),82.55,3476.06,No
4584-JDSGF,Female,0,Yes,No,42,Yes,No,No,No internet service,No internet service,No internet service,No internet service,No internet service,No internet service,Month-to-month,No,Electronic check,39.42,1651.46,No
4502-ZRLVA,Male,0,No,No,58,Yes,No,Fiber optic,No,Yes,No,No,No,No,One year,No,Electronic check,97.02,5635.48,No
4030-NMSSL,Male,0,Yes,Yes,64,Yes,No,Fiber optic,Yes,No,No,No,No,No,Month-to-month,No,Bank transfer (automatic),95.29,6125.97,No
9365-YMXRD,Female,0,No,No,41,Yes,No,DSL,Yes,Yes,Yes,No,Yes,No,Month-to-month,Yes,Bank transfer (automatic),93.12,3839.56,Yes
2076-BFHBQ,Male,0,No,No,26,Yes,Yes,Fiber optic,No,No,No,Yes,No,No,Month-to-month,No,Electronic check,89.88,2327.85,No
4700-QNGQY,Male,0,Yes,No,38,Yes,No,Fiber optic,Yes,No,Yes,No,Yes,No,Month-to-month,Yes,Mailed check,110.51,4193.91,Yes
3850-HNVNV,Female,0,No,No,63,Yes,Yes,Fiber optic,No,Yes,No,Yes,No,Yes,One year,Yes,Electronic check,112.72,7096.88,No
1666-CKFAF,Male,0,No,No,22,Yes,No,DSL,Yes,No,Yes,No,Yes,No,One year,Yes,Electronic check,80.48,1780.84,No
3439-YUJYW,Male,0,No,No,71,Yes,No,Fiber optic,No,No,No,No,Yes,Yes,Month-to-month,Yes,Mailed check,103.71,7365.06,No
3255-MYLJX,Female,0,No,No,33,Yes,Yes,DSL,Yes,Yes,Yes,No,Yes,No,Month-to-month,No,Credit card (automatic),92.85,3070.0,No
6943-LWTJL,Female,0,Yes,No,53,No,No phone service,DSL,No,Yes,No,Yes,No,Yes,One year,Yes,Mailed check,58.1,3066.38,No
1426-CYBWE,Male,1,No,No,13,No,No phone service,No,No internet service,No internet service,No internet service,No internet service,No internet service,No internet service,Month-to-month,Yes,Mailed check,19.42,252.0,No
5873-TZJYL,Female,0,Yes,No,71,Yes,No,Fiber optic,No,No,Yes,No,No,No,One year,Yes,Mailed check,101.15,7161.27,No
8803-CGQSV,Male,1,No,No,54,No,No phone service,Fiber optic,Yes,No,Yes,No,Yes,No,One year,Yes,Bank transfer (automatic),86.44,4670.52,No
4220-QQZCA,Female,1,No,No,65,Yes,No,Fiber optic,No,No,Yes,No,No,No,Month-to-month,No,Electronic check,98.2,6371.01,No
6174-AENGG,Female,0,No,No,57,Yes,Yes,No,No internet service,No internet service,No internet service,No internet service,No internet service,No internet service,Two year,Yes,Mailed check,35.59,2011.63,No
4116-SJVDC,Male,1,Yes,Yes,31,No,No phone service,DSL,No,Yes,No,No,No,No,Month-to-month,No,Electronic check,50.8,1575.74,No
2498-YGAHS,Female,0,Yes,Yes,17,No,No phone service,No,No internet service,No internet service,No internet service,No internet service,No internet service,No internet service,Two year,Yes,Bank transfer (automatic),20.53,350.73,No
4257-KCSFC,Male,0,No,Yes,58,Yes,No,Fiber optic,Yes,No,No,No,No,No,Month-to-month,Yes,Credit card (automatic),100.79,5838.09,No
7432-YQYKN,Male,0,Yes,No,41,Yes,No,DSL,No,Yes,Yes,Yes,No,No,Two year,Yes,Electronic check,84.92,3480.4,No
4214-NXRAP,Female,0,No,No,17,No,No phone service,Fiber optic,No,No,Yes,No,Yes,Yes,One year,Yes,Mailed check,83.93,1415.54,No
4394-PPQWW,Male,0,No,No,20,Yes,No,Fiber optic,No,No,No,No,Yes,Yes,Two year,Yes,Electronic check,101.88,2026.82,No
9742-QGEWX,Female,1,Yes,No,13,Yes,Yes,Fiber optic,No,No,No,Yes,Yes,Yes,One year,No,Mailed check,108.14,1394.45,Yes
1335-FSDBZ,Female,1,No,No,71,No,No phone service,Fiber optic,No,Yes,No,No,No,No,Two year,Yes,Mailed check,78.56,5583.12,No
1865-FZCVP,Male,0,Yes,No,51,Yes,No,No,No internet service,No internet service,No internet service,No internet service,No internet service,No internet service,Month-to-month,Yes,Bank transfer (automatic),36.72,1874.58,No
5858-VABEM,Male,1,No,No,21,Yes,Yes,No,No internet service,No internet service,No internet service,No internet service,No internet service,No internet service,One year,Yes,Mailed check,45.16,914.54,No
9659-BLLEJ,Male,0,Yes,Yes,15,Yes,Yes,DSL,No,Yes,Yes,No,No,Yes,Month-to-month,Yes,Mailed check,83.73,1276.41,No
2808-DNYKR,Female,0,Yes,Yes,63,No,No phone service,Fiber optic,No,No,No,No,Yes,No,One year,No,Electronic check,74.3,4648.41,No
7030-WVXVY,Male,0,Yes,No,52,Yes,Yes,Fiber optic,No,Yes,No,Yes,No,Yes,Month-to-month,Yes,Electronic check,106.68,5532.22,Yes
9693-TMHPV,Male,0,No,No,51,Yes,Yes,No,No internet service,No internet service,No internet service,No internet service,No internet service,No internet service,Two year,No,Credit card (automatic),38.88,1997.95,No
7781-NBGPK,Female,0,No,No,4,Yes,Yes,Fiber optic,No,No,No,Yes,No,No,Month-to-month,Yes,Credit card (automatic),88.45,347.55,Yes
5104-HBMLU,Female,0,No,No,70,Yes,Yes,DSL,Yes,No,Yes,No,No,Yes,Month-to-month,No,Electronic check,82.91,5813.51,No
2009-MWGHC,Male,0,No,No,32,Yes,No,DSL,No,Yes,Yes,No,No,No,Two year,Yes,Credit card (automatic),71.01,2280.01,No
6170-WMLTL,Male,0,No,No,52,No,No phone service,Fiber optic,Yes,No,Yes,No,No,No,Two year,No,Credit card (automatic),78.5,4070.82,No
4587-UGWGN,Female,1,No,No,13,Yes,Yes,No,No internet service,No internet service,No internet service,No internet service,No internet service,No internet service,Two year,Yes,Bank transfer (automatic),38.33,511.02,No
3251-RLFTY,Female,0,Yes,No,44,Yes,No,No,No internet service,No internet service,No internet service,No internet service,No internet service,No internet service,Month-to-month,Yes,Mailed check,37.93,1675.07,No
1252-PTTFC,Male,0,No,No,6,No,No phone service,Fiber optic,Yes,Yes,No,No,Yes,Yes,Two year,Yes,Electronic check,95.42,574.06,Yes
5621-RGJNL,Female,0,Yes,Yes,33,Yes,No,Fiber optic,No,No,No,No,Yes,No,Month-to-month,Yes,Credit card (automatic),88.43,2916.54,No
5351-SZVAJ,Male,0,No,Yes,17,Yes,No,Fiber optic,No,No,No,No,Yes,Yes,Two year,Yes,Mailed check,101.62,1762.22,Yes
1087-WRFWP,Female,0,No,No,34,Yes,No,Fiber optic,No,Yes,No,No,No,No,Month-to-month,Yes,Electronic check,96.83,3287.05,Yes
1462-DVGNX,Female,1,Yes,Yes,63,No,No phone service,Fiber optic,Yes,Yes,No,No,No,Yes,One year,Yes,Bank transfer (automatic),87.23,5509.19,No
3601-ACXQH,Male,0,No,No,0,No,No phone service,DSL,No,Yes,No,No,No,No,Month-to-month,No,Credit card (automatic),48.1, ,No
1707-SACQR,Female,0,Yes,No,33,Yes,Yes,Fiber optic,No,Yes,No,No,Yes,No,Month-to-month,Yes,Credit card (automatic),99.21,3291.39,No
6127-XGPHJ,Female,0,No,No,72,Yes,No,Fiber optic,No,No,Yes,No,Yes,No,One year,Yes,Credit card (automatic),109.55,7907.88,No
2355-VSTDC,Male,0,No,No,71,Yes,Yes,No,No internet service,No internet service,No internet service,No internet service,No internet service,No internet service,Month-to-month,No,Electronic check,40.34,2864.91,No
8038-RARZU,Male,1,Yes,No,41,Yes,No,Fiber optic,Yes,Yes,No,No,No,Yes,One year,Yes,Bank transfer (automatic),108.01,4428.84,No
3498-HUKTZ,Male,1,Yes,No,48,Yes,Yes,Fiber optic,No,Yes,No,Yes,No,Yes,Month-to-month,No,Credit card (automatic),109.46,5270.48,No
4648-PMNBZ,Male,1,No,No,42,Yes,Yes,DSL,Yes,Yes,No,Yes,Yes,No,Month-to-month,Yes,Credit card (automatic),79.42,3327.99,No
5866-FPKVU,Female,0,Yes,No,33,Yes,Yes,No,No internet service,No internet service,No internet service,No internet service,No internet service,No internet service,Month-to-month,Yes,Bank transfer (automatic),39.26,1284.53,No
4438-TAZNR,Male,0,No,No,13,Yes,Yes,DSL,No,Yes,No,No,No,No,Month-to-month,No,Mailed check,69.99,920.37,No
6805-HSKSC,Male,0,No,No,59,Yes,No,DSL,No,Yes,No,No,No,Yes,Month-to-month,Yes,Credit card (automatic),75.1,4416.41,No
2313-YTDFP,Female,0,Yes,Yes,31,No,No phone service,DSL,Yes,No,Yes,No,Yes,Yes,Two year,No,Mailed check,68.15,2108.3,No
1052-KHDHH,Male,0,Yes,No,63,Yes,No,DSL,No,Yes,No,No,Yes,No,Month-to-month,Yes,Electronic check,77.9,4906.83,No
1604-RGAAZ,Male,1,No,No,15,Yes,No,DSL,No,No,Yes,Yes,Yes,No,Month-to-month,Yes,Mailed check,78.52,1176.03,Yes
2064-XDCPW,Female,0,No,No,14,Yes,Yes,DSL,Yes,No,No,No,No,Yes,Month-to-month,Yes,Credit card (automatic),77.81,1090.29,Yes
1644-HUBEH,Female,1,No,No,15,Yes,No,No,No internet service,No internet service,No internet service,No internet service,No internet service,No internet service,Two year,Yes,Electronic check,39.76,608.13,No
8258-VTRAF,Male,0,Yes,No,47,Yes,No,Fiber optic,No,No,No,No,Yes,No,Month-to-month,Yes,Mailed check,99.36,4692.28,Yes
9294-TFSTT,Female,0,No,No,39,Yes,No,DSL,No,Yes,Yes,No,Yes,Yes,Two year,Yes,Credit card (automatic),91.43,3554.47,No
9819-NBVAR,Female,0,Yes,Yes,47,Yes,No,Fiber optic,No,Yes,No,No,No,Yes,One year,No,Mailed check,103.45,4866.22,No
8166-DVVRH,Female,0,Yes,No,17,Yes,Yes,Fiber optic,No,No,No,No,No,No,Month-to-month,Yes,Mailed check,88.56,1504.72,No
2817-SDSEJ,Male,0,Yes,No,26,Yes,No,Fiber optic,No,No,No,No,Yes,No,Two year,Yes,Bank transfer (automatic),98.6,2566.93,No
5558-DVSAW,Female,0,No,No,48,Yes,Yes,Fiber optic,No,No,No,No,Yes,No,One year,Yes,Bank transfer (automatic),100.64,4827.47,No
7450-WQRKF,Female,0,Yes,No,36,Yes,Yes,Fiber optic,Yes,Yes,No,No,Yes,No,Two year,Yes,Mailed check,108.83,3905.43,No
3118-HGUNK,Female,0,Yes,Yes,27,Yes,Yes,DSL,No,Yes,Yes,No,No,No,Month-to-month,Yes,Electronic check,77.47,2098.59,Yes
7526-TYHFA,Female,1,No,No,23,Yes,Yes,No,No internet service,No internet service,No internet service,No internet service,No internet service,No internet service,One year,No,Credit card (automatic),41.65,947.38,No
2438-QVQZR,Female,1,No,No,27,No,No phone service,No,No internet service,No internet service,No internet service,No internet service,No internet service,No internet service,One year,Yes,Electronic check,18.25,499.81,No
8942-GHVRM,Female,0,Yes,No,20,Yes,No,DSL,No,Yes,Yes,Yes,Yes,Yes,Month-to-month,Yes,Bank transfer (automatic),93.77,1888.46,Yes
9600-UHQKK,Male,0,No,No,51,Yes,Yes,Fiber optic,No,Yes,No,No,No,No,Two year,Yes,Bank transfer (automatic),96.98,4925.6,No
8244-SAPRN,Female,0,Yes,Yes,11,Yes,Yes,No,No internet service,No internet service,No internet service,No internet service,No internet service,No internet service,Two year,No,Electronic check,43.75,491.69,No
3699-RYCQX,Male,0,Yes,No,48,Yes,Yes,DSL,Yes,No,No,No,Yes,No,One year,No,Electronic check,80.25,3839.94,No
4604-JFFKU,Female,1,Yes,Yes,5,Yes,No,DSL,No,Yes,No,No,No,No,Two year,Yes,Mailed check,71.97,324.81,No
2635-FZZFL,Male,0,No,No,29,Yes,No,DSL,No,Yes,No,No,No,No,Month-to-month,Yes,Electronic check,72.23,2099.83,No
4631-HDBQB,Male,0,No,No,36,Yes,Yes,DSL,No,No,Yes,No,No,No,One year,No,Credit card (automatic),64.61,2325.09,No
6588-CDAKH,Female,0,Yes,No,67,No,No phone service,DSL,No,No,No,No,Yes,No,Month-to-month,Yes,Credit card (automatic),50.08,3360.66,No
3990-HYLVF,Male,0,Yes,No,48,Yes,Yes,Fiber optic,No,Yes,No,No,Yes,No,Two year,Yes,Credit card (automatic),103.18,4947.34,No
5348-BGBAE,Female,0,Yes,Yes,23,Yes,No,DSL,Yes,No,No,No,No,No,One year,Yes,Credit card (automatic),65.86,1490.16,No
2430-HTDQJ,Male,0,No,No,26,Yes,No,Fiber optic,Yes,Yes,No,Yes,No,No,Two year,Yes,Electronic check,107.13,2797.44,Yes
4624-YMGFE,Female,0,No,No,52,Yes,Yes,No,No internet service,No internet service,No internet service,No internet service,No internet service,No internet service,Month-to-month,Yes,Bank transfer (automatic),33.58,1739.42,No
8217-RGMNB,Female,1,Yes,No,63,Yes,Yes,No,No internet service,No internet service,No internet service,No internet service,No internet service,No internet service,Month-to-month,Yes,Mailed check,39.81,2525.23,No
9177-UNTCZ,Male,0,No,No,57,Yes,No,Fiber optic,Yes,No,Yes,No,Yes,No,Two year,Yes,Electronic check,103.59,5894.34,No
6762-YWQGS,Male,0,Yes,No,65,Yes,No,Fiber optic,No,No,Yes,No,Yes,No,Month-to-month,No,Mailed check,101.23,6596.63,No
5609-KTXEP,Male,0,Yes,Yes,15,Yes,Yes,DSL,No,Yes,Yes,Yes,No,No,Month-to-month,No,Electronic check,79.52,1175.87,No
8005-HJAHQ,Male,0,Yes,No,35,No,No phone service,Fiber optic,No,No,No,Yes,No,No,One year,Yes,Credit card (automatic),79.34,2768.34,No
9742-NGVEE,Female,0,Yes,Yes,34,Yes,No,No,No internet service,No internet service,No internet service,No internet service,No internet service,No internet service,Month-to-month,No,Credit card (automatic),32.42,1098.1,No
5690-VFATQ,Female,0,No,No,30,Yes,Yes,DSL,No,Yes,No,Yes,No,No,One year,Yes,Credit card (automatic),78.53,2354.3,No
7171-KCHML,Male,0,No,No,1,Yes,Yes,DSL,No,Yes,No,No,No,No,Two year,Yes,Electronic check,72.6,66.39,No
9000-FHEPV,Female,0,No,No,16,Yes,No,DSL,No,No,No,No,No,Yes,One year,No,Electronic check,70.81,1153.63,No
8947-FLTBT,Female,0,Yes,No,24,Yes,No,Fiber optic,Yes,Yes,No,No,Yes,No,Month-to-month,Yes,Electronic check,108.98,2618.61,Yes
2209-ACXSU,Male,0,Yes,Yes,29,Yes,No,Fiber optic,No,No,No,Yes,No,No,Month-to-month,Yes,Credit card (automatic),93.21,2710.33,No
7210-VMVBP,Male,0,Yes,No,19,Yes,Yes,No,No internet service,No internet service,No internet service,No internet service,No internet service,No internet service,Month-to-month,Yes,Bank transfer (automatic),41.35,794.98,No
7794-ZJETB,Male,0,Yes,Yes,25,Yes,Yes,Fiber optic,No,No,Yes,No,No,Yes,Month-to-month,Yes,Bank transfer (automatic),98.04,2465.52,Yes
7988-SSHCQ,Female,0,Yes,No,56,Yes,No,Fiber optic,No,No,Yes,No,No,No,Two year,Yes,Electronic check,97.09,5457.51,No
4264-KEJVX,Female,0,Yes,Yes,23,Yes,No,No,No internet service,No internet service,No internet service,No internet service,No internet service,No internet service,Month-to-month,Yes,Mailed check,47.73,1103.8,No
4140-DAEAS,Male,0,No,No,16,Yes,Yes,No,No internet service,No internet service,No internet service,No internet service,No internet service,No internet service,Two year,Yes,Mailed check,45.32,700.0,No
6783-UHVEF,Female,0,No,No,34,Yes,No,DSL,Yes,Yes,No,No,No,No,Month-to-month,Yes,Credit card (automatic),73.61,2510.63,No
9242-XQQSV,Male,0,Yes,Yes,1,Yes,No,Fiber optic,No,Yes,No,Yes,No,Yes,Two year,No,Bank transfer (automatic),108.83,85.85,No
3081-BEJFN,Female,0,No,No,16,Yes,Yes,Fiber optic,Yes,No,No,No,No,Yes,Month-to-month,Yes,Electronic check,103.56,1664.27,Yes
2242-PTCGN,Male,0,Yes,No,1,Yes,No,Fiber optic,Yes,No,No,No,No,Yes,Two year,Yes,Mailed check,106.55,89.99,No
1596-RUJAN,Male,0,No,No,4,Yes,Yes,No,No internet service,No internet service,No internet service,No internet service,No internet service,No internet service,Two year,No,Bank transfer (automatic),49.26,200.08,No
8819-HWWGQ,Female,0,No,No,55,Yes,Yes,Fiber optic,Yes,No,Yes,No,No,Yes,Month-to-month,Yes,Bank transfer (automatic),107.89,5929.01,No
1379-PXYER,Female,0,Yes,Yes,1,No,No phone service,DSL,No,Yes,No,No,No,Yes,Two year,No,Mailed check,53.69,68.6,No
1594-GWRKZ,Female,0,No,No,10,Yes,No,DSL,No,Yes,Yes,Yes,No,Yes,Month-to-month,Yes,Credit card (automatic),83.32,840.22,No
7826-ABRXD,Male,0,Yes,Yes,12,No,No phone service,Fiber optic,Yes,Yes,No,Yes,No,No,Month-to-month,Yes,Mailed check,87.03,1013.51,No
5844-VWRZY,Female,0,Yes,No,47,Yes,No,Fiber optic,No,No,Yes,No,No,No,Two year,Yes,Electronic check,89.54,4210.79,No
8505-SZACN,Male,0,No,No,24,Yes,No,Fiber optic,No,No,No,No,No,No,Month-to-month,No,Credit card (automatic),89.68,2172.06,Yes
7038-XSFXB,Male,0,No,No,14,Yes,No,No,No internet service,No internet service,No internet service,No internet service,No internet service,No internet service,Month-to-month,Yes,Credit card (automatic),33.13,465.71,No
1854-TZNDB,Male,0,Yes,Yes,53,Yes,No,Fiber optic,No,Yes,Yes,No,No,Yes,Month-to-month,No,Electronic check,99.22,5271.05,No
9815-GRHFS,Female,1,Yes,No,16,Yes,Yes,Fiber optic,No,Yes,No,No,Yes,Yes,Two year,Yes,Bank transfer (automatic),98.08,1569.09,No
7651-MNMQV,Male,0,Yes,Yes,68,Yes,No,DSL,No,Yes,No,Yes,No,Yes,Two year,Yes,Mailed check,87.23,5924.08,No
7398-GFSRJ,Male,0,Yes,Yes,58,Yes,No,Fiber optic,No,No,Yes,No,No,No,Month-to-month,Yes,Mailed check,93.71,5448.95,No
8546-LJPES,Female,0,Yes,Yes,64,Yes,Yes,Fiber optic,No,No,No,No,No,No,Month-to-month,No,Credit card (automatic),90.88,5808.96,Yes
9072-YLGMC,Male,0,Yes,Yes,49,Yes,No,Fiber optic,Yes,No,No,Yes,Yes,No,Month-to-month,Yes,Credit card (automatic),108.17,5300.34,Yes
7009-LCPTF,Female,1,No,No,20,Yes,Yes,Fiber optic,No,No,Yes,No,No,Yes,Two year,No,Electronic check,108.96,2147.6,No
4642-XTVLM,Female,0,No,No,47,Yes,Yes,Fiber optic,No,No,Yes,No,No,Yes,Month-to-month,No,Bank transfer (automatic),102.24,4805.11,No
5472-LDAVN,Female,1,No,No,55,Yes,Yes,Fiber optic,No,No,No,Yes,Yes,Yes,Month-to-month,No,Electronic check,108.21,5952.31,Yes
5792-QKXMN,Female,0,Yes,No,67,Yes,No,No,No internet service,No internet service,No internet service,No internet service,No internet service,No internet service,One year,No,Mailed check,47.7,3197.04,No
5781-DEEGD,Female,0,Yes,Yes,3,Yes,No,Fiber optic,No,No,No,Yes,No,Yes,Month-to-month,No,Credit card (automatic),101.54,302.79,No
3016-YJVKV,Male,0,No,No,63,Yes,No,No,No internet service,No internet service,No internet service,No internet service,No internet service,No internet service,Month-to-month,Yes,Electronic check,40.08,2518.39,No
7777-WGCHS,Male,0,No,No,59,Yes,Yes,Fiber optic,No,Yes,Yes,No,No,No,One year,Yes,Electronic check,106.68,6279.27,No
6887-SZFLM,Female,0,No,No,61,Yes,No,Fiber optic,Yes,No,No,No,No,No,One year,Yes,Credit card (automatic),94.46,5768.1,Yes
2343-RBXCC,Female,0,Yes,No,14,No,No phone service,Fiber optic,No,Yes,Yes,No,No,No,Month-to-month,Yes,Mailed check,78.25,1096.33,Yes
2562-XWYVY,Female,0,No,No,9,Yes,Yes,Fiber optic,No,No,No,No,Yes,No,Two year,No,Electronic check,98.66,889.59,Yes
5242-ALFFS,Female,0,No,No,48,Yes,No,Fiber optic,No,No,No,No,Yes,No,One year,Yes,Mailed check,98.02,4716.62,No
2501-HKBSU,Female,0,Yes,No,12,Yes,Yes,Fiber optic,Yes,No,Yes,Yes,No,No,Two year,Yes,Mailed check,110.89,1343.87,No
6025-AULGY,Female,1,No,No,13,Yes,No,Fiber optic,No,No,Yes,Yes,No,Yes,One year,No,Bank transfer (automatic),106.17,1358.72,No
8733-LLXEK,Male,0,Yes,No,71,Yes,Yes,DSL,No,Yes,Yes,No,No,Yes,Month-to-month,Yes,Mailed check,82.91,5891.9,Yes
6133-JHCGJ,Male,0,Yes,Yes,66,Yes,Yes,Fiber optic,No,No,No,No,No,Yes,One year,Yes,Electronic check,90.7,6001.07,No
8536-JDWJY,Male,0,No,No,42,Yes,No,Fiber optic,No,No,Yes,Yes,No,No,Month-to-month,Yes,Bank transfer (automatic),101.28,4259.03,Yes
1981-AYCAR,Female,1,No,Yes,47,Yes,Yes,Fiber optic,Yes,No,No,No,No,Yes,Month-to-month,No,Mailed check,104.3,4907.99,No
3855-MKHMG,Female,0,Yes,No,40,No,No phone service,No,No internet service,No internet service,No internet service,No internet service,No internet service,No internet service,Month-to-month,Yes,Electronic check,20.79,822.4,No
3022-FCNPA,Female,0,Yes,No,54,Yes,Yes,DSL,No,No,Yes,No,No,Yes,Two year,Yes,Credit card (automatic),76.27,4128.97,No
5135-TAHZL,Female,0,Yes,Yes,36,Yes,Yes,Fiber optic,Yes,No,Yes,No,No,No,One year,Yes,Credit card (automatic),110.7,3956.57,Yes
1149-NKFBX,Male,0,No,No,44,Yes,Yes,Fiber optic,No,Yes,No,No,No,No,One year,Yes,Credit card (automatic),93.06,4096.41,Yes
8314-SAWMM,Male,0,No,No,53,Yes,No,No,No internet service,No internet service,No internet service,No internet service,No internet service,No internet service,One year,No,Bank transfer (automatic),38.37,2013.29,No
8898-LFFYP,Female,0,No,No,57,Yes,No,Fiber optic,No,No,Yes,No,No,Yes,Month-to-month,Yes,Electronic check,100.99,5761.43,No
6209-QFLYD,Male,0,No,No,43,Yes,Yes,DSL,Yes,Yes,No,No,Yes,Yes,Month-to-month,No,Credit card (automatic),89.54,3836.46,No
9560-GHARH,Male,0,Yes,No,54,Yes,No,DSL,Yes,Yes,No,No,No,No,Month-to-month,Yes,Electronic check,80.72,4379.32,No
5134-PRYPE,Female,0,No,No,10,Yes,Yes,Fiber optic,No,Yes,No,No,No,No,Month-to-month,Yes,Bank transfer (automatic),97.76,974.14,Yes
7330-BWHTD,Male,0,Yes,Yes,3,Yes,Yes,Fiber optic,No,Yes,Yes,No,No,No,Two year,Yes,Credit card (automatic),104.62,305.61,No
4659-SQAAZ,Male,0,No,No,7,Yes,Yes,No,No internet service,No internet service,No internet service,No internet service,No internet service,No internet service,Month-to-month,Yes,Credit card (automatic),42.57,291.64,No
5759-WBMPY,Female,1,No,No,54,Yes,No,Fiber optic,No,Yes,No,No,No,Yes,One year,Yes,Mailed check,91.24,4949.4,No
7394-RHZHG,Male,1,Yes,No,22,Yes,Yes,Fiber optic,No,No,No,Yes,Yes,No,Month-to-month,No,Credit card (automatic),104.3,2298.46,No
7512-ZWEVJ,Female,0,Yes,Yes,57,Yes,No,Fiber optic,No,Yes,No,No,No,Yes,Month-to-month,Yes,Electronic check,113.55,6463.77,Yes
2997-YYJAF,Male,0,Yes,Yes,63,Yes,Yes,DSL,No,No,No,No,No,Yes,Month-to-month,No,Electronic check,75.4,4761.04,No
5870-BFDYJ,Female,1,Yes,Yes,51,No,No phone service,Fiber optic,No,No,Yes,Yes,No,Yes,Two year,No,Bank transfer (automatic),90.45,4619.71,No
4420-LAPXV,Male,1,Yes,Yes,29,No,No phone service,DSL,No,No,Yes,No,Yes,Yes,Month-to-month,Yes,Credit card (automatic),68.0,1972.71,No
3256-AUWYP,Male,0,Yes,No,7,No,No phone service,Fiber optic,Yes,No,No,Yes,No,No,Month-to-month,No,Electronic check,81.52,571.1,Yes
5261-USUGX,Male,0,No,No,63,Yes,No,No,No internet service,No internet service,No internet service,No internet service,No internet service,No internet service,Month-to-month,Yes,Mailed check,37.16,2343.81,No
1334-CRPPX,Female,1,Yes,No,24,Yes,Yes,No,No internet service,No internet service,No internet service,No internet service,No internet service,No internet service,Month-to-month,Yes,Credit card (automatic),36.66,881.41,Yes
8836-TDCDQ,Female,0,No,No,41,Yes,Yes,Fiber optic,No,No,No,No,No,Yes,One year,Yes,Credit card (automatic),101.83,4177.48,No
7414-VCGJR,Male,0,Yes,No,52,Yes,No,No,No internet service,No internet service,No internet service,No internet service,No internet service,No internet service,Two year,Yes,Mailed check,37.82,1980.97,No
1419-WBNYE,Male,0,Yes,No,67,No,No phone service,DSL,No,No,No,No,No,Yes,Month-to-month,Yes,Credit card (automatic),56.96,3800.56,No
7184-PVQWK,Male,0,Yes,Yes,37,Yes,Yes,Fiber optic,No,Yes,No,No,Yes,Yes,Month-to-month,No,Mailed check,108.6,4010.52,No
2475-SZLVX,Female,0,No,No,64,Yes,Yes,DSL,No,No,No,No,Yes,No,One year,Yes,Electronic check,76.07,4885.3,No
6809-UPVJN,Female,0,Yes,No,52,Yes,No,DSL,Yes,Yes,No,No,Yes,Yes,Month-to-month,No,Bank transfer (automatic),91.31,4759.25,No
1700-EPTAB,Female,0,Yes,No,27,Yes,Yes,Fiber optic,No,Yes,No,No,No,No,Month-to-month,Yes,Electronic check,94.56,2549.18,Yes
1057-NJBVN,Male,0,Yes,Yes,25,Yes,No,Fiber optic,Yes,No,No,No,No,Yes,Month-to-month,Yes,Bank transfer (automatic),100.96,2538.71,Yes
1090-SXLYL,Male,0,Yes,No,40,No,No phone service,DSL,No,No,No,No,Yes,Yes,One year,Yes,Electronic check,54.95,2186.28,No
1696-CBHKL,Female,0,No,No,52,Yes,Yes,No,No internet service,No internet service,No internet service,No internet service,No internet service,No internet service,Two year,No,Mailed check,40.18,2063.6,No
5325-WAXFY,Female,0,No,No,51,Yes,No,DSL,No,No,No,No,No,No,Month-to-month,No,Bank transfer (automatic),68.87,3493.84,No
2216-CCHYM,Female,1,Yes,No,53,Yes,No,DSL,No,Yes,No,No,No,Yes,Month-to-month,Yes,Credit card (automatic),74.12,3925.22,No
2487-RNSTU,Male,0,Yes,No,3,Yes,No,Fiber optic,No,No,No,No,Yes,No,One year,Yes,Electronic check,89.3,260.23,Yes
2361-MRPZZ,Male,0,Yes,Yes,30,Yes,No,Fiber optic,No,Yes,No,No,No,Yes,Month-to-month,Yes,Bank transfer (automatic),106.55,3207.81,Yes
8306-FNVGT,Female,0,No,No,11,Yes,No,Fiber optic,No,No,No,No,No,Yes,Month-to-month,No,Credit card (automatic),98.23,1099.04,No
3242-DFYZW,Male,0,Yes,No,2,Yes,No,Fiber optic,No,No,No,No,No,Yes,Month-to-month,Yes,Bank transfer (automatic),102.22,211.55,Yes
3441-UFDGD,Female,0,No,No,53,Yes,Yes,Fiber optic,No,No,No,No,Yes,No,Month-to-month,Yes,Electronic check,91.36,4842.58,No
6763-SACMC,Male,0,Yes,No,72,Yes,No,Fiber optic,Yes,No,No,No,No,Yes,Month-to-month,Yes,Bank transfer (automatic),95.22,6842.6,No
8453-KKAST,Male,0,Yes,Yes,66,Yes,No,DSL,Yes,Yes,No,No,No,Yes,Month-to-month,Yes,Credit card (automatic),85.22,5627.6,No
7806-NGBHP,Female,0,No,No,63,Yes,No,DSL,No,No,No,No,No,No,Two year,Yes,Electronic check,59.5,3765.37,No
2049-BFBAM,Female,0,No,No,22,Yes,Yes,No,No internet service,No internet service,No internet service,No internet service,No internet service,No internet service,Month-to-month,Yes,Credit card (automatic),32.73,724.66,No
7705-MCJAQ,Female,0,No,No,11,Yes,No,DSL,No,No,No,No,No,Yes,One year,Yes,Electronic check,74.49,821.39,No
3097-KXQUJ,Female,0,No,No,28,Yes,No,Fiber optic,No,No,No,No,Yes,No,One year,Yes,Credit card (automatic),96.02,2684.32,No
9375-TNPQD,Female,0,No,No,32,No,No phone service,No,No internet service,No internet service,No internet service,No internet service,No internet service,No internet service,Two year,Yes,Mailed check,18.25,552.76,No
3264-SLUNB,Male,0,No,No,63,Yes,Yes,Fiber optic,Yes,No,No,No,No,Yes,One year,No,Electronic check,95.67,6044.26,No
6982-QJUJC,Female,1,Yes,No,23,No,No phone service,No,No internet service,No internet service,No internet service,No internet service,No internet service,No internet service,Two year,Yes,Bank transfer (automatic),20.4,462.66,No
2090-XKKHT,Female,0,No,No,19,Yes,No,No,No internet service,No internet service,No internet service,No internet service,No internet service,No internet service,Month-to-month,No,Mailed check,41.77,800.06,No
6449-XXZHQ,Female,0,No,No,71,Yes,Yes,No,No internet service,No internet service,No internet service,No internet service,No internet service,No internet service,Month-to-month,No,Bank transfer (automatic),41.48,2914.4,No
4118-STGWG,Female,1,No,No,67,Yes,No,Fiber optic,No,Yes,No,Yes,Yes,No,Month-to-month,No,Electronic check,112.51,7539.13,No
9848-WAKKV,Male,1,No,No,52,Yes,Yes,No,No internet service,No internet service,No internet service,No internet service,No internet service,No internet service,One year,Yes,Electronic check,40.15,2086.78,No
7519-BWFJE,Male,1,Yes,Yes,10,Yes,Yes,Fiber optic,No,No,Yes,No,Yes,No,Month-to-month,No,Electronic check,102.11,1020.79,Yes
2417-NCBUJ,Male,0,No,Yes,41,Yes,No,No,No internet service,No internet service,No internet service,No internet service,No internet service,No internet service,Month-to-month,Yes,Mailed check,34.14,1415.77,No
6833-ZBVCU,Male,0,No,No,18,Yes,No,DSL,No,No,Yes,No,No,No,Month-to-month,Yes,Electronic check,64.31,1160.11,Yes
3753-DFJTS,Male,0,No,No,11,Yes,Yes,DSL,No,No,Yes,No,No,Yes,Month-to-month,Yes,Bank transfer (automatic),73.49,832.47,Yes
7556-AZLCY,Male,0,Yes,No,2,Yes,No,Fiber optic,Yes,No,No,No,No,Yes,Month-to-month,Yes,Mailed check,105.22,203.45,Yes
8134-BLXSE,Female,0,No,No,23,Yes,Yes,Fiber optic,No,No,No,No,No,Yes,Two year,Yes,Electronic check,98.39,2243.03,Yes
7303-EJESY,Male,0,Yes,Yes,6,Yes,No,Fiber optic,No,Yes,No,No,No,No,One year,No,Credit card (automatic),91.68,549.09,Yes
1400-QFUDJ,Male,0,No,No,6,Yes,Yes,No,No internet service,No internet service,No internet service,No internet service,No internet service,No internet service,Two year,Yes,Bank transfer (automatic),38.93,249.13,No
2852-WBPCQ,Male,0,No,No,18,Yes,No,No,No internet service,No internet service,No internet service,No internet service,No internet service,No internet service,Two year,No,Mailed check,38.23,664.11,No
7910-UAUHS,Male,0,No,No,34,Yes,Yes,DSL,No,Yes,No,No,No,Yes,Month-to-month,Yes,Bank transfer (automatic),74.71,2536.08,Yes
9673-CJWDG,Male,0,No,No,47,Yes,No,DSL,No,No,No,No,Yes,Yes,Month-to-month,Yes,Bank transfer (automatic),74.91,3507.87,No
5941-ZHKVC,Male,0,No,No,63,Yes,No,Fiber optic,No,No,Yes,No,Yes,No,Month-to-month,Yes,Electronic check,98.73,6239.19,No
3948-HKPFK,Male,0,Yes,No,14,Yes,No,Fiber optic,No,No,No,No,Yes,No,Two year,Yes,Mailed check,97.8,1396.26,No
9250-VYSPF,Male,0,Yes,Yes,57,Yes,No,DSL,No,No,No,No,No,Yes,Month-to-month,No,Electronic check,65.66,3738.72,No
2429-NKUAX,Male,0,No,No,68,Yes,No,DSL,No,Yes,Yes,Yes,No,No,Month-to-month,No,Bank transfer (automatic),85.49,5777.7,No
2534-KJYTA,Female,0,Yes,No,56,No,No phone service,DSL,No,No,Yes,No,No,No,Month-to-month,Yes,Bank transfer (automatic),56.57,3166.15,No
8676-SBUAL,Male,0,No,No,25,Yes,No,DSL,No,Yes,Yes,Yes,No,No,Month-to-month,No,Bank transfer (automatic),88.39,2213.38,No
2458-APSMJ,Female,0,No,No,22,Yes,No,DSL,No,No,No,No,Yes,Yes,Month-to-month,No,Mailed check,72.32,1567.24,Yes
5620-DBDBU,Male,0,No,No,37,Yes,Yes,No,No internet service,No internet service,No internet service,No internet service,No internet service,No internet service,One year,No,Electronic check,36.65,1366.76,No
6477-EPMCZ,Male,1,No,No,60,Yes,No,No,No internet service,No internet service,No internet service,No internet service,No internet service,No internet service,Month-to-month,No,Bank transfer (automatic),42.29,2561.75,No
9439-UVPVN,Male,0,Yes,Yes,48,Yes,No,DSL,Yes,Yes,No,No,Yes,No,Two year,No,Credit card (automatic),77.02,3716.31,No
2494-EWLTD,Female,0,No,No,32,Yes,Yes,Fiber optic,No,No,No,Yes,Yes,Yes,Two year,Yes,Mailed check,110.7,3549.5,Yes
5030-CFCEQ,Female,0,No,No,9,Yes,No,Fiber optic,No,No,No,Yes,No,No,Two year,Yes,Mailed check,107.34,981.69,No
1048-ESDPW,Male,0,No,No,48,No,No phone service,Fiber optic,No,No,Yes,Yes,Yes,No,Month-to-month,Yes,Credit card (automatic),86.24,4137.79,No
8019-CDSJL,Male,0,Yes,Yes,50,Yes,Yes,Fiber optic,No,No,Yes,No,No,Yes,Month-to-month,No,Credit card (automatic),102.8,5127.84,No
5290-PLACA,Male,0,Yes,No,36,Yes,Yes,DSL,No,Yes,No,No,Yes,Yes,Month-to-month,No,Electronic check,88.48,3195.73,No
3383-VZMAB,Female,0,No,Yes,8,Yes,No,Fiber optic,No,Yes,No,Yes,Yes,Yes,One year,No,Electronic check,117.67,955.91,Yes
8334-JXNXD,Male,0,Yes,Yes,32,Yes,No,DSL,No,No,Yes,No,No,No,Month-to-month,No,Credit card (automatic),65.08,2067.67,Yes
8723-PLNHQ,Female,0,No,No,60,Yes,No,Fiber optic,Yes,No,No,No,Yes,No,Month-to-month,No,Bank transfer (automatic),105.32,6312.84,No
7929-VZKUX,Female,0,Yes,Yes,69,Yes,Yes,Fiber optic,Yes,No,No,Yes,No,Yes,Month-to-month,No,Electronic check,108.23,7475.97,No
1159-MSLCR,Female,0,No,No,35,Yes,No,No,No internet service,No internet service,No internet service,No internet service,No internet service,No internet service,Month-to-month,Yes,Mailed check,37.8,1352.82,No
4654-QAAQZ,Female,0,No,Yes,61,Yes,No,No,No internet service,No internet service,No internet service,No internet service,No internet service,No internet service,Month-to-month,No,Electronic check,36.52,2218.06,No
6754-YWGCP,Male,0,No,No,6,No,No phone service,Fiber optic,Yes,No,No,No,Yes,No,Month-to-month,Yes,Bank transfer (automatic),87.46,535.07,No
6583-UNYWQ,Female,0,No,No,4,No,No phone service,DSL,No,No,No,No,No,No,Month-to-month,Yes,Electronic check,41.71,146.43,Yes
5961-AUSXC,Male,0,No,No,51,Yes,No,Fiber optic,Yes,No,No,No,No,No,Two year,Yes,Electronic check,98.22,5018.98,No
2314-SMQLR,Female,0,No,No,70,Yes,Yes,Fiber optic,Yes,No,No,No,No,No,One year,No,Electronic check,99.06,6929.19,No
6925-EUMPQ,Male,0,No,No,5,Yes,No,Fiber optic,No,No,No,No,Yes,No,Month-to-month,No,Credit card (automatic),94.1,453.51,Yes
7699-HAEZF,Male,0,Yes,Yes,10,Yes,No,Fiber optic,No,No,No,No,No,Yes,Two year,Yes,Electronic check,98.26,970.53,No
3243-WFMJR,Male,0,No,Yes,71,No,No phone service,DSL,No,Yes,No,No,No,No,One year,Yes,Mailed check,56.87,4060.73,No
6350-NNWPN,Female,0,No,No,69,Yes,No,Fiber optic,No,No,No,Yes,Yes,No,Month-to-month,Yes,Electronic check,102.54,7075.8,No
8985-CWEHA,Male,0,Yes,Yes,33,Yes,Yes,Fiber optic,No,No,Yes,Yes,No,Yes,One year,Yes,Electronic check,109.84,3600.34,No
6141-VKRKU,Female,0,No,No,3,Yes,No,Fiber optic,Yes,Yes,No,No,Yes,Yes,Month-to-month,Yes,Electronic check,111.55,326.79,Yes
9986-TJVAZ,Male,0,Yes,No,27,No,No phone service,Fiber optic,No,No,No,Yes,No,Yes,Two year,Yes,Electronic check,85.13,2330.37,No
8554-RQGLC,Male,0,No,No,49,Yes,Yes,Fiber optic,No,No,No,Yes,No,No,Month-to-month,No,Mailed check,85.85,4180.55,No
4048-QJUWP,Female,0,No,Yes,22,Yes,No,No,No internet service,No internet service,No internet service,No internet service,No internet service,No internet service,Month-to-month,Yes,Mailed check,42.49,939.01,No
4067-HPTDL,Male,0,Yes,No,24,Yes,Yes,DSL,Yes,Yes,No,No,Yes,No,Month-to-month,No,Electronic check,83.59,2050.41,No
4964-GFWLP,Female,0,Yes,No,32,Yes,No,Fiber optic,No,No,No,No,No,No,Two year,Yes,Credit card (automatic),90.89,2889.93,No
1344-GFHWP,Male,1,No,Yes,33,Yes,No,Fiber optic,No,No,No,No,No,No,One year,No,Mailed check,92.15,3041.41,No
9119-LUDVQ,Male,0,Yes,No,57,No,No phone service,DSL,No,Yes,No,No,No,No,Two year,No,Credit card (automatic),54.12,3079.38,No
1349-SMAWN,Male,1,No,No,36,Yes,Yes,DSL,No,Yes,Yes,No,No,No,Month-to-month,Yes,Mailed check,81.34,2946.75,Yes
6458-PCHSJ,Male,0,No,No,37,Yes,Yes,No,No internet service,No internet service,No internet service,No internet service,No internet service,No internet service,Two year,Yes,Electronic check,33.57,1243.67,No
8994-HMLAV,Male,0,No,No,29,No,No phone service,No,No internet service,No internet service,No internet service,No internet service,No internet service,No internet service,Month-to-month,No,Electronic check,18.25,540.47,No
2220-MXZFK,Male,0,Yes,No,46,Yes,No,DSL,No,No,No,No,No,No,Month-to-month,Yes,Electronic check,68.06,3122.92,No
6091-SGPWU,Male,0,Yes,No,50,Yes,No,DSL,Yes,No,No,Yes,No,No,Month-to-month,Yes,Bank transfer (automatic),80.06,3989.7,No
8397-XWNZM,Male,0,No,No,4,No,No phone service,DSL,No,No,No,No,No,Yes,Month-to-month,No,Bank transfer (automatic),51.77,215.31,No
7384-YBYVZ,Female,1,Yes,No,3,Yes,No,No,No internet service,No internet service,No internet service,No internet service,No internet service,No internet service,Month-to-month,Yes,Electronic check,44.9,129.56,Yes
7953-DHAQL,Male,0,No,Yes,62,Yes,Yes,Fiber optic,No,No,No,No,No,Yes,One year,No,Credit card (automatic),99.12,6141.23,No
5271-TVBYJ,Female,1,No,No,3,Yes,No,No,No internet service,No internet service,No internet service,No internet service,No internet service,No internet service,Month-to-month,Yes,Credit card (automatic),40.04,96.84,No
7767-PLFET,Male,0,No,Yes,38,Yes,No,No,No internet service,No internet service,No internet service,No internet service,No internet service,No internet service,Two year,Yes,Electronic check,26.59,985.4,No
3892-FAWKJ,Female,0,Yes,No,61,Yes,No,DSL,No,No,No,No,No,No,Two year,No,Electronic check,66.0,4014.07,No
4345-QMPGH,Female,0,No,No,38,No,No phone service,DSL,Yes,Yes,No,Yes,No,Yes,Two year,No,Credit card (automatic),69.3,2632.74,No
8764-LZWTP,Female,0,Yes,Yes,6,No,No phone service,DSL,Yes,No,Yes,No,No,No,Month-to-month,Yes,Credit card (automatic),54.02,341.41,No
8536-BMTCE,Female,0,No,No,18,Yes,Yes,Fiber optic,No,No,No,No,No,No,Month-to-month,Yes,Mailed check,94.1,1697.57,Yes
1587-MNMBM,Female,0,Yes,Yes,11,Yes,Yes,No,No internet service,No internet service,No internet service,No internet service,No internet service,No internet service,Two year,Yes,Credit card (automatic),37.21,418.73,No
8991-AUGBB,Male,0,No,No,5,Yes,No,Fiber optic,No,No,Yes,No,No,Yes,Month-to-month,Yes,Credit card (automatic),105.85,521.83,Yes
1114-KMQBR,Male,0,No,No,25,Yes,No,DSL,No,No,Yes,Yes,No,Yes,Month-to-month,Yes,Credit card (automatic),80.15,1968.24,Yes
7657-BSCLR,Female,0,Yes,Yes,24,Yes,No,Fiber optic,No,No,No,No,No,No,One year,Yes,Bank transfer (automatic),87.7,2123.22,No
8837-NLWFE,Female,0,Yes,No,47,Yes,No,No,No internet service,No internet service,No internet service,No internet service,No internet service,No internet service,One year,Yes,Mailed check,40.02,1913.54,No
5197-CAJDR,Female,0,No,No,59,Yes,Yes,Fiber optic,No,No,No,Yes,No,No,Month-to-month,No,Mailed check,93.87,5532.49,Yes
5936-MMCKB,Female,0,No,No,42,Yes,No,DSL,No,No,Yes,No,Yes,Yes,Month-to-month,Yes,Bank transfer (automatic),74.16,3122.87,No
4193-SZHGS,Male,0,Yes,Yes,39,Yes,No,Fiber optic,Yes,No,No,No,Yes,Yes,Month-to-month,Yes,Electronic check,106.58,4143.97,No
9260-HWHRF,Female,0,No,No,58,No,No phone service,Fiber optic,Yes,Yes,No,No,No,No,Month-to-month,No,Bank transfer (automatic),83.88,4872.22,No
3358-ZKAUD,Female,1,Yes,Yes,19,Yes,Yes,DSL,No,Yes,Yes,No,No,No,Month-to-month,Yes,Mailed check,79.05,1473.19,No
1996-WJDZG,Female,1,No,No,34,Yes,Yes,No,No internet service,No internet service,No internet service,No internet service,No internet service,No internet service,Two year,Yes,Bank transfer (automatic),43.32,1482.76,No
6695-GPSUK,Female,0,No,No,43,Yes,No,No,No internet service,No internet service,No internet service,No internet service,No internet service,No internet service,Two year,Yes,Credit card (automatic),45.08,1982.46,No
6542-WWTKN,Male,0,No,No,58,Yes,No,No,No internet service,No internet service,No internet service,No internet service,No internet service,No internet service,Month-to-month,Yes,Credit card (automatic),36.24,2094.77,No
9707-FSVMW,Female,0,Yes,No,25,Yes,Yes,Fiber optic,No,No,No,No,No,Yes,Month-to-month,Yes,Electronic check,94.02,2359.26,Yes
4853-WRBVS,Female,1,No,No,36,Yes,No,No,No internet service,No internet service,No internet service,No internet service,No internet service,No internet service,Two year,No,Bank transfer (automatic),37.69,1377.86,No
3001-SNYHG,Male,0,No,No,16,Yes,Yes,Fiber optic,No,Yes,No,No,No,Yes,One year,Yes,Bank transfer (automatic),110.95,1771.2,Yes
1525-UZSJX,Male,1,Yes,No,22,Yes,No,Fiber optic,Yes,No,No,Yes,No,No,Month-to-month,Yes,Electronic check,100.96,2211.51,Yes
3279-SQWZJ,Male,1,No,No,54,Yes,Yes,Fiber optic,No,Yes,Yes,No,Yes,No,Two year,Yes,Bank transfer (automatic),107.32,5783.62,No
1857-DTJDV,Male,0,Yes,No,61,Yes,Yes,No,No internet service,No internet service,No internet service,No internet service,No internet service,No internet service,Two year,Yes,Bank transfer (automatic),43.87,2665.18,No
6838-DTRZZ,Female,0,No,No,12,Yes,No,Fiber optic,No,Yes,No,No,No,No,Month-to-month,Yes,Credit card (automatic),101.59,1192.94,Yes
9777-XVSPV,Female,0,No,No,72,Yes,Yes,DSL,No,No,No,Yes,Yes,Yes,One year,No,Mailed check,81.0,5810.34,No
9692-CDMHN,Male,0,No,No,42,Yes,No,DSL,No,No,No,No,No,No,One year,Yes,Credit card (automatic),60.52,2540.73,No
3800-UXGUC,Female,0,Yes,No,72,No,No phone service,Fiber optic,No,Yes,No,No,No,No,Two year,No,Electronic check,73.4,5294.64,No
8170-STMCW,Male,0,No,Yes,53,Yes,No,Fiber optic,Yes,Yes,No,Yes,No,Yes,Month-to-month,Yes,Mailed check,112.31,5986.48,No
1987-MEWPN,Male,0,No,No,9,Yes,Yes,DSL,No,Yes,No,Yes,No,No,One year,No,Bank transfer (automatic),80.4,745.21,No
3855-UFTZG,Female,0,No,No,4,Yes,Yes,Fiber optic,No,No,Yes,No,No,Yes,Month-to-month,No,Bank transfer (automatic),102.2,389.33,Yes
7173-HYXHF,Male,0,No,No,66,Yes,Yes,DSL,No,No,No,Yes,No,Yes,Month-to-month,Yes,Electronic check,74.65,4916.89,No
1742-SYDVU,Male,0,Yes,No,50,Yes,Yes,No,No internet service,No internet service,No internet service,No internet service,No internet service,No internet service,One year,Yes,Mailed check,36.75,1822.22,No
5247-FRQVP,Female,1,Yes,No,63,Yes,No,Fiber optic,Yes,No,Yes,No,Yes,No,Month-to-month,Yes,Electronic check,111.39,7021.7,No
1439-EKMJX,Female,0,No,No,0,Yes,No,Fiber optic,No,No,Yes,No,Yes,No,Two year,Yes,Credit card (automatic),92.86, ,No
3530-SJZXU,Male,0,No,No,11,Yes,No,Fiber optic,Yes,Yes,No,No,No,Yes,Month-to-month,Yes,Credit card (automatic),108.4,1214.55,Yes
7883-RQPAY,Male,0,Yes,Yes,59,Yes,No,No,No internet service,No internet service,No internet service,No internet service,No internet service,No internet service,Two year,Yes,Mailed check,40.58,2377.88,No
9833-NWKCW,Female,1,Yes,No,61,Yes,No,DSL,Yes,No,No,Yes,No,No,Two year,Yes,Bank transfer (automatic),74.01,4542.92,No
5584-YFMSD,Female,0,Yes,Yes,20,Yes,No,Fiber optic,No,No,No,No,No,Yes,One year,Yes,Mailed check,88.95,1788.74,No
9968-QETXJ,Male,0,Yes,No,72,Yes,No,Fiber optic,No,Yes,Yes,No,No,No,One year,Yes,Mailed check,104.45,7533.57,No
6488-TDNPH,Male,0,No,No,11,Yes,Yes,Fiber optic,No,Yes,No,No,Yes,No,Two year,Yes,Bank transfer (automatic),98.99,1087.76,No
3696-RUKDU,Female,0,Yes,No,22,Yes,No,Fiber optic,No,No,No,No,No,No,Month-to-month,No,Credit card (automatic),88.48,1939.55,No
2562-AHVUH,Female,0,Yes,No,9,Yes,No,DSL,No,No,No,Yes,Yes,No,One year,Yes,Mailed check,79.82,719.68,No
5673-ZTUCF,Male,0,No,No,41,Yes,No,Fiber optic,No,Yes,No,Yes,Yes,No,Two year,Yes,Electronic check,94.84,3869.96,No
1936-ZJMPN,Male,0,Yes,No,31,Yes,Yes,DSL,Yes,No,No,No,Yes,Yes,Month-to-month,Yes,Credit card (automatic),76.73,2387.99,No
1468-XKYUS,Female,0,Yes,No,44,Yes,Yes,No,No internet service,No internet service,No internet service,No internet service,No internet service,No internet service,Month-to-month,No,Bank transfer (automatic),42.85,1865.91,No
7325-ZHHSF,Male,1,No,No,21,Yes,No,DSL,No,No,Yes,Yes,No,Yes,Month-to-month,Yes,Electronic check,85.37,1792.66,Yes
8234-AXJAQ,Female,0,Yes,No,38,Yes,Yes,Fiber optic,Yes,Yes,No,No,No,No,Month-to-month,No,Electronic check,106.65,4044.66,Yes
3479-HMPDB,Male,1,Yes,Yes,34,Yes,No,No,No internet service,No internet service,No internet service,No internet service,No internet service,No internet service,Two year,No,Bank transfer (automatic),38.41,1303.56,No
5152-JPTQC,Male,0,No,No,20,Yes,No,DSL,No,Yes,No,No,No,No,Month-to-month,Yes,Bank transfer (automatic),71.37,1424.81,No
9965-TBUXP,Female,0,No,No,61,Yes,Yes,Fiber optic,No,No,Yes,No,No,No,Month-to-month,Yes,Electronic check,99.66,6074.69,No
8491-XZYEA,Female,0,No,No,62,Yes,Yes,DSL,No,No,No,No,No,Yes,Month-to-month,No,Bank transfer (automatic),66.77,4139.43,No
6865-SPFYK,Male,0,Yes,Yes,7,Yes,No,DSL,No,No,No,Yes,Yes,No,Two year,Yes,Electronic check,84.5,574.48,No
7672-QXTRW,Female,0,No,No,21,No,No phone service,No,No internet service,No internet service,No internet service,No internet service,No internet service,No internet service,Month-to-month,No,Mailed check,20.42,415.89,No
1488-SQUFQ,Male,0,No,No,19,Yes,No,DSL,Yes,No,No,No,Yes,Yes,One year,No,Electronic check,83.14,1567.13,Yes
3556-CPACN,Male,1,Yes,Yes,20,Yes,No,DSL,Yes,No,No,No,No,No,One year,Yes,Credit card (automatic),74.94,1487.58,No
9086-TACLL,Female,1,Yes,No,8,Yes,No,No,No internet service,No internet service,No internet service,No internet service,No internet service,No internet service,One year,Yes,Electronic check,36.4,306.51,No
1359-GDPRK,Female,0,No,No,28,Yes,Yes,Fiber optic,No,No,Yes,No,No,No,Two year,Yes,Electronic check,99.83,2788.73,Yes
6143-EWANH,Female,0,Yes,No,46,No,No phone service,DSL,No,Yes,Yes,Yes,No,No,One year,Yes,Bank transfer (automatic),65.66,3013.41,No
5057-NRYPF,Female,1,No,No,27,Yes,No,DSL,No,No,No,Yes,No,No,Month-to-month,No,Electronic check,69.76,1872.94,No
5716-NWPWR,Female,0,Yes,No,45,Yes,No,DSL,No,No,No,No,No,Yes,Two year,No,Bank transfer (automatic),69.38,3138.38,No
6145-HGCPY,Female,0,Yes,Yes,5,Yes,Yes,DSL,No,Yes,No,No,No,Yes,Month-to-month,Yes,Electronic check,75.19,364.46,Yes
1113-YWLHP,Female,0,No,No,61,Yes,Yes,DSL,Yes,Yes,No,No,Yes,No,Two year,No,Electronic check,74.41,4527.79,No
8698-ALBRB,Female,0,No,No,37,Yes,Yes,Fiber optic,No,No,No,No,Yes,No,Two year,No,Mailed check,98.01,3632.04,No
3849-TUFNE,Female,0,Yes,No,53,Yes,Yes,Fiber optic,Yes,No,No,No,No,Yes,Month-to-month,Yes,Credit card (automatic),102.85,5482.47,No
6324-AVAQK,Male,0,No,No,35,Yes,Yes,No,No internet service,No internet service,No internet service,No internet service,No internet service,No internet service,Month-to-month,Yes,Electronic check,47.34,1640.91,No
3011-PDPRL,Female,0,No,No,51,Yes,No,No,No internet service,No internet service,No internet service,No internet service,No internet service,No internet service,One year,Yes,Electronic check,39.1,2007.67,No
4254-MYUAG,Female,0,Yes,Yes,41,Yes,Yes,Fiber optic,No,Yes,No,No,Yes,Yes,Month-to-month,No,Bank transfer (automatic),103.2,4229.35,Yes
1223-FUWLS,Male,0,No,No,11,Yes,Yes,DSL,No,No,No,Yes,No,No,Month-to-month,No,Credit card (automatic),62.94,695.32,No
4334-MVGHD,Female,0,No,No,16,Yes,No,Fiber optic,Yes,No,Yes,No,No,No,Two year,No,Mailed check,106.11,1691.71,No
2964-AVWLQ,Female,0,Yes,Yes,59,Yes,Yes,Fiber optic,No,No,No,No,Yes,No,Month-to-month,No,Mailed check,100.07,5899.35,No
3238-BNDWG,Male,0,No,No,24,Yes,Yes,DSL,No,No,No,Yes,No,Yes,Month-to-month,No,Electronic check,75.14,1806.2,Yes
7637-GDPEK,Female,0,No,Yes,0,Yes,No,Fiber optic,No,No,No,Yes,Yes,No,Month-to-month,No,Mailed check,105.03, ,Yes
3639-XNTQX,Male,0,No,No,38,Yes,Yes,No,No internet service,No internet service,No internet service,No internet service,No internet service,No internet service,One year,Yes,Electronic check,41.07,1532.58,No
4955-WXYSZ,Male,0,Yes,Yes,52,Yes,Yes,DSL,No,No,Yes,Yes,Yes,No,Two year,Yes,Electronic check,80.94,4211.49,No
7704-HDFPD,Female,0,No,No,62,Yes,Yes,DSL,No,No,Yes,Yes,No,No,Two year,Yes,Bank transfer (automatic),81.54,5050.3,No
3138-RHSZC,Female,0,No,No,59,Yes,No,DSL,No,No,Yes,No,Yes,No,Month-to-month,No,Mailed check,79.59,4688.78,No
6769-VDUNR,Female,0,Yes,Yes,68,Yes,Yes,DSL,Yes,No,No,No,Yes,No,Month-to-month,Yes,Bank transfer (automatic),78.83,5355.74,No
1463-LJDUN,Male,0,No,No,16,Yes,No,Fiber optic,No,No,No,Yes,Yes,Yes,Two year,No,Bank transfer (automatic),109.56,1744.56,No
8901-DTQRH,Male,0,No,No,52,Yes,Yes,DSL,No,No,Yes,No,No,No,Two year,No,Electronic check,73.93,3845.19,No
7216-FULMP,Female,0,Yes,No,22,Yes,No,Fiber optic,No,Yes,Yes,No,Yes,Yes,Month-to-month,Yes,Mailed check,116.07,2553.75,Yes
1758-JEZLA,Male,0,Yes,Yes,63,Yes,No,No,No internet service,No internet service,No internet service,No internet service,No internet service,No internet service,Month-to-month,No,Mailed check,36.09,2280.67,No
1234-XDAFF,Female,0,No,No,17,No,No phone service,No,No internet service,No internet service,No internet service,No internet service,No internet service,No internet service,One year,No,Electronic check,20.33,351.5,No
1718-ZBTWR,Female,1,No,No,52,Yes,No,Fiber optic,No,No,No,No,Yes,Yes,Month-to-month,Yes,Credit card (automatic),95.4,4960.53,No
2191-THKGU,Male,0,Yes,No,59,Yes,Yes,DSL,No,No,Yes,No,Yes,No,One year,Yes,Credit card (automatic),76.67,4524.15,No
6218-DKVYY,Male,0,Yes,Yes,43,Yes,Yes,No,No internet service,No internet service,No internet service,No internet service,No internet service,No internet service,Month-to-month,No,Credit card (automatic),41.38,1774.04,No
2214-WPTKR,Male,1,Yes,Yes,30,Yes,Yes,No,No internet service,No internet service,No internet service,No internet service,No internet service,No internet service,Two year,No,Bank transfer (automatic),34.83,1033.64,No
3323-NFKKW,Female,0,No,No,33,Yes,No,DSL,Yes,No,No,No,No,Yes,Month-to-month,Yes,Credit card (automatic),76.09,2509.95,Yes
6653-RGLMU,Female,0,Yes,Yes,26,Yes,Yes,Fiber optic,No,Yes,No,Yes,No,No,Month-to-month,Yes,Electronic check,96.14,2487.17,Yes
2669-BNVTV,Female,1,No,No,8,Yes,Yes,DSL,No,No,No,No,No,No,Month-to-month,No,Credit card (automatic),62.86,507.9,Yes
4540-FRAXT,Male,0,Yes,No,36,Yes,No,Fiber optic,No,No,Yes,No,No,Yes,Month-to-month,No,Credit card (automatic),96.36,3464.02,Yes
5534-EGZAA,Female,0,No,No,44,Yes,No,Fiber optic,No,No,No,Yes,No,No,One year,No,Electronic check,102.73,4550.87,No
4126-FSBUU,Male,0,No,No,53,Yes,No,Fiber optic,Yes,Yes,No,No,Yes,No,Month-to-month,Yes,Bank transfer (automatic),105.2,5582.62,No
3065-PSWTZ,Male,1,No,No,4,Yes,No,DSL,No,No,Yes,No,Yes,No,Month-to-month,No,Electronic check,72.71,290.25,No
2043-QUFFC,Male,0,Yes,Yes,48,Yes,Yes,Fiber optic,No,No,No,Yes,Yes,No,Two year,No,Bank transfer (automatic),92.7,4459.75,No
9870-WCFLX,Female,0,No,No,21,Yes,Yes,DSL,No,No,No,No,No,Yes,Month-to-month,Yes,Credit card (automatic),70.46,1470.64,Yes
8430-XVRGQ,Female,0,Yes,Yes,51,Yes,Yes,Fiber optic,Yes,Yes,No,No,No,No,One year,No,Electronic check,102.84,5268.27,No
5446-YLUES,Female,0,Yes,Yes,36,Yes,No,No,No internet service,No internet service,No internet service,No internet service,No internet service,No internet service,Month-to-month,Yes,Mailed check,36.23,1314.57,No
5083-LUMBK,Female,0,No,No,69,Yes,No,DSL,Yes,No,Yes,No,Yes,Yes,Two year,Yes,Electronic check,97.6,6734.64,No
9668-YQRGU,Female,0,No,No,7,Yes,No,DSL,No,Yes,No,No,No,Yes,Two year,Yes,Bank transfer (automatic),80.06,573.89,No
6394-AYWBL,Female,0,No,No,18,No,No phone service,Fiber optic,No,No,No,No,No,Yes,Month-to-month,Yes,Electronic check,73.46,1342.26,Yes
7681-TEAZX,Male,1,Yes,No,52,Yes,No,Fiber optic,No,Yes,Yes,No,No,No,Two year,Yes,Credit card (automatic),101.29,5287.72,No
7644-RSLSH,Female,0,No,No,15,Yes,No,DSL,No,Yes,No,No,No,No,Two year,No,Electronic check,72.0,1095.14,No
1753-HHHMD,Female,1,Yes,No,18,Yes,No,Fiber optic,No,No,Yes,No,Yes,No,Two year,Yes,Electronic check,106.43,1892.07,Yes
4669-MELSK,Male,0,No,Yes,47,Yes,No,DSL,No,No,No,Yes,Yes,No,Two year,No,Credit card (automatic),78.91,3701.71,No
1022-SPLAC,Female,0,Yes,No,37,Yes,No,DSL,No,Yes,No,No,No,No,Month-to-month,No,Bank transfer (automatic),70.72,2620.45,No
1714-WHLSR,Male,0,No,No,10,Yes,Yes,No,No internet service,No internet service,No internet service,No internet service,No internet service,No internet service,Month-to-month,Yes,Mailed check,42.08,407.46,No
1579-YGUVN,Female,0,No,No,23,Yes,Yes,No,No internet service,No internet service,No internet service,No internet service,No internet service,No internet service,Two year,No,Bank transfer (automatic),34.36,764.15,No
2458-PFWUV,Male,0,Yes,No,46,No,No phone service,Fiber optic,No,No,Yes,No,Yes,No,Month-to-month,Yes,Credit card (automatic),83.13,3794.81,Yes
8454-EARQW,Male,0,No,No,4,Yes,No,DSL,No,No,Yes,No,Yes,No,Month-to-month,No,Credit card (automatic),74.53,310.61,Yes
6739-VJCAL,Male,1,No,No,69,Yes,No,No,No internet service,No internet service,No internet service,No internet service,No internet service,No internet service,Month-to-month,No,Mailed check,40.49,2759.31,No
1017-NKGQS,Male,0,No,No,29,Yes,No,DSL,Yes,No,Yes,Yes,No,No,Month-to-month,Yes,Mailed check,80.14,2318.39,No
1357-MYHUJ,Female,0,No,No,33,Yes,Yes,Fiber optic,No,No,No,No,No,No,Month-to-month,No,Mailed check,94.51,3093.83,No
3444-WJWRV,Male,0,Yes,No,47,Yes,Yes,No,No internet service,No internet service,No internet service,No internet service,No internet service,No internet service,Month-to-month,No,Bank transfer (automatic),39.42,1856.29,No
8332-XPYBM,Female,0,Yes,No,15,Yes,Yes,Fiber optic,No,No,No,Yes,Yes,No,Month-to-month,No,Electronic check,102.96,1545.74,Yes
4568-CWVTR,Male,0,Yes,Yes,41,Yes,Yes,Fiber optic,No,No,Yes,No,No,No,Month-to-month,No,Electronic check,98.49,4056.16,Yes
6416-KSZGJ,Female,1,No,No,72,Yes,Yes,Fiber optic,No,Yes,No,No,No,No,Two year,No,Mailed check,102.26,7367.05,No
1983-XNQGA,Female,0,Yes,No,70,Yes,No,DSL,No,No,Yes,No,No,Yes,One year,No,Credit card (automatic),77.87,5460.36,No
8242-WJUPR,Male,0,No,No,27,Yes,No,No,No internet service,No internet service,No internet service,No internet service,No internet service,No internet service,Two year,No,Electronic check,36.53,989.84,No
2554-QDFJF,Female,0,No,No,72,Yes,Yes,No,No internet service,No internet service,No internet service,No internet service,No internet service,No internet service,Month-to-month,No,Mailed check,44.94,3205.2,No
9181-AXDWJ,Male,0,No,Yes,8,Yes,Yes,No,No internet service,No internet service,No internet service,No internet service,No internet service,No internet service,Two year,No,Electronic check,36.79,275.88,No
9289-NMDLP,Female,0,Yes,No,65,Yes,Yes,Fiber optic,Yes,No,Yes,No,Yes,Yes,Month-to-month,Yes,Bank transfer (automatic),118.75,7745.7,No
9849-GBGFY,Male,0,No,No,30,Yes,No,No,No internet service,No internet service,No internet service,No internet service,No internet service,No internet service,Month-to-month,No,Credit card (automatic),34.22,1024.47,No
2352-ZCVKB,Male,0,Yes,Yes,22,No,No phone service,DSL,Yes,No,No,Yes,Yes,No,Month-to-month,No,Electronic check,69.04,1507.93,No
6524-TWEQP,Male,0,No,No,6,Yes,Yes,DSL,Yes,Yes,No,No,No,No,Two year,Yes,Bank transfer (automatic),76.42,463.26,No
4982-XLKNY,Male,0,Yes,No,45,Yes,Yes,No,No internet service,No internet service,No internet service,No internet service,No internet service,No internet service,Month-to-month,No,Bank transfer (automatic),36.59,1676.98,No
8805-TBHAC,Male,1,Yes,No,6,Yes,No,No,No internet service,No internet service,No internet service,No internet service,No internet service,No internet service,Month-to-month,Yes,Credit card (automatic),38.41,245.36,No
8484-VCLGB,Male,0,No,No,53,Yes,Yes,No,No internet service,No internet service,No internet service,No internet service,No internet service,No internet service,Month-to-month,Yes,Electronic check,41.25,2205.33,No
4432-CTZLF,Female,0,Yes,No,3,Yes,Yes,Fiber optic,No,No,No,No,No,No,Month-to-month,No,Credit card (automatic),84.25,265.78,Yes
5495-ZDSCH,Male,0,Yes,Yes,38,Yes,No,No,No internet service,No internet service,No internet service,No internet service,No internet service,No internet service,Month-to-month,Yes,Credit card (automatic),35.05,1339.22,No
4953-KEUSL,Female,0,Yes,No,33,Yes,No,Fiber optic,No,Yes,Yes,No,No,No,Month-to-month,No,Credit card (automatic),110.11,3633.57,No
4767-BRFHW,Female,0,Yes,Yes,72,Yes,No,Fiber optic,No,No,No,Yes,No,No,Month-to-month,No,Bank transfer (automatic),100.87,7283.76,No
6779-SGNAF,Female,0,No,No,33,Yes,No,Fiber optic,Yes,No,No,No,No,Yes,Month-to-month,No,Electronic check,101.71,3348.56,No
8199-MRUYB,Male,0,Yes,No,23,Yes,Yes,DSL,No,Yes,No,No,No,No,One year,No,Mailed check,75.84,1717.46,No
6228-ZEWPH,Female,0,Yes,No,53,Yes,Yes,DSL,No,No,No,No,Yes,No,Two year,Yes,Electronic check,71.96,3811.62,No
8048-WDSYR,Male,0,No,No,63,Yes,Yes,Fiber optic,No,Yes,No,No,No,No,Two year,No,Electronic check,96.6,6086.04,No
5924-DLXVL,Male,0,Yes,Yes,39,Yes,No,No,No internet service,No internet service,No internet service,No internet service,No internet service,No internet service,Month-to-month,Yes,Credit card (automatic),40.98,1595.6,No
3779-VZHVH,Female,0,Yes,No,55,Yes,No,Fiber optic,No,Yes,No,Yes,No,No,Month-to-month,No,Credit card (automatic),99.27,5449.76,No
8445-ZRMHB,Female,0,Yes,No,62,No,No phone service,Fiber optic,No,No,No,No,Yes,No,Two year,No,Electronic check,77.1,4762.35,No
1472-WRFPX,Male,0,No,No,33,Yes,No,Fiber optic,Yes,Yes,No,No,No,No,One year,No,Mailed check,106.75,3513.17,No
6829-XCBRP,Male,0,No,No,63,Yes,No,Fiber optic,No,No,No,No,No,No,Month-to-month,Yes,Electronic check,89.94,5660.33,Yes
7193-ZCYBN,Male,0,No,No,58,Yes,Yes,No,No internet service,No internet service,No internet service,No internet service,No internet service,No internet service,Month-to-month,No,Electronic check,36.98,2155.2,No
8486-SFQXE,Female,0,No,No,12,No,No phone service,DSL,No,No,Yes,No,No,No,Two year,Yes,Credit card (automatic),55.82,661.57,No
9436-RCHWJ,Female,0,No,No,31,Yes,No,Fiber optic,Yes,Yes,No,Yes,Yes,Yes,Two year,No,Credit card (automatic),118.75,3689.02,No
9519-LJWUF,Female,0,No,No,3,Yes,Yes,DSL,No,No,No,No,No,No,Month-to-month,No,Mailed check,70.72,196.24,Yes
8027-GXARD,Male,0,No,No,56,Yes,No,Fiber optic,No,Yes,No,Yes,Yes,No,Month-to-month,Yes,Credit card (automatic),105.88,5923.37,No
7090-ZSLVE,Female,0,No,Yes,51,Yes,No,Fiber optic,No,No,No,No,No,No,One year,No,Electronic check,92.28,4722.55,Yes
5887-ZJALM,Female,0,No,Yes,2,Yes,Yes,DSL,No,Yes,Yes,No,No,Yes,Month-to-month,Yes,Bank transfer (automatic),82.15,163.16,Yes
8306-VJUDE,Female,0,Yes,No,0,Yes,Yes,DSL,No,No,Yes,No,Yes,No,Two year,No,Electronic check,73.1, ,Yes
6435-SVQDS,Male,0,No,No,44,Yes,No,No,No internet service,No internet service,No internet service,No internet service,No internet service,No internet service,Month-to-month,Yes,Mailed check,41.66,1813.87,No
4862-GJVEP,Male,0,No,Yes,28,Yes,Yes,DSL,Yes,Yes,Yes,No,Yes,No,Month-to-month,No,Mailed check,96.03,2695.98,No
1746-TDYXW,Female,1,Yes,Yes,3,No,No phone service,No,No internet service,No internet service,No internet service,No internet service,No internet service,No internet service,Two year,Yes,Electronic check,19.63,67.23,No
4136-UDGDB,Male,0,Yes,Yes,3,No,No phone service,DSL,No,No,No,No,No,No,Two year,Yes,Electronic check,45.93,134.81,No
4302-PWAKT,Male,0,Yes,Yes,63,Yes,No,No,No internet service,No internet service,No internet service,No internet service,No internet service,No internet service,One year,Yes,Electronic check,41.09,2616.47,No
2813-TPPCE,Female,0,Yes,Yes,33,No,No phone service,Fiber optic,No,No,Yes,No,Yes,No,Month-to-month,Yes,Mailed check,89.31,2953.31,No
8895-XLQPN,Male,0,No,No,55,Yes,No,No,No internet service,No internet service,No internet service,No internet service,No internet service,No internet service,One year,No,Electronic check,41.2,2261.39,No
7409-PDBWT,Female,0,Yes,Yes,32,Yes,Yes,DSL,No,No,No,No,Yes,No,Two year,No,Electronic check,69.07,2220.5,No
2788-BFPQE,Female,1,No,No,67,Yes,Yes,DSL,Yes,Yes,No,No,Yes,Yes,Month-to-month,Yes,Electronic check,91.0,6115.48,No
2585-ELFLA,Male,0,Yes,Yes,61,Yes,No,Fiber optic,Yes,Yes,No,No,No,No,One year,No,Electronic check,100.93,6177.93,No
9424-XJVNA,Male,0,No,No,66,Yes,No,No,No internet service,No internet service,No internet service,No internet service,No internet service,No internet service,Two year,Yes,Mailed check,37.78,2500.61,No
3561-BSUQA,Male,0,Yes,No,47,Yes,No,No,No internet service,No internet service,No internet service,No internet service,No internet service,No internet service,Two year,No,Electronic check,46.53,2177.16,No
3123-MDCHQ,Male,0,Yes,Yes,1,Yes,No,Fiber optic,Yes,Yes,No,Yes,No,No,Month-to-month,No,Bank transfer (automatic),106.49,128.87,Yes
1796-ZMEAY,Male,0,Yes,No,29,Yes,Yes,No,No internet service,No internet service,No internet service,No internet service,No internet service,No internet service,Two year,No,Electronic check,41.78,1205.54,No
6350-WUZXU,Male,0,Yes,No,7,Yes,No,No,No internet service,No internet service,No internet service,No internet service,No internet service,No internet service,One year,Yes,Electronic check,43.42,292.73,No
8659-WGQZW,Female,0,Yes,No,37,Yes,No,Fiber optic,No,No,No,No,No,Yes,Month-to-month,No,Mailed check,97.2,3599.99,No
1947-CETKR,Male,0,No,No,35,Yes,Yes,Fiber optic,No,Yes,Yes,No,No,Yes,Two year,Yes,Electronic check,116.32,4076.48,No
2257-BUGBF,Male,1,No,No,40,Yes,Yes,DSL,No,Yes,No,No,Yes,No,Month-to-month,Yes,Electronic check,78.25,3137.42,No
3907-KXEQG,Male,1,No,No,68,Yes,No,Fiber optic,Yes,No,No,Yes,No,Yes,Two year,Yes,Bank transfer (automatic),102.38,6954.4,No
5485-HJQQD,Female,0,No,No,16,Yes,No,No,No internet service,No internet service,No internet service,No internet service,No internet service,No internet service,Month-to-month,Yes,Electronic check,40.21,634.9,No
2409-FXHPL,Female,0,No,No,63,Yes,No,DSL,No,Yes,Yes,No,Yes,Yes,One year,No,Bank transfer (automatic),90.8,5739.67,No
4186-ALZYH,Male,0,Yes,Yes,56,Yes,No,No,No internet service,No internet service,No internet service,No internet service,No internet service,No internet service,Two year,No,Electronic check,44.58,2472.42,No
5797-GYPYW,Male,0,No,No,32,Yes,No,No,No internet service,No internet service,No internet service,No internet service,No internet service,No internet service,Two year,Yes,Electronic check,39.85,1270.76,No
3947-LPFVP,Male,1,No,No,34,Yes,Yes,DSL,No,No,No,No,No,No,Two year,No,Electronic check,66.7,2280.31,No
2865-MVLTZ,Female,0,No,Yes,28,Yes,No,DSL,No,No,No,No,No,No,Month-to-month,No,Electronic check,65.1,1798.41,No
4015-ZKPUB,Female,0,No,No,46,No,No phone service,Fiber optic,No,No,Yes,No,No,No,One year,Yes,Bank transfer (automatic),74.48,3423.82,No
7312-PRYMY,Male,0,Yes,No,56,Yes,Yes,DSL,Yes,No,No,No,Yes,No,One year,No,Bank transfer (automatic),83.89,4693.28,No
6109-FREXD,Female,0,Yes,Yes,2,Yes,Yes,Fiber optic,Yes,No,No,No,No,No,Month-to-month,No,Electronic check,91.29,171.7,Yes
5487-VAMNJ,Male,0,No,No,72,No,No phone service,Fiber optic,Yes,No,Yes,Yes,Yes,Yes,Month-to-month,Yes,Electronic check,99.6,7156.0,No
7055-HJGQX,Female,0,No,No,8,Yes,Yes,DSL,No,No,No,Yes,Yes,No,Two year,No,Mailed check,70.67,566.82,No
2598-KFFZT,Female,0,No,No,11,Yes,No,DSL,Yes,No,Yes,No,Yes,No,Month-to-month,Yes,Electronic check,80.7,919.12,Yes
9499-RRTRV,Male,0,Yes,Yes,43,Yes,No,No,No internet service,No internet service,No internet service,No internet service,No internet service,No internet service,Month-to-month,Yes,Mailed check,43.62,1867.68,No
3934-CMABB,Female,0,No,No,7,Yes,Yes,No,No internet service,No internet service,No internet service,No internet service,No internet service,No internet service,Two year,Yes,Credit card (automatic),44.98,316.93,No
1696-SQYGH,Female,1,No,No,54,Yes,No,DSL,No,No,Yes,No,Yes,Yes,Month-to-month,Yes,Bank transfer (automatic),90.76,4888.36,No
5410-UYTNZ,Female,0,Yes,Yes,15,Yes,No,DSL,No,Yes,Yes,Yes,No,No,Two year,Yes,Electronic check,78.09,1183.36,No
2631-MFDKU,Female,0,No,No,23,Yes,Yes,Fiber optic,No,No,No,No,Yes,No,Month-to-month,Yes,Electronic check,97.43,2248.53,Yes
3879-VQSFW,Male,0,Yes,Yes,43,Yes,No,No,No internet service,No internet service,No internet service,No internet service,No internet service,No internet service,Two year,Yes,Mailed check,43.02,1848.43,No
2833-JUSHG,Male,0,No,No,69,Yes,Yes,No,No internet service,No internet service,No internet service,No internet service,No internet service,No internet service,Month-to-month,No,Credit card (automatic),41.32,2818.13,No
4897-LBFDD,Male,0,Yes,No,14,Yes,Yes,No,No internet service,No internet service,No internet service,No internet service,No internet service,No internet service,Month-to-month,Yes,Electronic check,44.54,639.89,No
4181-ASSFX,Female,0,No,No,61,Yes,Yes,Fiber optic,Yes,No,No,No,Yes,Yes,Month-to-month,No,Electronic check,107.99,6588.82,No
6342-HELZA,Female,0,Yes,No,47,No,No phone service,DSL,Yes,Yes,Yes,Yes,No,No,One year,No,Mailed check,67.87,3200.5,No
1180-KYGTP,Female,0,Yes,Yes,38,Yes,Yes,DSL,No,No,Yes,No,No,No,Month-to-month,Yes,Mailed check,69.0,2616.23,Yes
2794-XDNRS,Male,1,Yes,No,64,Yes,No,DSL,No,No,No,Yes,No,Yes,One year,Yes,Credit card (automatic),78.94,5048.89,No
8688-SRDHJ,Male,0,Yes,Yes,46,Yes,Yes,Fiber optic,No,No,No,Yes,Yes,No,Month-to-month,No,Mailed check,101.72,4686.76,No
4339-CCLTX,Male,0,No,No,59,Yes,No,DSL,Yes,No,Yes,No,No,No,One year,Yes,Electronic check,72.79,4279.47,No
9460-MXLMF,Male,0,Yes,Yes,43,Yes,Yes,No,No internet service,No internet service,No internet service,No internet service,No internet service,No internet service,Month-to-month,No,Bank transfer (automatic),45.94,1980.09,No
6651-HMYPH,Male,0,Yes,No,34,Yes,Yes,Fiber optic,No,No,Yes,Yes,Yes,No,Month-to-month,Yes,Electronic check,103.33,3520.19,Yes
7033-TQBFD,Male,0,No,No,22,Yes,No,No,No internet service,No internet service,No internet service,No internet service,No internet service,No internet service,One year,Yes,Credit card (automatic),37.68,827.58,No
9600-HMXZF,Male,0,Yes,Yes,19,Yes,Yes,No,No internet service,No internet service,No internet service,No internet service,No internet service,No internet service,Month-to-month,No,Mailed check,36.51,698.69,No
8733-TQESQ,Male,0,No,No,4,Yes,Yes,Fiber optic,No,Yes,Yes,Yes,No,No,Month-to-month,Yes,Credit card (automatic),105.73,421.5,Yes
5016-QFQDG,Female,1,Yes,No,20,Yes,Yes,DSL,Yes,No,No,Yes,No,Yes,One year,Yes,Electronic check,86.65,1710.86,No
5453-DXXMP,Male,0,No,No,58,Yes,Yes,DSL,No,No,No,Yes,No,No,Month-to-month,Yes,Bank transfer (automatic),78.53,4549.93,No
3624-FZKYB,Female,0,No,No,21,Yes,No,No,No internet service,No internet service,No internet service,No internet service,No internet service,No internet service,Month-to-month,Yes,Bank transfer (automatic),43.55,935.18,No
1960-MULWD,Male,0,Yes,No,33,Yes,No,DSL,No,No,No,No,No,Yes,Two year,No,Electronic check,71.74,2373.31,No
8704-LGRUY,Female,0,No,No,27,Yes,No,Fiber optic,No,No,No,No,No,Yes,Month-to-month,No,Mailed check,101.25,2703.99,No
1788-SHNMU,Male,1,Yes,Yes,61,Yes,Yes,Fiber optic,No,Yes,Yes,No,Yes,No,Month-to-month,No,Bank transfer (automatic),114.23,6985.06,No
4585-GMSWA,Male,0,Yes,Yes,42,Yes,No,Fiber optic,No,No,No,No,No,Yes,Month-to-month,No,Bank transfer (automatic),94.45,3954.63,Yes
6116-BQQWE,Female,0,Yes,No,27,Yes,No,No,No internet service,No internet service,No internet service,No internet service,No internet service,No internet service,Month-to-month,No,Electronic check,38.36,1035.1,No
8150-SRRPB,Female,1,No,No,67,Yes,No,DSL,Yes,No,No,No,No,No,Two year,Yes,Electronic check,67.67,4548.94,No
8317-KCQYT,Female,1,No,No,1,Yes,No,Fiber optic,No,No,No,No,Yes,No,One year,Yes,Electronic check,94.37,97.0,Yes
3213-VWHNW,Female,0,Yes,No,9,Yes,Yes,DSL,No,Yes,No,Yes,No,Yes,Two year,No,Electronic check,81.39,736.72,No
2417-JLAEQ,Female,1,No,No,9,Yes,No,DSL,No,Yes,Yes,No,Yes,No,Month-to-month,No,Bank transfer (automatic),83.6,778.67,Yes
3371-FHCRG,Female,0,Yes,Yes,7,Yes,Yes,Fiber optic,Yes,No,No,No,No,No,Month-to-month,No,Electronic check,86.69,612.79,Yes
6864-VMXEZ,Female,0,No,No,11,No,No phone service,Fiber optic,No,Yes,No,No,No,No,Month-to-month,Yes,Electronic check,79.98,879.41,Yes
3896-HZLTV,Female,0,Yes,Yes,50,Yes,Yes,DSL,No,No,No,No,No,Yes,Month-to-month,Yes,Electronic check,70.78,3515.34,Yes
5033-HMKKF,Male,0,Yes,No,53,Yes,No,Fiber optic,No,No,No,No,No,Yes,Month-to-month,Yes,Credit card (automatic),94.27,4985.93,No
9232-PVRJH,Female,0,No,No,5,Yes,Yes,No,No internet service,No internet service,No internet service,No internet service,No internet service,No internet service,Month-to-month,Yes,Mailed check,44.21,247.9,No
9840-AHTPQ,Female,0,No,No,2,No,No phone service,DSL,Yes,No,No,No,No,Yes,Month-to-month,Yes,Bank transfer (automatic),54.94,98.5,Yes
1194-FQHMY,Male,0,No,No,65,Yes,No,DSL,No,Yes,No,No,Yes,No,Month-to-month,Yes,Credit card (automatic),72.75,4750.83,No
6742-REQZR,Male,1,No,No,59,Yes,No,Fiber optic,No,No,No,No,No,Yes,Month-to-month,Yes,Bank transfer (automatic),95.82,5633.63,Yes
8065-YXJHG,Female,1,No,No,57,Yes,No,No,No internet service,No internet service,No internet service,No internet service,No internet service,No internet service,Two year,Yes,Electronic check,40.54,2296.22,No
7931-KVVRC,Female,1,No,No,50,Yes,Yes,Fiber optic,No,Yes,Yes,No,Yes,Yes,Two year,No,Bank transfer (automatic),103.43,5143.49,No
7406-EPFBR,Female,0,No,No,30,Yes,No,Fiber optic,No,No,Yes,No,Yes,Yes,Month-to-month,No,Credit card (automatic),111.33,3348.04,Yes
5061-RMJAG,Female,1,Yes,Yes,23,Yes,No,DSL,Yes,No,No,No,No,No,Two year,Yes,Mailed check,62.3,1429.13,No
8924-UMAZT,Female,0,Yes,No,24,Yes,No,DSL,Yes,Yes,No,No,Yes,Yes,Month-to-month,No,Credit card (automatic),75.57,1802.07,No
1199-FEXYK,Female,0,No,No,38,Yes,No,No,No internet service,No internet service,No internet service,No internet service,No internet service,No internet service,Month-to-month,No,Bank transfer (automatic),47.29,1786.71,No
2600-RGCGG,Female,0,Yes,No,3,Yes,Yes,DSL,No,Yes,No,No,No,Yes,Two year,Yes,Bank transfer (automatic),77.63,235.7,No
1482-SJPPU,Male,0,No,No,68,Yes,No,Fiber optic,Yes,No,Yes,Yes,Yes,No,Month-to-month,No,Mailed check,118.75,8078.3,No
7860-PWPAW,Male,0,Yes,No,71,Yes,No,Fiber optic,No,Yes,Yes,Yes,Yes,No,Month-to-month,Yes,Mailed check,112.62,7934.55,No
7925-LKXLJ,Male,0,No,No,5,Yes,Yes,Fiber optic,Yes,No,Yes,No,No,No,Month-to-month,Yes,Electronic check,106.66,546.33,Yes
7591-HKUFA,Female,1,Yes,Yes,38,Yes,Yes,DSL,No,Yes,Yes,Yes,No,No,Month-to-month,Yes,Credit card (automatic),78.78,3007.16,No
4028-EJBQN,Male,0,No,No,26,No,No phone service,Fiber optic,No,No,Yes,No,Yes,No,One year,No,Credit card (automatic),83.59,2180.97,No
3450-RDAMD,Male,0,No,No,27,Yes,Yes,Fiber optic,No,No,No,Yes,Yes,Yes,One year,Yes,Electronic check,107.47,2903.96,Yes
8702-HLHLC,Female,0,Yes,No,28,Yes,No,No,No internet service,No internet service,No internet service,No internet service,No internet service,No internet service,Month-to-month,Yes,Bank transfer (automatic),42.63,1209.94,No
9403-EKWLS,Female,0,No,No,38,Yes,Yes,No,No internet service,No internet service,No internet service,No internet service,No internet service,No internet service,Month-to-month,No,Bank transfer (automatic),41.64,1586.77,No
1615-HUGKB,Female,1,No,No,70,Yes,Yes,Fiber optic,No,No,No,No,Yes,Yes,Month-to-month,No,Electronic check,108.16,7589.77,Yes
5540-JWKVX,Male,0,No,No,53,Yes,No,Fiber optic,Yes,Yes,Yes,No,No,Yes,Two year,No,Bank transfer (automatic),116.31,6167.46,No
8550-TQMBD,Female,0,No,No,71,Yes,No,DSL,Yes,Yes,Yes,No,Yes,No,Two year,Yes,Electronic check,86.44,6107.86,No
4421-RAYZB,Male,0,No,No,19,Yes,Yes,Fiber optic,Yes,No,No,No,No,No,Month-to-month,No,Electronic check,101.4,1913.36,No
1867-WEEES,Female,0,Yes,Yes,61,No,No phone service,Fiber optic,No,No,No,No,No,No,Month-to-month,Yes,Electronic check,63.39,3891.82,No
2193-EKQZF,Female,0,No,No,30,Yes,Yes,No,No internet service,No internet service,No internet service,No internet service,No internet service,No internet service,Month-to-month,No,Electronic check,39.94,1185.5,No
3293-PLQFQ,Male,0,Yes,Yes,27,Yes,Yes,DSL,No,No,Yes,No,Yes,Yes,Two year,Yes,Mailed check,84.74,2283.51,No
9328-STBXS,Female,0,No,No,3,Yes,No,DSL,Yes,No,No,No,No,No,Two year,No,Mailed check,71.16,239.08,No
6643-DPSQC,Female,0,No,No,64,No,No phone service,Fiber optic,No,No,No,Yes,No,Yes,Month-to-month,Yes,Bank transfer (automatic),83.91,5373.87,No
1369-MTKSZ,Male,0,No,No,8,Yes,No,DSL,No,No,No,No,Yes,No,Month-to-month,Yes,Credit card (automatic),74.95,620.06,Yes
9004-RTCCS,Female,0,No,No,35,Yes,Yes,Fiber optic,Yes,No,No,No,No,No,Month-to-month,No,Bank transfer (automatic),93.99,3263.81,Yes
8208-EQGCK,Male,0,Yes,No,70,Yes,Yes,DSL,Yes,No,Yes,No,No,Yes,Month-to-month,No,Mailed check,86.74,6081.6,No
5029-UWYCY,Female,0,Yes,No,47,Yes,Yes,No,No internet service,No internet service,No internet service,No internet service,No internet service,No internet service,Month-to-month,Yes,Bank transfer (automatic),37.2,1750.78,No
5659-ERBMV,Male,0,Yes,No,8,Yes,No,No,No internet service,No internet service,No internet service,No internet service,No internet service,No internet service,One year,No,Credit card (automatic),41.16,334.39,No
9740-GEPDZ,Female,0,Yes,Yes,67,Yes,Yes,Fiber optic,No,Yes,No,No,No,Yes,One year,Yes,Bank transfer (automatic),105.21,7049.05,No
3949-EFJTW,Male,0,Yes,No,43,No,No phone service,DSL,No,No,No,Yes,No,Yes,Month-to-month,Yes,Electronic check,60.24,2605.81,No
7626-RGYZR,Female,0,No,No,18,No,No phone service,Fiber optic,No,No,No,No,No,Yes,One year,Yes,Electronic check,75.98,1380.49,No
8046-HLVLU,Male,0,No,No,19,Yes,Yes,DSL,Yes,No,No,Yes,No,No,Month-to-month,No,Electronic check,73.8,1400.17,Yes
8737-YGMKN,Male,0,No,No,62,Yes,Yes,DSL,No,No,No,No,No,Yes,One year,Yes,Credit card (automatic),70.84,4388.47,No
7683-HFGUZ,Female,0,No,No,43,Yes,Yes,Fiber optic,No,No,No,No,Yes,No,Month-to-month,Yes,Bank transfer (automatic),90.55,3912.5,No
1928-ZANDY,Female,0,Yes,Yes,29,Yes,No,DSL,No,Yes,No,Yes,Yes,No,Month-to-month,Yes,Mailed check,83.9,2414.69,Yes
7856-JSWFR,Male,0,Yes,Yes,21,Yes,No,DSL,No,Yes,No,No,No,Yes,One year,Yes,Mailed check,70.36,1472.35,No
3696-TPTRR,Male,1,Yes,Yes,63,Yes,No,Fiber optic,No,Yes,Yes,Yes,No,Yes,Two year,Yes,Credit card (automatic),115.79,7300.94,No
1761-WEKNW,Male,0,No,No,25,Yes,No,No,No internet service,No internet service,No internet service,No internet service,No internet service,No internet service,Month-to-month,Yes,Bank transfer (automatic),38.21,969.89,No
6662-EGEQT,Male,0,No,No,40,No,No phone service,Fiber optic,No,Yes,No,Yes,No,Yes,One year,Yes,Electronic check,90.92,3628.89,No
7380-USXXG,Female,0,Yes,No,5,Yes,No,Fiber optic,No,No,No,No,No,No,Month-to-month,No,Mailed check,89.96,430.15,Yes
3739-BGNRX,Male,0,No,No,18,Yes,No,DSL,Yes,Yes,No,No,No,No,One year,Yes,Electronic check,81.47,1473.32,Yes
6345-ZPWVM,Male,1,No,Yes,57,Yes,Yes,DSL,No,No,No,No,Yes,No,Month-to-month,Yes,Credit card (automatic),70.81,4043.2,No
8850-WHFCY,Male,0,Yes,Yes,55,Yes,No,No,No internet service,No internet service,No internet service,No internet service,No internet service,No internet service,One year,Yes,Bank transfer (automatic),38.13,2089.99,No
4979-PGKKP,Male,0,Yes,No,71,Yes,No,DSL,No,No,Yes,Yes,No,No,Month-to-month,Yes,Electronic check,82.41,5853.69,No
2575-UKFAC,Female,0,Yes,No,8,Yes,No,Fiber optic,No,No,No,No,Yes,No,Month-to-month,No,Electronic check,90.47,736.83,Yes
3422-TWYHR,Male,0,No,No,37,Yes,No,No,No internet service,No internet service,No internet service,No internet service,No internet service,No internet service,Month-to-month,No,Mailed check,40.41,1496.54,No
3413-DPRUC,Male,0,No,No,10,Yes,No,Fiber optic,No,Yes,No,No,Yes,No,Month-to-month,Yes,Mailed check,104.38,1031.64,Yes
7722-HGAEM,Male,0,No,No,54,No,No phone service,No,No internet service,No internet service,No internet service,No internet service,No internet service,No internet service,Month-to-month,Yes,Electronic check,21.1,1151.36,Yes
2702-HNCXH,Male,0,Yes,Yes,10,Yes,Yes,Fiber optic,No,Yes,No,Yes,No,No,Two year,Yes,Bank transfer (automatic),101.19,1005.32,No
7832-RUGED,Female,0,Yes,Yes,8,Yes,No,Fiber optic,No,Yes,No,Yes,Yes,Yes,One year,No,Electronic check,108.35,862.55,No
3064-PQUZV,Male,0,Yes,No,61,Yes,Yes,Fiber optic,Yes,No,No,No,No,Yes,Month-to-month,Yes,Credit card (automatic),110.25,6719.09,Yes
4212-MYTLV,Female,0,Yes,Yes,9,Yes,No,DSL,Yes,No,Yes,Yes,No,No,Month-to-month,Yes,Credit card (automatic),76.96,712.91,No
2225-SYNQB,Female,0,No,No,63,Yes,No,DSL,Yes,No,Yes,No,No,Yes,Month-to-month,No,Mailed check,77.92,4913.97,No
6443-GZHHK,Male,1,Yes,Yes,54,Yes,No,DSL,No,No,No,No,No,No,One year,No,Mailed check,61.37,3315.04,No
7272-YJFUN,Male,0,Yes,No,41,Yes,Yes,Fiber optic,Yes,Yes,No,No,No,No,One year,Yes,Electronic check,111.01,4522.45,No
5091-ZMQZF,Female,0,No,No,10,Yes,No,Fiber optic,No,Yes,Yes,No,No,No,Month-to-month,Yes,Electronic check,102.99,1062.25,Yes
9123-ZMJDB,Female,0,Yes,Yes,20,Yes,No,Fiber optic,No,No,Yes,No,Yes,No,Month-to-month,Yes,Bank transfer (automatic),111.66,2214.12,No
9855-LSFHV,Female,0,No,No,14,Yes,Yes,DSL,No,No,No,No,No,Yes,Month-to-month,Yes,Credit card (automatic),67.92,952.58,No
6906-FAVBA,Female,1,No,Yes,28,Yes,Yes,DSL,No,No,No,Yes,No,Yes,Month-to-month,Yes,Mailed check,77.54,2146.46,No
3702-YRBYY,Female,0,No,No,14,Yes,No,Fiber optic,No,No,Yes,Yes,No,No,Month-to-month,No,Credit card (automatic),101.01,1405.94,Yes
7270-BAWVV,Female,1,No,No,13,No,No phone service,DSL,No,No,No,No,No,Yes,Two year,Yes,Credit card (automatic),48.58,618.81,No
5379-QEAFQ,Female,0,No,Yes,24,Yes,No,DSL,Yes,Yes,No,No,No,No,Two year,Yes,Bank transfer (automatic),81.77,2010.25,No
4617-QLPYR,Male,0,No,Yes,0,No,No phone service,Fiber optic,Yes,Yes,No,No,No,No,One year,No,Electronic check,80.47, ,No
9585-ZQZFN,Female,0,No,No,66,No,No phone service,Fiber optic,Yes,No,No,No,Yes,No,Month-to-month,No,Credit card (automatic),80.88,5330.65,No
1671-CDDKT,Male,0,No,No,61,Yes,No,DSL,No,No,No,No,No,Yes,Two year,No,Electronic check,67.65,4137.15,No
9872-ZELLC,Female,0,Yes,Yes,19,Yes,No,DSL,Yes,No,Yes,No,No,No,Month-to-month,Yes,Credit card (automatic),74.03,1414.97,Yes
1357-JWKKZ,Male,0,Yes,Yes,14,Yes,No,Fiber optic,No,No,No,Yes,No,No,Month-to-month,No,Electronic check,96.62,1339.08,Yes
4396-SZCNJ,Male,0,Yes,Yes,63,Yes,Yes,Fiber optic,No,Yes,Yes,No,Yes,No,Two year,Yes,Mailed check,118.75,7483.9,No
2068-BRRPS,Female,0,No,No,5,Yes,No,DSL,No,No,Yes,No,Yes,No,Month-to-month,Yes,Electronic check,84.48,428.41,Yes
7469-BAJPX,Male,0,Yes,No,55,Yes,No,Fiber optic,Yes,Yes,No,Yes,Yes,No,Month-to-month,No,Electronic check,118.75,6532.27,No
9817-VGPCM,Female,0,No,No,9,Yes,No,DSL,No,Yes,No,No,Yes,No,One year,Yes,Mailed check,79.68,716.98,Yes
1889-ZLTCY,Female,0,No,No,5,Yes,No,DSL,No,No,Yes,Yes,No,No,Month-to-month,No,Mailed check,71.35,363.75,Yes
5716-BJFBA,Male,0,Yes,No,67,Yes,Yes,Fiber optic,Yes,Yes,No,No,No,Yes,Month-to-month,No,Bank transfer (automatic),106.27,7134.11,No
7410-WRSAE,Female,1,No,No,40,Yes,Yes,No,No internet service,No internet service,No internet service,No internet service,No internet service,No internet service,Month-to-month,No,Mailed check,33.29,1342.06,Yes
1308-ZTYXF,Male,0,No,No,26,Yes,No,Fiber optic,No,Yes,Yes,No,Yes,No,Two year,Yes,Mailed check,107.78,2816.19,No
5602-RTSLA,Female,0,No,No,3,Yes,No,DSL,No,Yes,Yes,No,Yes,Yes,Month-to-month,Yes,Bank transfer (automatic),95.14,274.5,Yes
9448-SWFCX,Female,0,No,No,47,Yes,Yes,Fiber optic,Yes,Yes,No,No,No,No,Month-to-month,No,Credit card (automatic),95.63,4484.91,No
8251-WLXFU,Female,0,Yes,Yes,41,Yes,No,Fiber optic,No,Yes,No,No,No,Yes,Month-to-month,Yes,Credit card (automatic),97.96,4036.19,No
5449-DTJDT,Female,1,No,No,2,Yes,Yes,DSL,Yes,No,No,Yes,Yes,No,Month-to-month,Yes,Electronic check,80.99,141.77,No
7945-HZTAJ,Female,0,No,No,52,Yes,No,DSL,No,Yes,Yes,No,No,No,Month-to-month,Yes,Mailed check,71.17,3673.38,Yes
9768-EYNSS,Female,0,No,No,38,Yes,Yes,Fiber optic,Yes,Yes,No,No,No,No,Two year,Yes,Electronic check,105.09,4011.49,No
5604-NPRTL,Female,0,No,No,62,Yes,No,No,No internet service,No internet service,No internet service,No internet service,No internet service,No internet service,One year,Yes,Electronic check,38.36,2390.46,No
4920-UURMP,Male,0,Yes,No,54,Yes,No,No,No internet service,No internet service,No internet service,No internet service,No internet service,No internet service,Two year,Yes,Electronic check,32.84,1752.35,No
6137-LENLB,Female,0,No,No,43,Yes,Yes,No,No internet service,No internet service,No internet service,No internet service,No internet service,No internet service,Month-to-month,No,Credit card (automatic),40.52,1723.99,No
9598-SCEPW,Male,0,Yes,No,4,Yes,No,DSL,No,Yes,Yes,Yes,No,Yes,Two year,Yes,Bank transfer (automatic),91.0,372.7,No
5367-VDNVW,Male,0,Yes,Yes,15,Yes,Yes,Fiber optic,No,No,Yes,No,Yes,No,Two year,No,Credit card (automatic),99.04,1465.73,No
3161-SADXT,Male,0,No,No,21,Yes,No,DSL,No,No,No,No,Yes,No,Month-to-month,No,Electronic check,74.1,1568.08,Yes
2862-ZZAAF,Male,0,Yes,Yes,69,No,No phone service,Fiber optic,No,Yes,No,Yes,No,Yes,Month-to-month,No,Credit card (automatic),87.78,6029.74,No
8144-QNKMR,Female,0,No,No,23,Yes,No,Fiber optic,Yes,No,Yes,No,No,Yes,One year,Yes,Bank transfer (automatic),115.43,2629.45,No
1573-QFUEB,Male,0,No,No,38,Yes,Yes,DSL,Yes,No,Yes,No,Yes,No,One year,No,Electronic check,78.46,2974.16,No
4912-LNWSJ,Male,0,Yes,No,64,Yes,Yes,No,No internet service,No internet service,No internet service,No internet service,No internet service,No internet service,Month-to-month,Yes,Electronic check,42.67,2717.87,No
7538-NFAAF,Male,0,No,No,2,No,No phone service,Fiber optic,No,No,No,No,No,No,Two year,No,Bank transfer (automatic),68.44,157.17,No
8370-MLKGT,Male,1,No,No,48,Yes,No,Fiber optic,No,No,No,No,No,Yes,Month-to-month,No,Electronic check,94.04,4508.54,No
1114-QYXJW,Female,0,No,No,64,Yes,No,No,No internet service,No internet service,No internet service,No internet service,No internet service,No internet service,Two year,No,Electronic check,44.93,2888.22,No
3138-FJAGW,Female,1,Yes,No,63,Yes,No,DSL,Yes,No,No,No,Yes,Yes,Two year,Yes,Credit card (automatic),75.9,4764.81,No
7860-HHJCD,Male,0,Yes,Yes,37,Yes,Yes,No,No internet service,No internet service,No internet service,No internet service,No internet service,No internet service,Month-to-month,Yes,Mailed check,35.62,1333.51,No
9933-SSGWE,Female,1,Yes,No,27,Yes,No,Fiber optic,No,Yes,No,Yes,No,No,Month-to-month,No,Mailed check,107.16,2899.63,No
9717-NHULG,Female,0,No,No,13,Yes,Yes,Fiber optic,No,Yes,Yes,No,Yes,No,One year,Yes,Mailed check,105.25,1374.83,Yes
7151-TQMHK,Male,0,No,No,43,Yes,Yes,No,No internet service,No internet service,No internet service,No internet service,No internet service,No internet service,Month-to-month,Yes,Bank transfer (automatic),44.25,1892.12,No
8868-JZDDH,Male,0,No,No,65,Yes,No,No,No internet service,No internet service,No internet service,No internet service,No internet service,No internet service,Month-to-month,Yes,Bank transfer (automatic),38.31,2495.81,No
1026-XJCQY,Female,0,Yes,Yes,37,Yes,No,Fiber optic,Yes,Yes,Yes,Yes,No,No,One year,Yes,Credit card (automatic),110.16,4064.52,No
9942-CVJWQ,Female,1,No,No,48,Yes,Yes,Fiber optic,No,Yes,No,Yes,Yes,No,Two year,No,Bank transfer (automatic),108.12,5188.09,No
7584-WXDTD,Male,0,No,No,20,Yes,Yes,No,No internet service,No internet service,No internet service,No internet service,No internet service,No internet service,Month-to-month,Yes,Credit card (automatic),46.35,948.96,Yes
9494-REHXR,Male,0,No,No,54,No,No phone service,No,No internet service,No internet service,No internet service,No internet service,No internet service,No internet service,One year,No,Bank transfer (automatic),20.64,1129.7,No
3063-VTBGW,Male,0,Yes,No,30,No,No phone service,Fiber optic,Yes,No,No,Yes,No,No,Two year,No,Mailed check,78.17,2318.47,No
4157-AQXPZ,Female,0,Yes,No,26,Yes,Yes,Fiber optic,Yes,No,Yes,No,No,Yes,Month-to-month,No,Bank transfer (automatic),107.34,2785.17,No
2026-SRZNV,Female,0,No,No,17,Yes,No,Fiber optic,No,No,No,No,No,No,Month-to-month,Yes,Electronic check,85.56,1446.9,No
2308-BTAWA,Male,0,No,No,47,Yes,Yes,No,No internet service,No internet service,No internet service,No internet service,No internet service,No internet service,Month-to-month,No,Bank transfer (automatic),44.06,2084.02,No
7196-LRQLM,Female,0,No,No,1,Yes,No,No,No internet service,No internet service,No internet service,No internet service,No internet service,No internet service,Month-to-month,No,Mailed check,41.66,61.95,Yes
5529-STLJB,Female,0,Yes,Yes,67,Yes,No,DSL,No,No,Yes,No,No,Yes,Month-to-month,No,Electronic check,79.03,5303.3,No
8012-FLZUJ,Male,0,Yes,Yes,70,Yes,No,Fiber optic,No,Yes,Yes,Yes,Yes,Yes,Month-to-month,No,Electronic check,118.75,8323.08,No
5273-HRDYZ,Female,0,Yes,Yes,69,Yes,Yes,Fiber optic,Yes,Yes,Yes,No,Yes,No,Month-to-month,Yes,Bank transfer (automatic),110.19,7615.94,No
3686-FNRRB,Male,0,Yes,No,69,Yes,No,DSL,No,No,Yes,No,Yes,Yes,Month-to-month,Yes,Credit card (automatic),78.75,5428.11,No
7398-BJTXR,Female,0,Yes,Yes,61,Yes,Yes,DSL,Yes,No,No,No,No,No,Month-to-month,No,Mailed check,67.72,4171.18,No
2437-SAFCZ,Female,0,No,No,60,Yes,No,Fiber optic,No,Yes,No,No,No,No,Month-to-month,Yes,Mailed check,104.65,6290.23,No
4314-PUZZD,Female,0,Yes,No,30,Yes,No,DSL,Yes,No,No,No,No,Yes,One year,No,Credit card (automatic),81.18,2430.22,No
4544-KVJFU,Female,0,No,No,12,Yes,No,DSL,Yes,No,No,No,No,Yes,One year,No,Electronic check,70.07,810.86,No
5455-TKMAA,Female,1,Yes,Yes,0,Yes,Yes,Fiber optic,No,Yes,Yes,Yes,No,No,One year,Yes,Electronic check,108.35, ,No
1003-EJBDW,Female,0,Yes,Yes,1,Yes,Yes,Fiber optic,Yes,No,Yes,Yes,No,Yes,Month-to-month,No,Electronic check,109.24,118.34,No
8690-GYCAJ,Female,0,Yes,No,51,Yes,Yes,DSL,No,No,No,No,Yes,No,Month-to-month,No,Electronic check,69.32,3550.54,No
3382-BWZGH,Female,0,Yes,Yes,14,Yes,Yes,No,No internet service,No internet service,No internet service,No internet service,No internet service,No internet service,One year,No,Mailed check,34.79,463.18,No
7464-YGSAP,Male,0,No,No,11,Yes,Yes,Fiber optic,No,No,No,No,Yes,Yes,Two year,No,Electronic check,106.02,1145.8,Yes
9883-MRSRS,Female,0,No,No,63,Yes,Yes,DSL,No,No,Yes,No,No,Yes,One year,Yes,Electronic check,76.25,4835.58,No
8979-AXXXJ,Female,1,No,No,11,Yes,No,DSL,No,No,Yes,No,No,No,Month-to-month,Yes,Electronic check,69.93,766.43,No
6246-JWKHS,Female,0,No,No,11,Yes,No,No,No internet service,No internet service,No internet service,No internet service,No internet service,No internet service,Month-to-month,No,Electronic check,34.2,370.98,No
1444-KEJLB,Male,0,Yes,No,34,Yes,Yes,Fiber optic,Yes,No,No,Yes,No,Yes,Month-to-month,Yes,Mailed check,110.51,3761.29,No
8781-KJDZW,Male,0,Yes,No,17,Yes,No,Fiber optic,No,No,No,No,No,Yes,Two year,Yes,Electronic check,90.36,1538.42,No
5336-JMZFS,Male,0,Yes,Yes,5,Yes,Yes,No,No internet service,No internet service,No internet service,No internet service,No internet service,No internet service,One year,No,Bank transfer (automatic),33.6,142.61,No
9131-UWYBF,Male,0,Yes,Yes,50,Yes,No,DSL,No,No,No,No,No,Yes,Month-to-month,Yes,Bank transfer (automatic),64.02,3220.07,No
2299-PKAPC,Male,0,Yes,Yes,37,Yes,No,DSL,Yes,No,No,No,No,No,Month-to-month,No,Bank transfer (automatic),67.62,2504.88,No
4665-JXSQV,Male,0,No,No,34,Yes,Yes,Fiber optic,No,Yes,Yes,No,Yes,No,Month-to-month,Yes,Mailed check,105.97,3633.49,No
2624-GUTAF,Male,0,No,No,17,Yes,Yes,DSL,No,Yes,No,No,Yes,No,One year,Yes,Mailed check,80.15,1371.98,No
3043-ARBWQ,Male,0,Yes,No,47,No,No phone service,Fiber optic,Yes,Yes,Yes,No,No,No,Month-to-month,No,Bank transfer (automatic),89.51,4208.62,No
7854-MZGPA,Male,1,Yes,Yes,41,Yes,No,DSL,Yes,No,No,Yes,No,No,Month-to-month,Yes,Electronic check,75.97,3110.45,No
8495-PEVZB,Female,1,No,No,41,Yes,Yes,No,No internet service,No internet service,No internet service,No internet service,No internet service,No internet service,Month-to-month,No,Electronic check,37.17,1546.03,Yes
8610-TJRUM,Female,0,No,No,68,Yes,No,DSL,Yes,No,No,No,Yes,No,Two year,No,Mailed check,81.97,5566.71,No
6997-BYYFM,Female,0,No,No,41,Yes,Yes,No,No internet service,No internet service,No internet service,No internet service,No internet service,No internet service,Month-to-month,Yes,Credit card (automatic),38.22,1564.17,No
3148-KGWSW,Female,0,Yes,Yes,67,Yes,Yes,Fiber optic,No,Yes,Yes,Yes,No,No,Month-to-month,No,Mailed check,102.7,6869.76,No
8135-TDVUC,Female,0,Yes,Yes,63,Yes,No,Fiber optic,Yes,No,Yes,No,No,No,Month-to-month,Yes,Electronic check,98.7,6202.13,Yes
1789-UKHKW,Female,0,No,No,7,Yes,Yes,DSL,Yes,No,No,No,No,No,One year,Yes,Electronic check,69.39,485.6,Yes
4272-JKBAK,Female,0,Yes,Yes,15,Yes,No,Fiber optic,Yes,No,No,No,No,Yes,Month-to-month,Yes,Electronic check,97.68,1421.5,Yes
1151-ULNJU,Male,0,No,No,50,Yes,No,Fiber optic,No,No,No,Yes,Yes,Yes,Two year,Yes,Credit card (automatic),106.25,5306.08,No
4847-AMEQP,Female,0,Yes,Yes,10,Yes,No,Fiber optic,Yes,No,Yes,Yes,Yes,No,One year,No,Electronic check,109.03,1088.62,No
5270-KQSXZ,Female,0,No,No,53,Yes,No,DSL,No,No,No,No,No,No,Month-to-month,No,Credit card (automatic),64.24,3396.53,No
1748-RCLTP,Female,1,No,No,29,Yes,No,Fiber optic,No,No,No,Yes,No,No,Two year,No,Credit card (automatic),92.95,2705.28,Yes
8269-XZSSV,Male,1,Yes,Yes,22,Yes,No,No,No internet service,No internet service,No internet service,No internet service,No internet service,No internet service,Month-to-month,No,Mailed check,45.93,988.44,No
3097-HJTJD,Male,0,Yes,No,39,Yes,Yes,DSL,Yes,No,No,Yes,Yes,Yes,One year,Yes,Mailed check,90.25,3530.9,No
8187-TQXVX,Male,0,Yes,Yes,21,Yes,No,Fiber optic,No,No,No,No,Yes,No,Month-to-month,No,Electronic check,96.3,2038.4,Yes
3337-CJVYC,Female,0,No,No,35,Yes,No,Fiber optic,No,Yes,Yes,No,Yes,No,Month-to-month,Yes,Bank transfer (automatic),110.82,3904.45,No
8698-MVSBM,Male,0,No,No,55,Yes,No,No,No internet service,No internet service,No internet service,No internet service,No internet service,No internet service,Month-to-month,No,Electronic check,42.96,2380.98,No
1800-JUSSR,Male,1,Yes,No,39,No,No phone service,Fiber optic,No,No,No,No,Yes,No,One year,Yes,Electronic check,75.25,2936.33,No
1132-PMNFS,Female,0,Yes,Yes,71,Yes,No,DSL,No,Yes,Yes,Yes,No,Yes,Month-to-month,Yes,Electronic check,89.51,6360.56,No
6467-KBBJN,Male,0,No,Yes,35,Yes,Yes,DSL,No,No,No,No,Yes,No,One year,Yes,Mailed check,70.37,2460.94,No
9971-TMHED,Female,0,No,No,59,Yes,No,No,No internet service,No internet service,No internet service,No internet service,No internet service,No internet service,Month-to-month,Yes,Electronic check,41.33,2420.26,No
1646-XAWQQ,Male,0,No,No,37,Yes,Yes,Fiber optic,Yes,No,No,No,No,No,Two year,Yes,Mailed check,100.5,3720.97,No
9626-UDZEP,Male,0,Yes,No,61,Yes,No,DSL,Yes,No,Yes,No,No,No,Month-to-month,Yes,Electronic check,77.55,4715.32,No
6765-FRRZX,Male,0,Yes,Yes,68,Yes,No,No,No internet service,No internet service,No internet service,No internet service,No internet service,No internet service,Month-to-month,Yes,Bank transfer (automatic),43.4,2956.73,No
4596-SVASY,Male,0,No,No,64,Yes,Yes,Fiber optic,No,No,No,No,No,Yes,Month-to-month,Yes,Mailed check,98.2,6292.56,No
2082-UBKVZ,Male,0,No,No,3,No,No phone service,DSL,No,No,No,Yes,No,No,One year,Yes,Bank transfer (automatic),51.2,147.9,No
7549-TGVRY,Male,0,Yes,No,11,Yes,Yes,Fiber optic,Yes,Yes,Yes,No,No,No,Month-to-month,Yes,Electronic check,103.47,1158.89,Yes
6425-ANUUK,Female,0,No,No,68,Yes,No,No,No internet service,No internet service,No internet service,No internet service,No internet service,No internet service,Month-to-month,Yes,Bank transfer (automatic),51.77,3513.65,No
2538-WVXSV,Male,0,No,No,57,Yes,No,DSL,No,No,Yes,Yes,No,Yes,Two year,No,Electronic check,81.98,4697.6,No
4624-UMVDH,Male,0,Yes,Yes,42,Yes,No,DSL,No,No,No,Yes,No,Yes,Month-to-month,Yes,Bank transfer (automatic),78.07,3279.79,No
2929-KVCTV,Female,0,No,Yes,46,No,No phone service,No,No internet service,No internet service,No internet service,No internet service,No internet service,No internet service,One year,Yes,Mailed check,21.57,989.26,No
7039-RDQFF,Female,0,No,No,3,No,No phone service,Fiber optic,No,No,No,No,Yes,No,Two year,No,Bank transfer (automatic),79.84,249.86,No
8752-QZLJZ,Female,0,Yes,Yes,37,Yes,Yes,No,No internet service,No internet service,No internet service,No internet service,No internet service,No internet service,Month-to-month,Yes,Electronic check,35.39,1289.61,No
6601-WBNVV,Female,0,Yes,Yes,3,Yes,Yes,Fiber optic,No,No,Yes,No,No,No,Month-to-month,Yes,Credit card (automatic),99.96,290.31,No
7434-DPCVR,Female,0,No,No,45,No,No phone service,No,No internet service,No internet service,No internet service,No internet service,No internet service,No internet service,Month-to-month,Yes,Mailed check,20.04,915.18,No
2744-TTBCE,Male,0,No,No,41,Yes,Yes,Fiber optic,No,Yes,No,Yes,Yes,Yes,Two year,Yes,Bank transfer (automatic),110.89,4523.95,No
1630-NXBQL,Female,0,Yes,No,46,Yes,No,Fiber optic,Yes,Yes,Yes,No,No,No,Two year,Yes,Electronic check,107.46,4928.9,Yes
8525-MSYDH,Male,0,No,No,50,Yes,No,DSL,No,No,No,No,Yes,No,Month-to-month,No,Bank transfer (automatic),68.53,3416.82,No
3427-ERAKC,Male,0,Yes,No,72,No,No phone service,DSL,Yes,No,Yes,No,No,No,Month-to-month,Yes,Credit card (automatic),51.15,3696.31,No
6536-UMLLE,Female,0,Yes,No,37,Yes,Yes,Fiber optic,Yes,No,No,Yes,No,Yes,Month-to-month,Yes,Credit card (automatic),103.42,3824.08,No
4379-YAUDC,Female,1,No,No,59,Yes,No,No,No internet service,No internet service,No internet service,No internet service,No internet service,No internet service,Month-to-month,No,Credit card (automatic),46.92,2765.22,No
3570-GHWXS,Female,0,Yes,No,32,Yes,No,Fiber optic,No,No,No,Yes,No,No,Month-to-month,Yes,Mailed check,99.93,3193.22,No
2315-YWBKU,Female,0,No,No,54,Yes,Yes,No,No internet service,No internet service,No internet service,No internet service,No internet service,No internet service,Two year,No,Electronic check,40.44,2184.0,No
1802-BQJLU,Male,0,Yes,No,20,Yes,Yes,DSL,No,No,No,No,No,Yes,Month-to-month,Yes,Electronic check,74.22,1445.18,Yes
5903-TDAGE,Male,0,Yes,No,31,Yes,No,DSL,Yes,No,No,Yes,No,No,Month-to-month,No,Bank transfer (automatic),82.72,2584.77,No
3915-UDDEH,Male,0,Yes,Yes,44,Yes,No,DSL,No,Yes,Yes,No,Yes,No,Month-to-month,No,Electronic check,80.77,3580.47,No
2775-EPCDW,Female,0,No,No,70,Yes,No,Fiber optic,Yes,No,No,No,Yes,No,Two year,No,Electronic check,108.6,7599.59,No
1163-BBNSS,Male,0,Yes,No,65,Yes,Yes,Fiber optic,Yes,Yes,Yes,No,No,Yes,Month-to-month,Yes,Electronic check,115.85,7536.0,No
7210-BJRSJ,Male,0,Yes,No,19,Yes,No,No,No internet service,No internet service,No internet service,No internet service,No internet service,No internet service,One year,Yes,Electronic check,45.89,857.86,No
8619-WUVZV,Male,0,Yes,Yes,30,Yes,Yes,Fiber optic,No,Yes,No,No,No,No,Two year,Yes,Mailed check,98.42,2951.83,No
6268-KJVHR,Female,0,No,No,5,Yes,No,DSL,No,No,Yes,No,Yes,Yes,One year,No,Bank transfer (automatic),85.07,423.89,Yes
5524-KLBTB,Male,0,Yes,No,50,Yes,No,DSL,No,No,No,Yes,No,Yes,Month-to-month,Yes,Mailed check,73.56,3681.68,No
1664-GNHXY,Female,1,Yes,No,5,Yes,Yes,Fiber optic,Yes,No,No,Yes,No,No,One year,Yes,Mailed check,96.2,475.27,No
4539-ZCDJY,Female,0,No,No,1,Yes,No,Fiber optic,No,No,No,No,No,Yes,Month-to-month,Yes,Credit card (automatic),105.28,85.43,Yes
5531-SRMYY,Female,0,No,No,54,Yes,No,DSL,Yes,No,Yes,No,No,No,Month-to-month,Yes,Electronic check,75.23,4047.46,No
5032-TQQCF,Male,0,No,No,32,No,No phone service,DSL,No,No,Yes,No,Yes,No,Two year,No,Bank transfer (automatic),57.11,1822.24,No
9909-FRXQF,Female,0,No,No,13,Yes,No,No,No internet service,No internet service,No internet service,No internet service,No internet service,No internet service,One year,Yes,Mailed check,44.28,546.49,No
8736-ATGRM,Female,1,Yes,Yes,55,Yes,Yes,Fiber optic,No,No,No,No,No,No,Month-to-month,No,Mailed check,86.24,4741.52,Yes
6121-KNYVL,Female,0,Yes,No,56,No,No phone service,Fiber optic,No,Yes,Yes,No,No,No,One year,Yes,Credit card (automatic),81.6,4565.16,No
9470-XRQAN,Male,0,Yes,No,61,Yes,Yes,DSL,No,No,No,No,Yes,No,One year,No,Electronic check,66.52,4039.67,No
2913-DWGQW,Male,0,No,No,59,Yes,Yes,DSL,Yes,No,No,Yes,No,No,Two year,Yes,Credit card (automatic),84.65,5006.96,No
6380-UULYX,Female,0,No,No,39,Yes,Yes,Fiber optic,Yes,No,No,No,No,Yes,Two year,Yes,Mailed check,97.52,3799.74,No
4039-VECNQ,Female,1,No,No,69,Yes,No,Fiber optic,No,No,No,No,Yes,No,Month-to-month,No,Credit card (automatic),93.98,6517.94,No
6251-VKVXC,Male,0,No,No,41,Yes,Yes,Fiber optic,No,No,No,Yes,No,No,Month-to-month,Yes,Mailed check,94.78,3897.55,Yes
5042-FRKGG,Female,1,Yes,No,50,Yes,No,No,No internet service,No internet service,No internet service,No internet service,No internet service,No internet service,Month-to-month,Yes,Electronic check,39.38,1979.56,No
4192-CCRYN,Male,0,No,No,10,Yes,No,Fiber optic,No,No,No,No,Yes,No,Month-to-month,No,Mailed check,97.14,981.89,Yes
9345-DZQTB,Female,0,Yes,No,39,No,No phone service,DSL,No,No,No,Yes,No,Yes,One year,Yes,Credit card (automatic),57.79,2288.86,No
6436-KXVWX,Male,0,Yes,Yes,21,Yes,Yes,No,No internet service,No internet service,No internet service,No internet service,No internet service,No internet service,One year,No,Electronic check,36.28,774.51,No
7485-FGWQX,Female,1,Yes,Yes,58,Yes,No,Fiber optic,No,Yes,No,Yes,No,No,Month-to-month,Yes,Credit card (automatic),102.81,5946.63,No
8154-QDZFF,Male,0,Yes,Yes,48,Yes,No,DSL,Yes,Yes,No,Yes,No,Yes,Two year,Yes,Bank transfer (automatic),90.4,4323.2,No
2314-BKWWM,Male,0,Yes,Yes,51,No,No phone service,Fiber optic,No,No,No,No,Yes,Yes,Month-to-month,No,Credit card (automatic),79.53,4031.72,No
3831-JYBBB,Female,0,No,No,55,Yes,Yes,Fiber optic,No,No,Yes,No,No,Yes,Two year,Yes,Credit card (automatic),102.18,5593.61,No
8990-CYEPZ,Male,0,No,No,45,Yes,No,No,No internet service,No internet service,No internet service,No internet service,No internet service,No internet service,Month-to-month,No,Electronic check,39.46,1762.18,No
2042-GTVXA,Male,0,No,No,5,No,No phone service,No,No internet service,No internet service,No internet service,No internet service,No internet service,No internet service,Two year,No,Mailed check,18.34,92.47,No
7992-HPXXE,Female,0,No,No,16,Yes,Yes,DSL,No,Yes,No,Yes,No,No,Month-to-month,Yes,Bank transfer (automatic),74.85,1159.95,No
5235-GQVHC,Male,1,Yes,Yes,70,Yes,Yes,Fiber optic,No,No,Yes,Yes,No,No,Month-to-month,No,Credit card (automatic),104.93,7353.7,No
1578-BJZGK,Female,0,Yes,Yes,50,Yes,No,Fiber optic,No,Yes,Yes,Yes,No,Yes,Month-to-month,Yes,Electronic check,118.75,5929.4,No
7074-RGDDF,Male,1,Yes,Yes,69,Yes,Yes,No,No internet service,No internet service,No internet service,No internet service,No internet service,No internet service,Two year,No,Credit card (automatic),33.27,2313.77,No
1775-MRSXH,Female,0,Yes,Yes,5,Yes,No,DSL,No,No,Yes,Yes,No,Yes,Month-to-month,Yes,Electronic check,87.06,472.35,Yes
6892-XAUCP,Female,0,No,No,13,Yes,No,Fiber optic,No,No,No,No,No,Yes,Month-to-month,Yes,Bank transfer (automatic),94.34,1251.93,No
8475-MPQPT,Male,0,Yes,Yes,48,Yes,No,No,No internet service,No internet service,No internet service,No internet service,No internet service,No internet service,Two year,Yes,Bank transfer (automatic),41.6,1977.19,No
8731-DKWKM,Male,0,No,No,3,Yes,Yes,Fiber optic,No,No,Yes,No,No,No,One year,No,Bank transfer (automatic),103.18,316.16,No
7678-YGYTA,Male,0,No,No,5,Yes,No,DSL,No,No,No,No,No,Yes,Two year,Yes,Electronic check,76.01,388.79,No
8753-KGNPN,Female,0,Yes,Yes,24,Yes,No,Fiber optic,Yes,Yes,No,Yes,Yes,No,Two year,Yes,Mailed check,113.07,2754.16,Yes
1497-VJDPQ,Female,0,No,No,49,Yes,No,DSL,No,Yes,Yes,No,Yes,No,Month-to-month,Yes,Electronic check,81.98,4043.19,No
1931-YQZSA,Male,0,No,No,69,Yes,No,Fiber optic,Yes,No,No,Yes,No,Yes,Two year,Yes,Mailed check,106.94,7386.68,No
2875-ZPCBN,Male,0,No,No,71,Yes,Yes,Fiber optic,No,No,Yes,Yes,Yes,Yes,Month-to-month,Yes,Mailed check,115.71,8214.28,No
6346-FEQLA,Male,0,Yes,Yes,32,No,No phone service,DSL,No,Yes,No,No,No,No,Two year,Yes,Credit card (automatic),51.25,1623.13,No
1518-FPHAX,Female,0,Yes,No,53,Yes,No,No,No internet service,No internet service,No internet service,No internet service,No internet service,No internet service,One year,Yes,Electronic check,32.57,1717.16,No
7240-QFSYS,Male,1,No,No,22,Yes,No,Fiber optic,No,No,Yes,No,Yes,No,Two year,Yes,Mailed check,100.81,2236.15,No
3661-KYAFC,Female,0,No,No,51,Yes,Yes,No,No internet service,No internet service,No internet service,No internet service,No internet service,No internet service,One year,Yes,Credit card (automatic),37.78,1919.93,No
6770-MDYPF,Male,1,Yes,Yes,65,Yes,Yes,DSL,No,Yes,No,Yes,Yes,Yes,One year,No,Bank transfer (automatic),84.45,5489.56,No
9511-SDVBX,Male,1,No,No,46,Yes,No,DSL,Yes,Yes,No,Yes,Yes,No,Two year,Yes,Electronic check,88.04,4040.97,No
4540-HBYPQ,Male,1,Yes,No,9,No,No phone service,No,No internet service,No internet service,No internet service,No internet service,No internet service,No internet service,Month-to-month,Yes,Credit card (automatic),18.91,178.72,Yes
8652-NGUNF,Male,0,No,No,20,Yes,Yes,Fiber optic,No,Yes,No,Yes,No,Yes,Month-to-month,No,Electronic check,101.2,2025.36,No
8600-VFRYV,Female,0,Yes,No,68,Yes,Yes,Fiber optic,Yes,No,Yes,No,Yes,No,Two year,No,Mailed check,103.31,7027.86,No
2788-WBQNA,Female,0,No,No,57,Yes,No,Fiber optic,No,No,Yes,Yes,Yes,No,Two year,Yes,Bank transfer (automatic),103.02,5892.53,No
7533-HWXQR,Male,0,Yes,No,59,Yes,No,DSL,No,No,No,No,No,No,One year,No,Electronic check,63.05,3723.12,Yes
1468-XSKCN,Female,0,No,No,3,Yes,Yes,Fiber optic,No,No,No,No,No,No,Month-to-month,Yes,Bank transfer (automatic),95.9,299.68,Yes
9106-WCUBK,Female,0,No,No,28,Yes,No,DSL,No,No,Yes,No,Yes,Yes,Month-to-month,Yes,Bank transfer (automatic),80.57,,No
5024-ADXRU,Male,0,Yes,No,37,Yes,Yes,DSL,No,Yes,No,No,No,No,One year,No,Bank transfer (automatic),65.85,2413.36,No
6142-LAPUE,Male,0,Yes,No,57,Yes,Yes,No,No internet service,No internet service,No internet service,No internet service,No internet service,No internet service,Two year,Yes,Bank transfer (automatic),38.57,2182.22,No
5418-KWDCF,Female,0,No,No,7,Yes,Yes,DSL,No,No,No,No,No,Yes,Month-to-month,No,Electronic check,61.04,434.19,No
2405-WGJGV,Male,1,No,No,55,Yes,No,No,No internet service,No internet service,No internet service,No internet service,No internet service,No internet service,Month-to-month,No,Electronic check,40.21,2211.66,No
6975-MVBSJ,Male,0,No,No,44,Yes,No,Fiber optic,Yes,No,Yes,No,No,No,Month-to-month,Yes,Electronic check,98.86,4358.37,Yes
4412-DCSWX,Male,0,Yes,Yes,42,Yes,No,DSL,No,No,Yes,No,No,No,Month-to-month,Yes,Electronic check,71.72,3015.21,Yes
3191-UCUPW,Male,0,Yes,Yes,62,Yes,No,Fiber optic,Yes,No,No,No,No,Yes,One year,No,Mailed check,98.57,6084.66,No
1608-UMPNT,Male,1,Yes,No,57,Yes,No,DSL,No,No,No,Yes,No,Yes,Month-to-month,No,Electronic check,77.38,4402.43,No
6390-KLBTS,Female,0,No,Yes,52,No,No phone service,DSL,Yes,No,No,Yes,No,No,Month-to-month,No,Credit card (automatic),56.58,2970.87,No
6102-TGFYY,Female,1,Yes,No,36,Yes,No,DSL,Yes,No,No,No,Yes,Yes,Month-to-month,Yes,Electronic check,80.02,2862.28,Yes
8673-BPTAZ,Male,0,Yes,No,70,No,No phone service,Fiber optic,No,Yes,Yes,Yes,Yes,Yes,Two year,Yes,Credit card (automatic),98.39,6841.53,No
8082-HNXWV,Male,0,No,No,61,Yes,No,Fiber optic,No,No,Yes,No,No,No,One year,Yes,Mailed check,96.53,5893.52,No
9855-TYYAR,Male,0,No,Yes,21,Yes,No,Fiber optic,No,No,Yes,No,No,No,One year,Yes,Bank transfer (automatic),93.12,1943.71,No
4005-MESWK,Male,0,No,No,57,Yes,Yes,DSL,No,No,No,No,No,Yes,Two year,No,Electronic check,76.66,4362.06,No
7283-HTBXK,Male,1,No,No,41,Yes,No,Fiber optic,No,No,No,No,Yes,Yes,Month-to-month,Yes,Credit card (automatic),101.44,4178.75,Yes
5542-VAYQZ,Female,0,No,No,66,Yes,Yes,Fiber optic,No,Yes,No,No,No,No,Two year,No,Electronic check,99.65,6596.94,No
5960-EPPYP,Male,0,Yes,Yes,27,No,No phone service,No,No internet service,No internet service,No internet service,No internet service,No internet service,No internet service,Month-to-month,Yes,Electronic check,20.63,554.3,No
4656-EHPJJ,Female,0,No,No,58,Yes,No,DSL,No,No,No,No,No,No,Month-to-month,No,Credit card (automatic),72.36,4187.18,No
1130-YWGDW,Female,1,No,Yes,19,Yes,Yes,DSL,No,Yes,Yes,No,Yes,Yes,Month-to-month,Yes,Mailed check,92.47,1740.62,Yes
8529-XPTTF,Male,0,Yes,No,67,Yes,Yes,Fiber optic,No,No,No,No,No,Yes,Two year,Yes,Electronic check,89.86,6020.48,No
5715-GUZBB,Female,1,Yes,Yes,12,Yes,No,Fiber optic,Yes,Yes,Yes,No,Yes,No,Month-to-month,Yes,Electronic check,116.04,1393.06,Yes
3377-CAZPU,Female,0,Yes,Yes,13,No,No phone service,DSL,Yes,No,Yes,No,No,No,Month-to-month,No,Electronic check,55.05,704.04,No
6094-TSDDM,Male,0,Yes,No,71,No,No phone service,DSL,No,No,No,Yes,Yes,No,Month-to-month,No,Electronic check,56.5,3987.68,No
4339-WHHNE,Male,0,Yes,Yes,20,Yes,Yes,No,No internet service,No internet service,No internet service,No internet service,No internet service,No internet service,Two year,Yes,Electronic check,46.13,941.23,No
8725-AWQXH,Male,0,Yes,Yes,37,Yes,Yes,DSL,No,No,Yes,Yes,No,No,Month-to-month,No,Electronic check,69.43,2582.78,No
9101-WLGED,Male,1,No,No,33,No,No phone service,Fiber optic,No,No,Yes,Yes,Yes,Yes,Month-to-month,Yes,Electronic check,97.19,3212.89,Yes
6247-ZPZUS,Female,0,Yes,Yes,57,Yes,No,Fiber optic,Yes,No,No,No,No,No,Month-to-month,Yes,Bank transfer (automatic),94.46,5388.36,Yes
7523-YWDQM,Female,1,No,No,17,Yes,No,Fiber optic,No,No,No,Yes,Yes,No,Month-to-month,No,Bank transfer (automatic),102.11,1752.81,Yes
8911-EVMYU,Female,1,No,No,24,No,No phone service,Fiber optic,No,Yes,No,Yes,No,No,Two year,Yes,Bank transfer (automatic),79.71,1909.71,No
4104-WEANK,Female,0,Yes,Yes,65,Yes,Yes,No,No internet service,No internet service,No internet service,No internet service,No internet service,No internet service,Month-to-month,Yes,Electronic check,36.71,2406.87,Yes
2131-ZAQGH,Male,0,No,No,67,Yes,No,Fiber optic,Yes,No,No,No,No,No,Month-to-month,Yes,Bank transfer (automatic),98.81,6594.8,No
2899-KSHTL,Female,0,No,No,13,Yes,Yes,DSL,No,Yes,No,No,No,Yes,Two year,No,Credit card (automatic),80.92,1045.58,No
8066-LJNSM,Male,0,No,No,35,Yes,Yes,DSL,No,Yes,No,No,Yes,Yes,Two year,No,Credit card (automatic),86.19,3038.49,No
9154-NHAKB,Male,0,No,No,33,No,No phone service,No,No internet service,No internet service,No internet service,No internet service,No internet service,No internet service,Two year,No,Credit card (automatic),18.57,622.02,No
1321-JGXTU,Female,0,No,No,37,Yes,Yes,No,No internet service,No internet service,No internet service,No internet service,No internet service,No internet service,Month-to-month,No,Electronic check,39.95,1494.69,No
5908-CWMLQ,Female,0,No,No,38,Yes,Yes,No,No internet service,No internet service,No internet service,No internet service,No internet service,No internet service,Month-to-month,No,Credit card (automatic),40.95,1565.28,No
2473-MQSNZ,Male,0,No,No,3,Yes,No,DSL,No,Yes,Yes,No,No,No,Two year,Yes,Electronic check,80.47,222.58,No
9910-CBNVN,Female,0,Yes,Yes,63,Yes,No,DSL,No,No,No,Yes,No,Yes,Month-to-month,No,Electronic check,64.86,4070.74,No
2953-PYELR,Female,0,No,No,18,Yes,No,Fiber optic,Yes,No,No,Yes,No,No,Month-to-month,Yes,Mailed check,93.57,1679.82,No
4538-BSTRR,Female,0,No,No,18,Yes,No,No,No internet service,No internet service,No internet service,No internet service,No internet service,No internet service,Two year,Yes,Electronic check,34.26,643.44,No
6909-HAZEV,Female,0,No,No,59,Yes,Yes,No,No internet service,No internet service,No internet service,No internet service,No internet service,No internet service,Month-to-month,No,Bank transfer (automatic),53.21,3140.83,No
5865-NAZNV,Male,0,No,No,70,No,No phone service,DSL,Yes,No,Yes,No,Yes,No,One year,Yes,Credit card (automatic),58.25,4115.41,No
7999-DYQEP,Male,0,Yes,No,65,Yes,No,No,No internet service,No internet service,No internet service,No internet service,No internet service,No internet service,Two year,No,Bank transfer (automatic),36.79,2363.74,No
6546-RHYFM,Female,0,Yes,Yes,21,Yes,No,Fiber optic,No,Yes,No,No,No,No,One year,No,Bank transfer (automatic),95.33,2012.34,No
8546-BKMUU,Male,1,Yes,No,54,Yes,No,DSL,No,Yes,No,No,No,Yes,Two year,No,Electronic check,80.11,4327.79,No
8171-JMAVH,Male,0,Yes,No,11,Yes,Yes,DSL,No,No,Yes,No,Yes,No,Two year,Yes,Bank transfer (automatic),75.37,806.98,No
5206-SUCUK,Female,0,No,No,29,Yes,No,Fiber optic,No,Yes,No,No,No,Yes,Two year,Yes,Electronic check,96.48,2784.11,No
4759-DTMCD,Female,0,No,No,18,Yes,No,DSL,No,Yes,Yes,No,Yes,No,One year,No,Electronic check,90.34,1623.86,No
7492-CNSXD,Male,0,Yes,No,16,Yes,No,Fiber optic,No,No,No,No,Yes,Yes,Month-to-month,No,Mailed check,101.31,1639.13,Yes
3662-DXQZB,Female,0,No,No,64,Yes,Yes,DSL,No,No,No,No,No,Yes,Month-to-month,Yes,Credit card (automatic),69.99,4447.92,No
7352-ACLJJ,Female,0,No,No,64,Yes,No,DSL,No,No,No,Yes,Yes,No,Two year,Yes,Electronic check,67.75,4338.38,No
1610-PJZUL,Male,0,Yes,No,11,Yes,No,No,No internet service,No internet service,No internet service,No internet service,No internet service,No internet service,Month-to-month,No,Credit card (automatic),42.54,446.68,No
7888-PMYQM,Male,0,Yes,Yes,27,Yes,Yes,No,No internet service,No internet service,No internet service,No internet service,No internet service,No internet service,Month-to-month,No,Mailed check,37.15,1002.02,No
6099-UTPER,Male,0,No,No,2,Yes,No,Fiber optic,No,Yes,No,No,No,No,Month-to-month,Yes,Electronic check,104.03,224.16,Yes
4875-YXAZX,Female,0,No,No,60,Yes,No,DSL,No,No,No,No,No,Yes,Month-to-month,No,Bank transfer (automatic),73.32,4380.43,No
9163-MGQXL,Female,0,Yes,Yes,21,Yes,No,No,No internet service,No internet service,No internet service,No internet service,No internet service,No internet service,Two year,No,Bank transfer (automatic),40.75,855.48,No
9867-GWBWY,Female,0,No,No,43,Yes,No,DSL,No,No,No,No,Yes,Yes,Two year,Yes,Credit card (automatic),75.6,3253.92,Yes
7322-QKWDG,Male,0,Yes,Yes,39,Yes,No,DSL,No,No,No,Yes,Yes,No,Month-to-month,Yes,Electronic check,77.81,3007.45,No
2180-GNJLF,Female,1,No,Yes,14,Yes,Yes,Fiber optic,No,No,Yes,Yes,Yes,No,Month-to-month,No,Electronic check,108.47,1503.15,No
4174-MFYXX,Female,0,Yes,No,26,Yes,No,DSL,No,No,No,No,No,No,Two year,No,Mailed check,58.67,1529.01,No
1013-MVJFQ,Male,0,Yes,No,8,Yes,No,Fiber optic,Yes,No,Yes,Yes,Yes,Yes,Month-to-month,No,Electronic check,118.75,935.52,No
1022-QLSSN,Female,0,Yes,No,11,No,No phone service,DSL,No,No,No,No,Yes,No,Month-to-month,No,Mailed check,50.78,584.24,No
6253-AZBZZ,Female,0,No,No,61,Yes,No,Fiber optic,Yes,No,Yes,No,No,No,Month-to-month,Yes,Mailed check,106.08,6460.81,No
7460-TAYNJ,Female,0,Yes,No,26,Yes,Yes,No,No internet service,No internet service,No internet service,No internet service,No internet service,No internet service,Month-to-month,No,Mailed check,47.05,1236.71,No
7027-NJHCX,Female,0,No,No,33,Yes,No,Fiber optic,No,No,No,No,No,No,One year,No,Credit card (automatic),96.08,3201.71,Yes
6991-GTSDE,Male,1,No,No,50,Yes,Yes,DSL,Yes,Yes,No,Yes,No,No,Month-to-month,Yes,Electronic check,76.64,3829.19,No
3077-CVDVN,Male,0,No,No,64,Yes,No,Fiber optic,No,No,No,Yes,No,No,One year,Yes,Electronic check,102.02,6553.41,No
2051-WEZAQ,Male,0,No,No,31,Yes,No,Fiber optic,No,No,No,No,No,Yes,One year,No,Mailed check,99.33,3061.42,No
3822-NWUGB,Female,0,No,No,63,Yes,No,Fiber optic,No,No,No,No,No,Yes,Month-to-month,No,Mailed check,96.56,6084.1,No
3552-VNUMN,Female,0,Yes,No,41,Yes,No,DSL,Yes,No,No,Yes,No,No,Month-to-month,Yes,Mailed check,76.43,3142.12,No
1582-ASEJJ,Female,0,Yes,No,3,Yes,No,DSL,Yes,No,No,No,No,No,Month-to-month,Yes,Bank transfer (automatic),70.98,229.61,Yes
6697-YURWN,Male,0,No,No,69,Yes,No,No,No internet service,No internet service,No internet service,No internet service,No internet service,No internet service,Two year,Yes,Electronic check,36.57,2529.1,No
2307-MZUJH,Male,1,No,No,19,Yes,No,DSL,No,Yes,No,No,No,No,Month-to-month,Yes,Credit card (automatic),64.64,1207.8,Yes
9261-CYSVH,Female,0,No,No,54,Yes,Yes,DSL,No,No,No,Yes,No,No,Two year,No,Electronic check,73.14,3941.84,No
6835-HALZF,Female,0,Yes,Yes,63,Yes,No,Fiber optic,No,No,No,No,Yes,No,Two year,No,Bank transfer (automatic),99.54,6250.0,No
2458-YXWZZ,Male,0,Yes,Yes,58,Yes,No,DSL,No,Yes,No,No,No,Yes,Month-to-month,No,Mailed check,71.24,4132.64,No
9264-ZTHLK,Male,0,No,No,44,Yes,No,No,No internet service,No internet service,No internet service,No internet service,No internet service,No internet service,Two year,Yes,Electronic check,44.7,1963.78,No
5584-SFAQZ,Female,0,No,No,21,Yes,No,Fiber optic,Yes,No,No,No,No,No,Month-to-month,Yes,Mailed check,101.68,2139.92,No
8755-AQNLS,Male,0,Yes,Yes,47,Yes,Yes,No,No internet service,No internet service,No internet service,No internet service,No internet service,No internet service,Month-to-month,No,Mailed check,34.8,1647.8,No
4837-XXRMQ,Female,1,No,No,37,Yes,No,No,No internet service,No internet service,No internet service,No internet service,No internet service,No internet service,Month-to-month,Yes,Electronic check,35.21,1276.8,Yes
9099-HWQBT,Male,0,No,No,48,Yes,No,DSL,No,Yes,No,Yes,No,No,One year,Yes,Mailed check,83.07,4002.52,No
2819-NYUSB,Male,0,Yes,No,25,Yes,Yes,Fiber optic,No,No,No,No,Yes,No,Month-to-month,Yes,Mailed check,96.05,2377.0,No
8731-JBZEH,Male,0,No,No,50,Yes,No,Fiber optic,Yes,Yes,Yes,No,Yes,No,Two year,No,Mailed check,115.54,5789.17,No
2279-QWNWY,Female,0,No,No,35,Yes,No,DSL,Yes,No,No,No,Yes,No,Two year,No,Mailed check,82.08,2852.12,No
8852-DEHRW,Male,0,Yes,No,70,Yes,No,Fiber optic,Yes,No,No,No,No,No,Month-to-month,No,Credit card (automatic),97.17,6796.38,No
3815-REPUK,Male,0,Yes,No,8,Yes,No,No,No internet service,No internet service,No internet service,No internet service,No internet service,No internet service,Month-to-month,No,Credit card (automatic),40.84,363.43,No
2468-KUYQS,Male,0,No,No,52,Yes,Yes,DSL,No,Yes,No,No,No,Yes,Month-to-month,Yes,Bank transfer (automatic),73.69,3830.84,Yes
4774-YWZWP,Male,0,Yes,No,37,Yes,Yes,No,No internet service,No internet service,No internet service,No internet service,No internet service,No internet service,Month-to-month,No,Credit card (automatic),35.33,1303.05,No
9642-QQREW,Female,1,Yes,No,42,Yes,Yes,DSL,No,Yes,Yes,Yes,No,No,Month-to-month,Yes,Electronic check,88.41,3690.95,No
4264-RWCHY,Female,1,No,No,38,Yes,No,DSL,Yes,Yes,No,No,Yes,No,One year,No,Electronic check,83.05,3144.86,No
4249-RPWNL,Female,0,No,No,9,Yes,No,No,No internet service,No internet service,No internet service,No internet service,No internet service,No internet service,Month-to-month,Yes,Mailed check,41.57,380.73,No
1147-MQSUU,Female,1,Yes,No,41,Yes,Yes,DSL,No,No,No,Yes,Yes,Yes,Two year,Yes,Bank transfer (automatic),79.14,3219.4,No
5132-BGKZU,Male,0,No,No,30,Yes,No,No,No internet service,No internet service,No internet service,No internet service,No internet service,No internet service,Two year,No,Bank transfer (automatic),36.67,1105.34,No
9050-ZDAPG,Female,0,Yes,Yes,17,Yes,No,Fiber optic,No,No,No,No,No,No,Month-to-month,Yes,Bank transfer (automatic),84.97,1428.68,Yes
8818-MAFJA,Female,0,Yes,Yes,67,Yes,Yes,No,No internet service,No internet service,No internet service,No internet service,No internet service,No internet service,One year,Yes,Electronic check,40.42,2708.81,No
3856-NXRCK,Male,0,Yes,Yes,16,Yes,Yes,Fiber optic,Yes,No,Yes,No,No,No,Month-to-month,No,Electronic check,108.12,1741.04,Yes
7917-JPZDM,Female,0,No,No,30,Yes,Yes,DSL,No,No,No,No,Yes,No,Month-to-month,Yes,Electronic check,74.19,2223.83,Yes
6486-VWGMV,Male,0,No,No,26,No,No phone service,Fiber optic,No,No,No,No,No,Yes,Two year,No,Mailed check,73.82,1918.71,Yes
8549-VSGJR,Female,0,No,No,33,Yes,No,Fiber optic,No,No,No,No,Yes,No,One year,Yes,Mailed check,98.84,3276.32,Yes
3289-SNLJU,Male,0,No,No,39,Yes,Yes,DSL,No,No,No,No,No,Yes,One year,Yes,Bank transfer (automatic),67.24,2588.54,No
5188-HKMQZ,Female,0,Yes,No,46,Yes,No,DSL,No,Yes,No,No,No,Yes,Month-to-month,Yes,Bank transfer (automatic),68.96,3190.07,No
4063-EZDXD,Male,1,Yes,Yes,24,Yes,Yes,Fiber optic,No,No,No,No,No,Yes,Month-to-month,No,Electronic check,89.57,2122.53,Yes
4274-ZDDQE,Male,0,Yes,Yes,25,Yes,No,DSL,Yes,No,Yes,No,Yes,Yes,Two year,No,Bank transfer (automatic),91.08,2272.89,No
1219-SZUZN,Female,0,No,No,51,Yes,No,DSL,Yes,Yes,No,No,Yes,No,Two year,Yes,Mailed check,78.24,3978.65,No
6525-ZNAFQ,Male,0,No,No,50,No,No phone service,No,No internet service,No internet service,No internet service,No internet service,No internet service,No internet service,One year,Yes,Electronic check,19.44,965.46,No
8715-QKHSX,Female,1,No,No,42,Yes,Yes,No,No internet service,No internet service,No internet service,No internet service,No internet service,No internet service,Month-to-month,No,Bank transfer (automatic),44.35,1868.74,No
3502-PLFKC,Male,0,Yes,No,37,Yes,Yes,Fiber optic,No,No,No,Yes,No,No,Month-to-month,No,Bank transfer (automatic),95.13,3518.54,No
5771-CMXDG,Female,0,No,No,8,Yes,Yes,Fiber optic,No,No,No,Yes,No,Yes,Month-to-month,Yes,Bank transfer (automatic),100.22,801.67,No
7488-XYCFZ,Male,0,No,No,41,Yes,Yes,Fiber optic,Yes,Yes,No,No,Yes,No,One year,No,Electronic check,106.18,4330.4,No
5549-WACEC,Male,0,No,No,16,Yes,No,DSL,No,No,Yes,No,Yes,Yes,Month-to-month,No,Mailed check,86.9,1378.59,No
9016-VKBCG,Male,0,Yes,Yes,5,No,No phone service,Fiber optic,Yes,No,Yes,No,Yes,No,Two year,No,Credit card (automatic),87.86,445.82,No
7542-VNXYU,Male,1,Yes,No,44,Yes,No,DSL,No,No,Yes,No,Yes,No,Two year,Yes,Electronic check,81.13,3583.33,No
1708-XXPQU,Male,0,No,No,38,Yes,Yes,DSL,Yes,No,Yes,No,No,No,Two year,Yes,Credit card (automatic),80.1,3062.42,No
6330-JSUDS,Female,0,No,No,38,Yes,Yes,DSL,No,No,Yes,No,No,Yes,Two year,Yes,Electronic check,75.34,2895.15,No
2559-PCZSM,Female,1,No,Yes,53,Yes,No,Fiber optic,No,No,No,Yes,No,Yes,Month-to-month,No,Electronic check,106.44,5640.15,No
5534-QCNTG,Female,0,Yes,No,24,Yes,No,No,No internet service,No internet service,No internet service,No internet service,No internet service,No internet service,Month-to-month,Yes,Bank transfer (automatic),34.79,842.92,No
5314-HDZQK,Female,0,No,No,24,Yes,No,No,No internet service,No internet service,No internet service,No internet service,No internet service,No internet service,Two year,Yes,Mailed check,37.04,898.63,No
4043-SCPFX,Female,0,Yes,Yes,12,Yes,No,DSL,No,No,No,No,No,Yes,Month-to-month,Yes,Bank transfer (automatic),74.08,905.99,Yes
8057-UDBMJ,Female,0,No,No,5,Yes,Yes,Fiber optic,No,No,No,Yes,Yes,No,Two year,No,Mailed check,113.23,570.19,No
7517-TKDHN,Female,0,Yes,Yes,67,Yes,No,Fiber optic,No,No,No,No,No,No,Month-to-month,Yes,Credit card (automatic),89.03,6004.27,No
3281-HFBQZ,Female,0,No,No,21,Yes,No,Fiber optic,No,No,Yes,No,Yes,No,Month-to-month,Yes,Credit card (automatic),104.59,2194.3,Yes
9566-YRTBE,Female,0,Yes,No,32,Yes,No,DSL,No,Yes,Yes,No,Yes,No,One year,Yes,Bank transfer (automatic),84.73,2704.39,No
7354-ZXRCZ,Female,1,No,No,66,Yes,Yes,Fiber optic,No,No,Yes,Yes,No,Yes,Month-to-month,Yes,Bank transfer (automatic),107.18,7056.87,No
3861-BUEHS,Female,0,Yes,No,15,Yes,No,Fiber optic,No,No,No,No,No,Yes,Month-to-month,Yes,Mailed check,92.92,1389.97,No
9687-XDEVH,Female,0,Yes,Yes,12,Yes,No,No,No internet service,No internet service,No internet service,No internet service,No internet service,No internet service,One year,No,Bank transfer (automatic),40.18,478.06,No
1701-QRZMV,Female,0,No,No,52,Yes,No,DSL,No,No,No,No,Yes,No,Two year,Yes,Credit card (automatic),71.67,3723.14,No
5809-YMSZX,Male,0,Yes,Yes,25,Yes,No,No,No internet service,No internet service,No internet service,No internet service,No internet service,No internet service,Month-to-month,No,Bank transfer (automatic),42.03,1056.45,No
4608-NQCFT,Male,0,No,No,18,Yes,No,Fiber optic,No,No,Yes,No,Yes,No,Month-to-month,Yes,Electronic check,104.07,1859.82,No
1645-QMMWG,Male,0,Yes,No,56,Yes,Yes,DSL,No,No,No,No,Yes,No,Two year,Yes,Bank transfer (automatic),76.03,4238.86,No
8116-UZVNJ,Male,1,No,Yes,19,Yes,No,Fiber optic,No,No,No,Yes,No,Yes,One year,No,Electronic check,102.56,1939.96,No
8028-YGJMC,Male,0,No,No,0,Yes,No,Fiber optic,No,Yes,No,No,No,Yes,Month-to-month,Yes,Mailed check,94.94, ,No
3827-DUMQB,Female,1,No,No,60,Yes,Yes,DSL,No,No,No,Yes,No,No,One year,Yes,Bank transfer (automatic),73.72,4437.36,No
6160-TSVCP,Male,0,Yes,Yes,70,Yes,No,Fiber optic,No,No,No,No,Yes,Yes,Month-to-month,Yes,Credit card (automatic),99.93,6996.15,No
5339-XSYAL,Female,0,No,No,66,Yes,Yes,Fiber optic,No,Yes,No,No,Yes,No,Month-to-month,Yes,Electronic check,106.07,6990.33,No
7329-CRFBR,Female,0,Yes,No,8,Yes,No,Fiber optic,No,No,No,No,Yes,No,Two year,Yes,Electronic check,101.11,828.07,No
4837-KHSQS,Male,1,Yes,Yes,34,Yes,Yes,DSL,No,No,No,No,Yes,No,Month-to-month,No,Electronic check,60.45,2045.19,No
8089-QBDZG,Male,0,No,No,64,Yes,Yes,No,No internet service,No internet service,No internet service,No internet service,No internet service,No internet service,Two year,Yes,Bank transfer (automatic),47.15,3025.5,No
4848-KZVMS,Female,0,Yes,No,46,Yes,Yes,No,No internet service,No internet service,No internet service,No internet service,No internet service,No internet service,Two year,No,Electronic check,36.74,1727.15,No
5963-RYSCN,Male,0,Yes,Yes,21,Yes,Yes,Fiber optic,No,No,Yes,Yes,No,Yes,Month-to-month,Yes,Electronic check,111.25,2335.92,No
8376-AJETD,Female,0,No,No,26,Yes,Yes,Fiber optic,No,No,No,No,Yes,Yes,Month-to-month,Yes,Electronic check,110.45,2888.41,Yes
6616-BYHKU,Male,0,Yes,No,22,Yes,No,Fiber optic,No,No,Yes,No,No,No,One year,Yes,Bank transfer (automatic),86.34,1887.44,No
4416-CXCMC,Female,0,Yes,Yes,46,Yes,No,DSL,No,No,No,No,Yes,Yes,Two year,Yes,Electronic check,73.57,3384.71,No
7279-GYESA,Female,0,No,No,47,Yes,No,DSL,No,Yes,No,No,No,No,Month-to-month,No,Mailed check,71.52,3365.69,No
2018-GXZQJ,Female,0,Yes,Yes,53,Yes,No,DSL,No,No,Yes,No,No,Yes,Month-to-month,Yes,Electronic check,70.61,3744.59,No
3809-FJMSF,Male,0,No,No,20,Yes,Yes,DSL,No,No,Yes,No,No,No,Month-to-month,No,Bank transfer (automatic),77.24,1528.85,No
1322-PFKTX,Female,0,Yes,No,52,Yes,Yes,DSL,No,No,No,Yes,No,Yes,Month-to-month,Yes,Electronic check,77.84,4036.69,No
5808-YGTZF,Male,0,No,No,32,Yes,Yes,DSL,No,No,No,No,Yes,Yes,Month-to-month,Yes,Electronic check,80.01,2544.28,Yes
7644-MXHZV,Female,0,No,Yes,2,Yes,No,Fiber optic,Yes,No,No,Yes,No,No,Month-to-month,No,Credit card (automatic),98.62,203.61,No
7345-ABRMH,Male,0,Yes,Yes,57,Yes,No,DSL,No,Yes,No,No,Yes,Yes,Month-to-month,Yes,Electronic check,82.51,4691.24,No
8576-MMHZJ,Female,0,No,Yes,7,Yes,Yes,No,No internet service,No internet service,No internet service,No internet service,No internet service,No internet service,One year,Yes,Electronic check,42.81,294.85,No
3335-SAQPF,Male,0,Yes,No,0,Yes,No,No,No internet service,No internet service,No internet service,No internet service,No internet service,No internet service,Month-to-month,No,Bank transfer (automatic),42.19, ,No
7920-BZWEM,Male,0,No,No,51,Yes,Yes,DSL,Yes,No,No,No,Yes,No,Month-to-month,Yes,Electronic check,74.9,3811.03,No
2772-QJMYQ,Female,0,No,No,6,Yes,No,DSL,No,No,No,No,No,Yes,One year,No,Electronic check,71.51,450.25,Yes
8803-RMACN,Male,0,Yes,No,38,Yes,No,DSL,No,No,No,No,Yes,No,Two year,No,Electronic check,68.19,2583.64,No
5535-NWCRT,Male,0,No,No,24,Yes,No,DSL,No,Yes,Yes,No,No,Yes,Month-to-month,Yes,Mailed check,85.17,2018.28,Yes
6810-FKBEV,Female,0,Yes,No,68,Yes,Yes,Fiber optic,No,No,No,No,Yes,Yes,One year,Yes,Mailed check,99.57,6787.72,No
6556-WSFVS,Male,0,No,No,22,Yes,Yes,No,No internet service,No internet service,No internet service,No internet service,No internet service,No internet service,Month-to-month,No,Credit card (automatic),32.33,724.02,No
2724-AUTCM,Female,0,No,No,7,Yes,No,DSL,Yes,Yes,No,Yes,No,No,Two year,No,Electronic check,84.4,604.42,No
9223-VVKCJ,Female,0,Yes,No,9,Yes,No,Fiber optic,No,Yes,No,Yes,No,Yes,Month-to-month,No,Credit card (automatic),112.59,1022.18,No
7181-WRAQE,Female,0,No,No,72,Yes,No,No,No internet service,No internet service,No internet service,No internet service,No internet service,No internet service,Month-to-month,No,Electronic check,43.12,3116.87,No
6486-KNQRA,Male,0,No,No,70,Yes,No,DSL,No,Yes,No,Yes,Yes,No,Month-to-month,No,Electronic check,88.19,6154.5,No
9694-PNKCR,Male,0,No,No,9,Yes,Yes,Fiber optic,Yes,No,Yes,No,No,No,Month-to-month,Yes,Electronic check,106.51,956.86,Yes
4269-XRLAP,Female,1,No,No,24,Yes,Yes,DSL,No,No,No,No,No,Yes,One year,Yes,Bank transfer (automatic),62.92,1511.47,No
8607-MRCKV,Female,0,Yes,Yes,2,Yes,No,Fiber optic,No,Yes,No,Yes,No,No,Two year,Yes,Electronic check,105.94,233.58,No
4811-XKVRY,Female,0,No,No,59,Yes,Yes,DSL,Yes,Yes,No,Yes,Yes,No,One year,Yes,Electronic check,89.83,5277.84,No
5796-MJRZE,Male,1,No,No,65,Yes,No,DSL,No,No,Yes,No,No,No,Month-to-month,Yes,Mailed check,75.86,4909.24,Yes
9426-ZUPWG,Male,0,No,No,51,Yes,Yes,DSL,No,Yes,No,Yes,Yes,No,Two year,Yes,Electronic check,81.84,4177.18,No
6704-VVQKY,Female,0,No,No,36,Yes,Yes,Fiber optic,No,Yes,No,Yes,No,No,Month-to-month,Yes,Bank transfer (automatic),95.47,3436.77,No
7062-UQXMP,Male,0,Yes,Yes,26,Yes,No,Fiber optic,No,Yes,Yes,Yes,No,Yes,One year,Yes,Mailed check,113.61,2971.89,No
8234-NFUKC,Male,0,Yes,Yes,20,Yes,No,No,No internet service,No internet service,No internet service,No internet service,No internet service,No internet service,Month-to-month,Yes,Electronic check,34.99,694.69,No
4354-BXZGX,Male,0,No,Yes,52,Yes,Yes,DSL,No,No,Yes,No,Yes,No,Month-to-month,Yes,Credit card (automatic),81.77,4240.24,No
7402-YDBYG,Female,0,Yes,No,41,Yes,No,DSL,No,No,Yes,Yes,No,No,Month-to-month,No,Electronic check,85.23,3503.17,No
6366-XJCUL,Male,0,No,No,33,Yes,No,DSL,No,Yes,No,No,No,No,Two year,No,Electronic check,71.8,2361.27,No
1203-JNXFN,Male,1,Yes,Yes,27,Yes,Yes,No,No internet service,No internet service,No internet service,No internet service,No internet service,No internet service,Month-to-month,No,Bank transfer (automatic),38.22,1022.24,No
2632-GGNRC,Male,0,No,No,53,No,No phone service,Fiber optic,Yes,No,Yes,No,No,No,One year,Yes,Credit card (automatic),80.06,4234.65,No
1682-THQBQ,Female,0,No,No,72,No,No phone service,DSL,No,No,No,No,Yes,Yes,Month-to-month,Yes,Mailed check,57.68,4174.03,No
9183-LPHGB,Female,0,Yes,No,8,Yes,Yes,No,No internet service,No internet service,No internet service,No internet service,No internet service,No internet service,Month-to-month,No,Credit card (automatic),43.2,355.23,No
5310-YCKWM,Female,0,No,No,56,Yes,Yes,No,No internet service,No internet service,No internet service,No internet service,No internet service,No internet service,Two year,No,Electronic check,47.08,2629.46,No
7843-KQZQV,Male,1,Yes,Yes,33,Yes,Yes,DSL,No,No,No,No,No,Yes,One year,Yes,Electronic check,70.51,2348.6,No
7241-CDQJM,Male,0,Yes,No,47,Yes,No,DSL,Yes,No,No,Yes,No,Yes,Month-to-month,No,Bank transfer (automatic),79.84,3758.61,No
5350-VZZBT,Male,0,Yes,Yes,58,Yes,Yes,Fiber optic,Yes,No,No,No,Yes,Yes,One year,Yes,Bank transfer (automatic),111.78,6473.18,No
7526-WLNLJ,Female,0,Yes,No,23,Yes,Yes,DSL,No,No,No,No,No,No,Two year,No,Electronic check,66.77,1537.48,No
3221-RATWF,Female,0,Yes,No,14,Yes,Yes,DSL,Yes,No,Yes,No,Yes,Yes,Month-to-month,Yes,Bank transfer (automatic),83.63,1184.58,Yes
2922-NWCLF,Male,0,Yes,Yes,1,No,No phone service,Fiber optic,No,No,Yes,No,No,No,Month-to-month,Yes,Bank transfer (automatic),80.39,66.76,Yes
8667-XCDDV,Male,0,Yes,No,70,Yes,No,Fiber optic,No,Yes,No,No,No,Yes,Month-to-month,Yes,Electronic check,101.49,7108.16,No
9104-JDRXX,Male,0,Yes,No,58,No,No phone service,DSL,No,No,No,No,Yes,No,Month-to-month,Yes,Electronic check,53.01,3055.43,Yes
5004-UYVMG,Female,0,Yes,Yes,52,Yes,Yes,DSL,No,No,No,No,No,No,Month-to-month,Yes,Mailed check,67.85,3548.3,No
4347-JZTWU,Female,0,No,No,3,Yes,Yes,DSL,Yes,Yes,No,No,No,No,One year,Yes,Mailed check,74.95,217.4,No
5287-URTHF,Male,0,Yes,Yes,67,Yes,No,Fiber optic,No,Yes,No,Yes,Yes,No,One year,No,Mailed check,108.65,7285.43,No
2621-GZYDP,Male,0,Yes,Yes,8,Yes,No,DSL,No,No,No,No,Yes,No,Month-to-month,Yes,Credit card (automatic),77.09,619.42,No
9462-UQQHY,Female,1,Yes,Yes,21,Yes,Yes,DSL,No,No,No,No,No,No,Month-to-month,No,Electronic check,66.84,1424.43,Yes
1747-WWGNX,Female,0,Yes,No,42,Yes,Yes,Fiber optic,No,No,No,No,No,No,Month-to-month,No,Bank transfer (automatic),85.75,3596.69,No
5267-HBLGW,Female,0,Yes,Yes,0,Yes,No,DSL,No,No,No,No,No,Yes,Month-to-month,Yes,Credit card (automatic),70.64, ,No
8749-HFGKS,Female,0,No,No,55,Yes,Yes,Fiber optic,Yes,No,No,Yes,No,No,Two year,Yes,Mailed check,107.3,5914.89,No
2370-ZSDHS,Female,0,No,No,67,Yes,Yes,DSL,No,No,Yes,No,Yes,Yes,Month-to-month,No,Bank transfer (automatic),81.5,5492.89,Yes
5534-NAKQT,Female,0,No,No,29,Yes,Yes,Fiber optic,No,Yes,No,No,No,No,Month-to-month,Yes,Bank transfer (automatic),97.87,2851.92,Yes
5022-PFVST,Female,0,No,No,8,Yes,No,DSL,No,Yes,Yes,No,Yes,No,Two year,No,Electronic check,88.98,719.67,No
7011-ZXVJB,Female,1,No,No,43,Yes,No,DSL,Yes,Yes,No,No,Yes,No,Month-to-month,No,Mailed check,80.59,3468.18,Yes
1006-UXRTC,Male,0,Yes,No,56,No,No phone service,Fiber optic,No,No,No,No,Yes,No,Two year,Yes,Electronic check,76.14,4239.22,No
6088-QDUJE,Male,0,Yes,Yes,71,Yes,No,No,No internet service,No internet service,No internet service,No internet service,No internet service,No internet service,Month-to-month,No,Credit card (automatic),37.09,2620.69,No
7263-LNPQK,Male,0,No,Yes,19,Yes,No,DSL,No,No,No,Yes,Yes,Yes,Two year,Yes,Electronic check,82.14,1559.49,No
8331-XMEGU,Male,0,No,No,20,Yes,No,DSL,No,No,No,No,Yes,No,Month-to-month,Yes,Electronic check,74.17,1505.33,Yes
3309-URLDN,Male,0,No,No,6,Yes,No,Fiber optic,No,No,No,Yes,No,Yes,One year,Yes,Mailed check,98.37,568.38,No
7234-DVEKN,Female,1,No,No,3,No,No phone service,Fiber optic,No,Yes,Yes,No,Yes,Yes,Month-to-month,Yes,Mailed check,93.61,279.88,Yes
7650-FJVHQ,Male,0,No,No,53,No,No phone service,Fiber optic,No,No,Yes,No,No,Yes,Month-to-month,No,Mailed check,75.91,3994.15,No
4579-BNJGW,Female,1,No,Yes,16,Yes,No,Fiber optic,No,No,No,No,Yes,No,Month-to-month,Yes,Bank transfer (automatic),96.17,1536.74,No
7967-GNTBC,Female,0,No,No,22,Yes,No,Fiber optic,No,No,No,No,No,No,Month-to-month,Yes,Credit card (automatic),88.79,1935.81,No
5858-YYLSM,Male,0,No,No,32,Yes,Yes,DSL,No,Yes,Yes,No,No,No,Month-to-month,Yes,Mailed check,71.82,2295.18,No
9141-PXJYT,Male,0,Yes,Yes,5,Yes,No,Fiber optic,No,No,No,Yes,No,No,Month-to-month,Yes,Bank transfer (automatic),92.7,432.71,Yes
7908-AVDYE,Female,0,Yes,Yes,56,Yes,No,DSL,No,Yes,Yes,No,Yes,No,Month-to-month,Yes,Electronic check,94.71,5286.21,Yes
8433-RKXKB,Male,0,Yes,No,41,No,No phone service,Fiber optic,No,Yes,No,No,No,Yes,One year,Yes,Credit card (automatic),79.38,3265.56,No
1680-WKVAB,Male,0,Yes,Yes,30,Yes,No,DSL,No,No,No,No,No,Yes,One year,Yes,Electronic check,67.45,2018.57,No
9891-DSJNC,Female,0,No,No,17,Yes,Yes,Fiber optic,No,No,No,No,Yes,Yes,One year,Yes,Bank transfer (automatic),105.54,1792.89,Yes
3401-UNNYK,Male,0,No,No,42,Yes,No,No,No internet service,No internet service,No internet service,No internet service,No internet service,No internet service,One year,Yes,Credit card (automatic),37.33,1568.59,No
8232-TMHJW,Male,0,Yes,Yes,52,Yes,No,No,No internet service,No internet service,No internet service,No internet service,No internet service,No internet service,Month-to-month,No,Bank transfer (automatic),45.02,2341.52,No
3752-RCJYN,Female,0,Yes,No,41,Yes,Yes,No,No internet service,No internet service,No internet service,No internet service,No internet service,No internet service,Month-to-month,Yes,Mailed check,45.01,1834.83,No
8401-GUZYL,Female,1,No,No,55,Yes,No,DSL,No,No,Yes,No,Yes,No,One year,Yes,Mailed check,76.34,4217.97,No
7135-XVZAN,Female,0,No,No,35,Yes,No,Fiber optic,Yes,Yes,No,Yes,Yes,No,Month-to-month,Yes,Electronic check,118.75,4189.87,No
8123-TDPDC,Male,0,No,No,8,Yes,Yes,DSL,Yes,No,No,No,Yes,Yes,One year,Yes,Bank transfer (automatic),83.49,657.11,No
2003-YGLGX,Female,0,Yes,No,11,Yes,No,Fiber optic,No,No,No,No,No,No,Month-to-month,Yes,Mailed check,85.78,949.28,Yes
8999-RVCZL,Female,0,Yes,Yes,58,No,No phone service,Fiber optic,No,No,Yes,No,Yes,No,Month-to-month,No,Bank transfer (automatic),85.56,4974.54,No
4604-EXEWT,Male,0,Yes,Yes,4,No,No phone service,Fiber optic,No,No,Yes,No,Yes,No,One year,Yes,Electronic check,85.92,351.83,Yes
7947-ATZKL,Male,1,Yes,Yes,33,No,No phone service,DSL,No,Yes,No,No,No,Yes,Month-to-month,Yes,Bank transfer (automatic),55.77,1847.02,No
2008-MSHTC,Female,1,Yes,No,14,Yes,No,Fiber optic,No,No,No,No,No,Yes,Two year,Yes,Electronic check,98.21,1376.25,No
7066-QFJFQ,Female,0,Yes,Yes,55,No,No phone service,No,No internet service,No internet service,No internet service,No internet service,No internet service,No internet service,Month-to-month,No,Mailed check,18.25,1005.21,No
6730-PEFVM,Male,0,Yes,No,19,No,No phone service,Fiber optic,Yes,No,No,No,No,Yes,Month-to-month,Yes,Electronic check,82.22,1560.53,Yes
4920-HYFUU,Female,0,No,No,55,No,No phone service,Fiber optic,Yes,Yes,Yes,No,Yes,No,One year,No,Bank transfer (automatic),94.46,5211.92,No
3190-AFGTN,Male,1,Yes,No,13,Yes,No,Fiber optic,No,No,No,Yes,Yes,No,Two year,Yes,Electronic check,103.51,1337.38,No
4873-MYYAW,Female,0,No,No,44,Yes,No,Fiber optic,Yes,Yes,No,Yes,Yes,Yes,Month-to-month,Yes,Bank transfer (automatic),117.2,5139.03,No
4250-UZNQL,Female,0,Yes,Yes,14,Yes,No,DSL,Yes,No,Yes,Yes,Yes,Yes,Month-to-month,Yes,Credit card (automatic),96.24,1336.6,No
8969-DSNEY,Male,0,No,No,19,Yes,No,DSL,Yes,Yes,Yes,No,Yes,No,Month-to-month,Yes,Bank transfer (automatic),92.1,1733.88,No
9294-TFSTT,Female,0,No,No,39,Yes,No,DSL,No,Yes,Yes,No,Yes,Yes,Two year,Yes,Credit card (automatic),91.43,3554.47,No
4555-VVHVC,Female,0,No,No,11,Yes,Yes,Fiber optic,No,No,No,No,Yes,No,Two year,Yes,Electronic check,99.51,1112.93,No
8388-UTHJB,Female,0,Yes,No,68,Yes,Yes,DSL,No,No,Yes,No,No,No,Two year,No,Mailed check,69.37,4697.14,No
9840-JUKDJ,Female,1,No,No,24,Yes,Yes,Fiber optic,Yes,Yes,No,Yes,No,No,Month-to-month,No,Mailed check,107.12,2593.53,No
6094-TSDDM,Male,0,Yes,No,71,No,No phone service,DSL,No,No,No,Yes,Yes,No,Month-to-month,No,Electronic check,56.5,3987.68,No
1608-KVCJA,Female,1,Yes,No,14,No,No phone service,Fiber optic,No,No,No,No,Yes,No,Month-to-month,No,Electronic check,79.79,1107.52,Yes
6634-CBDYF,Male,0,Yes,No,11,Yes,Yes,Fiber optic,No,No,No,No,No,Yes,One year,Yes,Bank transfer (automatic),98.01,1076.24,No
7018-WGKXB,Male,0,No,No,36,Yes,Yes,Fiber optic,No,No,Yes,Yes,No,Yes,Month-to-month,Yes,Bank transfer (automatic),111.71,4026.87,Yes
1321-JGXTU,Female,0,No,No,37,Yes,Yes,No,No internet service,No internet service,No internet service,No internet service,No internet service,No internet service,Month-to-month,No,Electronic check,39.95,1494.69,No
1084-FQXUR,Female,0,Yes,Yes,56,Yes,Yes,No,No internet service,No internet service,No internet service,No internet service,No internet service,No internet service,Month-to-month,Yes,Mailed check,40.43,2297.12,No
7329-CRFBR,Female,0,Yes,No,8,Yes,No,Fiber optic,No,No,No,No,Yes,No,Two year,Yes,Electronic check,101.11,828.07,No
5262-QJGTD,Male,0,No,No,52,Yes,No,Fiber optic,No,No,No,No,No,No,Month-to-month,Yes,Mailed check,85.62,4465.2,No
7171-AFQQC,Male,0,No,No,3,Yes,Yes,Fiber optic,No,Yes,No,Yes,Yes,No,One year,No,Electronic check,103.24,307.45,No
5647-USDSY,Female,0,No,Yes,46,Yes,Yes,Fiber optic,No,No,Yes,No,Yes,No,One year,No,Mailed check,104.97,4808.11,No
